0.0063,18,2.31,0,0.538,6.575,53.6166666666667,5.10226666666667,1,296,17.6833333333333,396.9,4.98
0.0438166666666667,18.8333333333333,3.38666666666667,0,0.469,7.185,61.1,4.9671,2,232.5,17.8,392.83,4.03
0.0691,0,2.18,0,0.458,7.147,49.2333333333333,6.0622,3,222,18.2333333333333,396.9,6.32833333333333
0.1446,12.5,7.87,0,0.524,5.94416666666667,96.1,3.22933333333333,5,311,15.2,396.9,19.15
0.2112,12.5,7.87,0,0.498816666666667,5.631,56.65,6.0821,4.66666666666667,311,19.65,386.63,29.93
0.221383333333333,12.5,7.87,0,0.524,6.004,75.5833333333333,4.21273333333333,5,311,15.2,386.71,14.9966666666667
0.2249,12.5,7.69833333333333,0.166666666666667,0.524,6.377,94.3,3.306,5,285.166666666667,15.2,392.52,20.45
0.1175,12.5,7.87,0,0.524,5.94666666666667,82.9,4.53135,5,311,15.2,396.9,13.27
0.206083333333333,12.5,6.02833333333333,0,0.524,5.889,39,4.73073333333333,4.83333333333333,311,17.5666666666667,392.936666666667,15.71
0.6298,0,8.57333333333333,0,0.555333333333333,6.03616666666667,61.8,3.49698333333333,3.5,307,21,396.9,14.58
0.461866666666667,0,8.11166666666667,0,0.533833333333333,6.03216666666667,65.6833333333333,4.4619,4.83333333333333,307,21,380.02,10.26
0.6274,0,8.14,0,0.538,5.834,56.5,4.4986,4.33333333333333,307,21,395.62,13.0633333333333
1.0539,0,9.08166666666667,0,0.538,5.935,29.3,4.82721666666667,4,313,21,393.346666666667,8.40666666666667
0.7842,0,8.14,0,0.538,5.99,81.7,4.2579,4.16666666666667,307,19.95,392.833333333333,14.67
0.7258,0,8.95666666666667,0,0.516833333333333,6.0425,69.5,3.7965,4.16666666666667,307,21,390.95,11.28
0.663733333333333,0,11.645,0,0.538,6.2205,89.2,4.0123,4.33333333333333,307,21,392.53,13.83
1.2325,0,8.14,0,0.538,6.18166666666667,91.7,3.9769,4,307,20.4833333333333,367.296666666667,18.72
0.9884,2.08333333333333,8.14,0,0.538,5.813,100,4.0952,4.16666666666667,307,21,394.54,19.88
0.7503,0,8.14,0,0.538,5.79716666666667,94.1,4.3996,4,307,21,394.33,17.48
1.00318333333333,0,8.14,0,0.5465,6.09633333333333,79.45,4.682,4,307,21,376.88,12.2283333333333
0.9558,0,8.14,0,0.538,6.047,88.8,4.21951666666667,4,307,21,365.668333333333,17.28
1.3547,0,8.70666666666667,0,0.538,6.04433333333333,83.0666666666667,4.175,4,292.666666666667,21,376.73,13.04
1.4613,0,8.14,0,0.538,6.09066666666667,95,3.7872,7.83333333333333,307,20.8666666666667,335.531666666667,18.995
1.0786,0,8.14,0,0.538,6.096,96.9,3.8882,4,307,21,248.31,20.34
0.0642,0,5.96,0,0.499,5.933,68.2,3.3603,5,279,18.95,396.9,9.68
0.0801,0,5.96,0,0.464833333333333,5.85,41.5,5.72635,5,279,19.2,396.9,12.225
0.1751,0,9.34333333333333,0,0.499,5.966,30.2,3.8473,5,309.833333333333,18.85,395.641666666667,10.13
0.0245166666666667,75,2.95,0,0.428,6.88333333333333,21.8,6.60343333333333,3,252,18.3,395.63,5.365
0.0336,75,4.465,0,0.428,7.024,15.8,5.4011,3.5,252,18.3,392.991666666667,1.98
0.1274,6.66666666666667,6.91,0,0.448,6.77,50.45,4.85876666666667,3,243,18.1666666666667,385.41,4.84
0.156016666666667,0,6.91,0,0.448,6.169,6.6,6.00585,4.16666666666667,233,17.9,383.37,6.12833333333333
0.1227,0,4.425,0,0.463166666666667,6.069,40,4.5667,3,233,17.9,389.39,9.55
0.11035,10.8333333333333,6.91,0,0.454333333333333,5.91466666666667,44.5166666666667,5.1004,3,233,17.9,396.9,10.43
0.2293,0,6.91,0,0.562166666666667,6.03,58.5333333333333,4.13361666666667,3,233,17.9,392.74,18.8
0.2539,4.16666666666667,6.91,0,0.499666666666667,5.399,68.8333333333333,5.87,3,267.666666666667,17.9,396.9,30.81
0.133466666666667,0,5.37833333333333,0,0.448,5.602,62,4.69848333333333,4.33333333333333,233,17.9,396.9,16.2
0.0542,8.5,5.64,0,0.439,5.963,45.7,6.8147,4.83333333333333,291,18.7166666666667,395.56,13.45
0.0434,21,5.64,0,0.439,6.115,63,6.8147,4.83333333333333,243,19.1833333333333,393.97,9.43
0.0616666666666667,21,5.64,0,0.439,5.998,21.4,6.8147,4,293,16.8,396.9,8.43
0.0136,15.0833333333333,4,0,0.489983333333333,6.006,47.6,7.3197,3,248.333333333333,21.1,396.9,14.8
0.0131,90,1.22,0,0.403,7.249,21.9,8.6966,5,226,17.9,395.93,4.06166666666667
0.0205,85,3.52333333333333,0,0.4155,6.44566666666667,35.7,7.35223333333333,2,267.666666666667,17.8333333333333,396.9,7.71
0.0846833333333333,25,5.13,0,0.453,6.145,33.5,7.8148,8,284,19.7,390.68,6.86
0.1033,25,5.13,0,0.453,5.927,40.65,5.64423333333333,8,284,18.4,396.9,9.22
0.1493,25,5.74,0,0.453,5.741,66.2,7.2254,8,305.166666666667,18.75,382.033333333333,13.15
0.1103,25,5.13,0,0.453,6.456,52.7333333333333,7.2255,8,284,19.7,388.353333333333,6.73
0.0195,17.5,1.38,0,0.4161,7.104,46.1333333333333,9.2229,3,216,18.6,392.668333333333,4.57833333333333
0.0764333333333333,80,3.37,0,0.398,5.787,31.1,6.6115,4,337,17.15,375.948333333333,10.24
0.0579,12.5,6.67833333333333,0,0.409,6.335,21.4,7.0516,4,281,18.9,394.433333333333,8.1
0.1355,12.5,6.07,0,0.454333333333333,5.79433333333333,36.8,5.62816666666667,4.16666666666667,293.666666666667,18.9,396.9,13.09
0.0883,0,10.81,0.333333333333333,0.413,6.417,40.2,5.2873,4,305,18.1166666666667,383.73,6.72
0.0916,0,10.81,0,0.413,6.065,37.3666666666667,5.52925,4,305,19.2,390.803333333333,5.52
0.0749333333333333,13.3333333333333,10.81,0,0.413,6.245,6.2,5.2873,4,300.166666666667,19.2,377.17,7.54
0.079,0,12.83,0,0.451666666666667,6.273,37.65,4.2515,5,398,18.7,394.92,6.78
0.0764166666666667,3.33333333333333,12.83,0,0.437,6.0025,45,5.05596666666667,4.33333333333333,398,18.7,394.258333333333,8.94
0.1015,0,10.5716666666667,0,0.437,6.279,74.5,4.0522,5,331.666666666667,19.0333333333333,393.986666666667,12.9183333333333
0.0565,0,12.83,0,0.437,6.02966666666667,53.7,5.0141,4.16666666666667,398,18.7,386.4,9.65333333333333
0.218516666666667,0,12.83,0,0.437,5.9655,60.5333333333333,4.40315,3.66666666666667,398,18.7,396.06,11.2533333333333
0.0411,25,4.86,0,0.447,6.66616666666667,33.5,5.4007,3.33333333333333,291.833333333333,19,396.048333333333,5.29
0.0446,17.5,3.73333333333333,0,0.447666666666667,6.619,46.1166666666667,5.48288333333333,4,281,19,395.63,7.24333333333333
0.159666666666667,25,4.86,0,0.434816666666667,6.302,32.2,5.4007,4,281,16.7833333333333,390.471666666667,6.72
0.0355,25,4.86,0,0.426,6.3765,46.7,6.39895,4,281,16.8666666666667,390.64,7.51
0.0506,0,7.34,0,0.485166666666667,6.079,45.5166666666667,4.7794,3,262.5,18.5,396.9,9.62
0.0573,4.16666666666667,4.49,0,0.449,6.63,56.1,4.4377,4,241,18.5,392.3,6.53
0.0519,0,4.49,0,0.449,6.015,45.1,5.50348333333333,3,247,18.5,393.981666666667,12.86
0.0715,0,4.49,0,0.485166666666667,6.121,56.8,3.7476,4.5,247,18.5,395.15,8.44
0.1414,0,7.395,0,0.489,6.58333333333333,63.1,3.4145,2,270,17.8,388.933333333333,11.0266666666667
0.2008,0,3.41,0,0.489,6.2445,66.1,3.0923,2,263.833333333333,17.8,393.1,6.38666666666667
0.104283333333333,4.16666666666667,15.04,0,0.464,6.211,28.9,3.6659,4.66666666666667,270,18.2,391.651666666667,6.21
0.257833333333333,0,2.89,0,0.445,6.625,46.7833333333333,5.80631666666667,2,276,18,357.98,6.65
0.110516666666667,0,2.89,0.166666666666667,0.445,6.163,34.2833333333333,3.4952,3.66666666666667,276,18,391.83,11.34
0.1208,19.1666666666667,2.89,0,0.445,8.069,39.3,3.4952,3.66666666666667,276,18,396.9,4.21
0.0819,0,2.89,0,0.445,7.652,36.9,3.4952,4,276,18.0166666666667,393.53,4.655
0.0686,14.1666666666667,2.89,0,0.445,7.416,62.5,3.4952,4,276,18,392.465,5.645
0.1487,0,8.15333333333333,0.166666666666667,0.52,6.727,79.9,2.7778,5,343.166666666667,20.9,394.76,9.29833333333333
0.1143,0,8.56,0,0.505833333333333,6.781,71.3,3.54401666666667,5.16666666666667,384,20.9,395.58,7.67
0.2116,0,8.56,0,0.52,6.137,78.6833333333333,3.69018333333333,5,384,20.9,394.47,12.8666666666667
0.16015,0,8.56,0,0.52,6.167,72.7833333333333,2.421,5,384,20.9,392.69,12.33
0.1326,0,8.74166666666667,0,0.5205,5.851,66.3166666666667,3.76708333333333,5,384,20.9,394.05,13.6583333333333
0.1712,0,8.56,0,0.52,5.836,91.9,3.03933333333333,5,357.666666666667,20.2333333333333,395.67,18.66
0.1312,0,12.0883333333333,0,0.570833333333333,6.127,85.2,2.1224,8.16666666666667,384,20.9,387.69,14.0733333333333
0.128,0,8.56,0,0.52,6.474,97.1,3.465,5,384,20.9,395.24,12.27
0.2636,0,9.26666666666667,0,0.5255,6.229,91.2,2.16615,5,384,20.9,391.23,15.0016666666667
0.1079,0,8.56,0,0.52,6.195,54.4,2.7778,5,352.666666666667,19.4,393.49,13
0.2871,0,10.01,0,0.547,6.715,81.6,3.13136666666667,6,432,20.6166666666667,395.59,9.41166666666667
0.2221,0,14.8566666666667,0,0.547,5.94183333333333,84.2333333333333,3.67731666666667,4.16666666666667,432,17.8,396.9,17.09
0.1423,3.33333333333333,10.01,0,0.547,6.254,84.2,3.10658333333333,6,432,18.5833333333333,395.031666666667,10.45
0.151,0,10.01,0,0.547,6.021,76.8333333333333,3.27261666666667,5.83333333333333,390.166666666667,17.8,392.468333333333,10.3
0.213983333333333,0,10.01,0,0.542166666666667,5.872,73.1,2.4775,6,432,17.8,391.178333333333,11.15
0.1448,0,10.01,0,0.547833333333333,5.731,66.8666666666667,2.7592,6,432,17.8,389.648333333333,13.61
0.069,0,25.65,0,0.581,5.87,70.6166666666667,2.2577,4.33333333333333,188,19.1,389.15,14.37
0.1504,0,25.65,0,0.581,5.856,97,2.92218333333333,2,188,19.1,370.31,16.2533333333333
0.208333333333333,0,25.65,0,0.581,5.99116666666667,95.8,2.0063,2,265.333333333333,19.1,379.38,17.58
0.169,0,25.65,0,0.581,5.986,77.5333333333333,1.9929,2.83333333333333,281.5,19.1,385.02,14.81
0.3874,0,12.365,0,0.581,5.613,82.55,3.85668333333333,2,303,19.1,381.878333333333,13.4283333333333
0.3254,0,19.995,0,0.624,6.431,89.9,1.8125,4,437,21.2,388.87,15.39
0.3401,0,21.89,0,0.624,6.458,98.9,2.1185,4,437,19.3666666666667,395.04,12.6
0.59,0,21.89,0,0.624,6.372,97.9,2.3274,3.66666666666667,437,21.2,385.76,11.12
0.78505,0,21.89,0,0.6895,5.99033333333333,98.4,2.346,7.5,437,21.2,387.418333333333,19.5283333333333
0.346366666666667,0,22.5166666666667,0,0.598833333333333,6.05766666666667,93.5,1.9669,4,437,21.2,378.25,16.21
0.313366666666667,0,21.89,0,0.624,6.13116666666667,98.4,1.8498,4,437,21.2,394.08,14.59
2.66981666666667,0,21.89,0,0.617,5.857,97.7833333333333,1.9599,4,437,21.2,392.04,21.32
0.871816666666667,0,21.89,0.333333333333333,0.654833333333333,6.151,91.2833333333333,1.6687,4,453.5,21.2,396.9,18.46
0.2909,0,21.89,0,0.624,6.174,93.6,1.6119,4,437,21.2,388.08,24.16
6.93498333333333,0,18.7316666666667,0,0.624,6.2565,100,1.4394,17.5,635.333333333333,21.2,396.9,34.41
3.3211,0,19.58,1,0.871,5.334,99.15,1.3216,8,403,14.7,396.9,26.82
5.04006666666667,0,19.58,0,0.793,5.63833333333333,100,1.4118,5,403,14.7,396.9,26.42
2.1551,0,19.58,0,0.871,5.628,100,1.5166,5.16666666666667,403,14.7,169.27,16.65
2.331,0,19.58,0,0.649333333333333,5.55333333333333,93.8,1.5296,5.16666666666667,401,14.7,312.406666666667,15.6716666666667
2.734,0,19.58,0.5,0.871,5.597,94.9,1.5257,5,384.5,16.6666666666667,351.85,21.45
2.48156666666667,0,19.58,0.333333333333333,0.871,6.122,97.3,1.618,5,403,15.3666666666667,320.42,14.1
1.4963,0,19.58,0.166666666666667,0.653166666666667,5.404,95.4166666666667,1.5916,5,403,16.8166666666667,346.243333333333,13.28
1.1266,0,19.58,1,0.871,5.94883333333333,88,1.6102,5,403,14.7,343.28,12.12
3.535,0,19.58,0,0.797,6.152,93.2833333333333,1.7455,17.6666666666667,403,14.7,88.01,15.02
2.4467,0,19.58,0,0.829833333333334,5.272,97.2,1.7364,5,403,14.7,223.823333333333,16.14
1.3428,0,19.58,0,0.605,6.066,94.0166666666667,1.7573,5,408.666666666667,14.7,353.89,13.2533333333333
1.65273333333333,0,19.3333333333333,0,0.871,6.51,86.7833333333333,2.57536666666667,5,407.833333333333,14.7,364.31,16.1816666666667
1.2735,0,19.58,1,0.738,6.25,92.6,1.7984,5,403,14.7,338.92,5.5
1.99906666666667,0,18.0583333333333,0,0.605,7.489,90.8,1.9709,5,423.666666666667,14.7,374.43,1.73
1.8338,0,19.58,1,0.605,7.802,98.2,2.0407,5,403,14.7,310.055,1.92
1.95281666666667,0,19.58,1,0.605,8.375,93.9,2.162,5,403,14.7,337.653333333333,3.32
2.2424,0,19.58,0,0.605,5.854,91.8,2.422,5,403,15.7333333333333,395.11,11.64
2.0102,0,19.58,0.166666666666667,0.605,7.929,96.2,2.0459,5,403,15.2166666666667,369.3,3.7
1.8003,0,19.58,0,0.605,6.12266666666667,92.85,2.4259,5,403,14.7,227.61,12.14
2.3004,0,19.58,0,0.605,6.319,92.4666666666667,2.1,5,403,14.7,297.09,11.1
1.0591,0,19.58,0,0.605,6.17916666666667,95.2,2.12371666666667,5,403,15.2166666666667,330.04,11.32
2.31616666666667,0,19.58,0,0.605,5.875,94.6,1.92381666666667,8.16666666666667,403,14.7,292.29,15.0233333333333
1.15468333333333,0,19.58,0,0.605,5.88,97.3,2.3887,5,403,14.7,348.13,12.03
0.05805,0,4.05,0,0.51,5.572,45.35,4.14406666666667,5,296,16.6,396.9,14.69
0.0775333333333333,0,4.05,0,0.51,6.416,84.1,2.81721666666667,5,296,16.6,390.631666666667,9.04
0.0845,0,4.05,0,0.496666666666667,5.859,68.7,2.7019,5,269.666666666667,16.6,393.23,9.64
0.0666,0,4.05,0,0.484333333333333,6.337,33.1,4.70473333333333,5,296,17.5166666666667,393.725,5.33
0.0702,0,4.06166666666667,0,0.51,6.02,68.75,3.03133333333333,4.5,287.833333333333,16.6,393.23,10.7733333333333
0.0542,4.16666666666667,4.74666666666667,0,0.51,6.315,73.4,4.72375,5,296,16.6,395.6,6.29
0.0664,0,4.05,0,0.51,6.86,52.8333333333333,2.9153,5,296,16.6,391.27,6.92
0.0659,0,2.46,0,0.488,7.765,83.3,2.741,3,193,17.8,395.56,7.56
0.0689,0,5.16333333333333,0,0.488,6.144,62.2,2.5979,3,193,17.8,396.9,9.45
0.091,0,6.08166666666667,0,0.488,7.155,92.2,2.7006,3,193,17.4333333333333,394.12,4.82
0.1001,0,2.46,0,0.488,7.3115,95.6,2.847,3,227.166666666667,17.1666666666667,396.9,5.68
0.0831,0,2.46,0,0.490166666666667,5.604,47.95,2.9879,3.83333333333333,253.166666666667,17.8,391,13.98
0.09165,0,2.46,0.166666666666667,0.488,6.153,50.5,3.2797,3,193,17.8,392.88,13.15
0.056,14.1666666666667,2.615,0.333333333333333,0.455116666666667,7.831,53.6,5.17565,3,193,16.9333333333333,392.63,4.45
0.159333333333333,45,5.33333333333333,0,0.477316666666667,7.7305,53.2166666666667,3.7886,5,398,15.2,388.031666666667,6.68
0.1258,45,6.21,0,0.437,7.07,29.1,5.95523333333333,5,398,15.2,382.84,4.56
0.0719833333333333,15,3.44,0,0.437,6.6035,38.9,4.5667,5,398,15.2,396.9,4.90833333333333
0.0691,16.6666666666667,3.44,0,0.437,6.739,30.8,4.99523333333333,5,290,17.9666666666667,384.658333333333,4.69
0.0866,35.8333333333333,5.34,0,0.437,7.26466666666667,26.3,6.4798,5,398,15.2,390.49,5.07
0.0219,27.0833333333333,5.24333333333333,0,0.453483333333333,6.8,9.9,6.04846666666667,1,265,15.6,393.37,4.67
0.0665,80,4.07666666666667,0,0.4292,7.875,32,5.6484,4,255,16.1333333333333,391.948333333333,2.97
0.1227,80,3.42,0,0.421516666666667,7.287,34.1,7.309,2,301.166666666667,12.6,391.758333333333,4.08
0.0345,38.8333333333333,2.03,0,0.446166666666667,6.162,38.4,6.27,4.33333333333333,348,14.7,393.77,7.43
0.0218,82.5,2.03,0,0.433483333333333,7.61,15.7,6.27,2,348,14.7,395.38,3.11
0.0201,95,2.54166666666667,0,0.4161,8.034,31.9,5.118,4,224,16.25,390.55,4.85833333333333
0.1818,0,10.59,0,0.489,5.891,22.3,3.9454,3.66666666666667,277,18.3333333333333,396.9,10.87
0.122566666666667,0,10.59,0,0.489,6.326,61.5166666666667,3.75978333333333,4,298.5,18.6,392.066666666667,10.97
0.267116666666667,0,10.59,0,0.489,5.783,69.75,4.3549,4,277,18.15,389.43,18.06
0.1359,0,10.59,1,0.489,6.064,59.1,4.2392,4,304.333333333333,18.6,381.32,14.66
0.2286,0,13.5866666666667,0,0.570833333333333,5.344,64.2,3.875,4,277,18.4166666666667,396.9,23.09
0.214766666666667,0,10.59,1,0.489,5.96,92.1,3.8771,4,277,18.6,393.25,17.27
0.3758,0,10.59,0,0.535166666666667,5.404,88.6,3.665,4,277,18.0833333333333,389.521666666667,23.98
0.0948666666666667,0,10.59,1,0.489,5.807,53.8,4.6181,4.16666666666667,293,18.6,390.995,16.03
0.1405,0,10.59,0,0.489,6.375,32.3,3.9454,4,272.5,18.6,395.49,9.38
0.2895,0,10.59,0,0.489,6.21533333333333,9.8,3.5875,4,277,18.6,348.93,10.6283333333333
0.0456,0,13.89,1,0.485166666666667,6.0085,56,4.43791666666667,5,363.333333333333,16.4,385.89,13.51
0.334383333333333,0,8.75,1,0.55,6.373,70.8666666666667,3.3633,5.83333333333333,308.333333333333,16.4,393.74,10.5
0.3153,0,6.2,0,0.504,8.266,59.6,2.8944,7.5,336.166666666667,17.4,385.05,4.14
0.537133333333333,0,6.2,0.166666666666667,0.504,8.725,75.2166666666667,2.8944,7,307,17.4,387.173333333333,4.63
0.3821,0,6.2,0,0.504,8.04,79.1833333333334,3.2157,8,307,17.4,387.38,3.13
0.4124,0,6.2,0,0.5295,7.41566666666667,57.4833333333333,3.2157,8,297,16.9,372.08,5.40833333333333
0.2982,3.33333333333333,6.2,0,0.504,7.686,17,3.11575,8,307,17.4,377.51,3.92
0.537,0,6.2,0,0.514,5.981,57.8833333333333,3.6715,6.5,307,17.4,378.35,11.65
0.5753,0,6.2,0,0.519666666666667,8.337,73.3,3.8384,8,296.833333333333,16.2666666666667,385.91,4.94
0.3315,3.33333333333333,6.2,0,0.507,7.47866666666667,70.4,3.6519,8,307,17.4,378.95,5.61666666666667
0.3305,0,6.2,0,0.507,6.3205,65.9,4.13165,8,307,17.4,376.75,10.0833333333333
0.18315,0,6.2,1,0.507,6.631,76.5,4.148,8,299.833333333333,18.1,388.45,7.36666666666667
0.29735,0,5.18833333333333,0,0.507,7.358,71.6,3.35396666666667,8,307,17.4,385.1,4.21833333333333
0.0926833333333333,15.3333333333333,4.93,0,0.428,6.2935,51.2166666666667,5.72323333333333,3.16666666666667,310.333333333333,16.6,388.296666666667,6.36
0.0925,34,4.93,0,0.4255,6.606,42.2,6.1899,5.66666666666667,300,16.7833333333333,383.78,7.37
0.1133,14.8333333333333,5.37333333333333,0.166666666666667,0.428,6.07933333333333,54.3,6.3361,6,300,16.6,390.428333333333,11.38
0.1061,30,4.93,0,0.428,6.294,65.1,6.3361,5.16666666666667,300,17.5833333333333,394.62,8.78833333333333
0.1029,26.3333333333333,4.93,0,0.428,6.11,52.9,7.0355,6,300,16.6,372.75,11.22
0.1276,30,4.93,0,0.428,6.393,21.7166666666667,6.53261666666667,6,300,16.6,374.71,5.19
1.52923333333333,0,10.12,0.166666666666667,0.50915,5.593,76.5,4.20821666666667,7,330,19.1,372.49,14.84
0.1913,11.5,8.045,0,0.431,5.605,54.15,7.9549,7,330,19.1,389.13,18.9216666666667
0.3398,22,7.50166666666667,0,0.431,6.108,34.9,5.00786666666667,4.83333333333333,292.166666666667,18.6666666666667,390.18,7.83833333333333
0.117233333333333,22,5.86,0,0.431,6.36166666666667,17.5,7.8265,7,330,19.2166666666667,394.42,6.56
0.07505,22,5.86,0,0.431,6.487,29.5,7.3967,7,339.333333333333,19.1,396.28,5.9
0.12885,28.6666666666667,6.49833333333333,0,0.431,6.438,8.9,7.3967,7,330,18.4,377.07,3.59
0.0822,10.8333333333333,5.86,0,0.476166666666667,6.957,31.15,5.10526666666667,7,297.666666666667,19.1,386.09,3.53
0.0995666666666667,10.3333333333333,5.86,0,0.431,8.259,8.4,5.00716666666667,5.33333333333333,330,15.65,396.9,3.54
0.0409333333333333,25.25,5.68166666666667,0,0.392,6.108,32,9.2203,1,315,16.4,367.321666666667,9.46
0.0154,90,3.75,0,0.394,7.454,34.2,6.3361,3,235,15.9,386.34,3.11
0.6115,20,7.77333333333333,0.5,0.635,8.704,86.9,1.801,3.33333333333333,264,14.9833333333333,383.466666666667,5.675
0.414333333333333,20,3.97,0,0.5095,6.97966666666667,100,3.41761666666667,5,289,13,383.29,6.40333333333333
0.6566,14.1666666666667,3.97,0,0.577666666666667,6.842,80.4166666666667,2.0107,5,264,16.7166666666667,391.93,6.9
0.5401,20,3.97,0,0.542333333333333,6.77583333333333,81.8,2.6259,5.33333333333333,264,16.3666666666667,390.991666666667,9.59
0.5341,20,10.6816666666667,0,0.647,7.52,89.4,2.83305,5,264,13,388.37,7.26
0.5201,20,3.97,0,0.5565,8.398,91.5,2.87333333333333,4.33333333333333,264,16.3333333333333,386.86,5.91
0.5501,20,3.97,0,0.647,7.206,90.75,1.9301,5.16666666666667,264,17.4333333333333,385.353333333333,8.1
0.7616,20,5.315,0,0.545166666666667,5.56,62.8,1.9865,5,264,13,392.4,10.45
1.36971666666667,0,17.1,0,0.613333333333333,6.797,84.6,2.1329,9,264,18.2166666666667,387.628333333333,14.79
0.5405,20,3.97,0,0.4763,7.47,72.5333333333333,2.872,5,264,13,390.3,3.16
0.12395,20,6.96,1,0.464,5.85366666666667,61.5,5.20008333333333,4.33333333333333,223,18.6,391.34,13.65
0.08585,20,6.96,0,0.464,5.856,54.1833333333333,4.429,4.66666666666667,253,18.6,382.758333333333,13
0.1621,20,6.96,0,0.464,5.79716666666667,16.3,4.92675,3,223,18.6,396.9,9.22166666666667
0.108233333333333,13.3333333333333,6.41,0,0.447,6.758,32.9,4.48025,4,254,17.6,396.188333333333,5.285
0.096,40,6.41,0,0.447,6.854,42.8,4.2673,4,254,17.6,396.9,2.98
0.1047,40,6.41,1,0.447,6.8455,34.9166666666667,5.05175,4,290.666666666667,17.6,389.25,6.05
0.0798,40,6.41,0,0.437333333333333,6.36316666666667,32.1,5.66468333333333,4,254,17.6,396.9,7.19
0.2104,20,6.48833333333333,0,0.4429,6.812,32.2,4.1007,4.16666666666667,297.833333333333,14.9,385.703333333333,4.85
0.0358,20,4.74333333333333,0,0.4429,7.82,36.0166666666667,4.6947,5,216,16.15,387.31,4.04666666666667
0.0253166666666667,27.5,3.33,0,0.4429,6.968,37.2,6.48328333333333,2.83333333333333,216,14.9,381.165,2.99666666666667
0.0613,20,4.65,1,0.4429,7.50516666666667,49.7,5.2119,5,216,17.8666666666667,377.07,3.01
0.0197,80,1.76,0,0.385,6.23,31.5,9.0892,3.5,283.5,18.2,341.6,12.93
0.0387,22.8333333333333,4.54666666666667,0,0.451016666666667,6.49133333333333,31.3,7.3172,4.5,293,18.3,396.9,7.14
0.0612166666666667,52.5,5.32,0,0.405,6.565,43.5333333333333,6.8358,6,293,16.6,385.506666666667,7.96666666666667
0.035,80,5.05333333333333,0,0.411,6.861,27.9,7.4793,4,245,19.2,394.015,3.33
0.0362,80,4.95,0,0.411,6.63,23.4,5.1167,4.5,271.166666666667,19.2,396.9,6.155
0.082,0,13.92,0,0.437,6.2745,42.3,5.5027,4,289,16,390.09,10.4
0.1293,0,13.92,0,0.437,6.678,31.1,5.54921666666667,4,289,16,396.9,6.27
0.154633333333333,0,13.92,0,0.4825,6.24433333333333,52.0833333333333,6.32,5.16666666666667,337,16,396.9,12.2816666666667
0.0647,39.0833333333333,2.24,0,0.4,6.345,20.1,7.8278,2.66666666666667,358,14.8,368.24,6.89666666666667
0.0442,70,2.24,0.166666666666667,0.4,6.56783333333333,33.5666666666667,7.8278,2.83333333333333,295.166666666667,14.8,386.038333333333,6.07
0.0354,34,5.92833333333333,0,0.433,6.59,47.75,5.4917,5.16666666666667,329,19.0666666666667,395.75,9.5
0.0927,24.9166666666667,6.09,0,0.461,6.495,39,5.4917,7,329,16.1,383.61,7.105
0.1,29.5,6.09,0,0.433,6.982,24.1333333333333,5.81995,7,329,16.1,389.64,4.86
0.0551,33,4.73833333333333,0,0.472,7.236,52.9833333333333,4.022,7,246,18.4,394.548333333333,6.93
0.0734333333333333,19.5,2.18,0,0.469666666666667,6.616,55.4166666666667,4.21201666666667,7,222,17.2,393.36,8.93
0.075,8.75,5.745,0,0.472,7.42,71.9,3.0992,7,222,18.4,396.9,5.88
0.718833333333333,0,9.9,0,0.544,6.767,57.8666666666667,4.45678333333333,4,304,18.4,395.118333333333,4.54
0.3494,0,9.9,0,0.544,6.09483333333333,76.7,3.64963333333333,4.66666666666667,343.833333333333,18.4,396.24,9.97
2.6355,0,11.955,0,0.544,5.9645,81.1166666666667,3.3412,4,304,18.7666666666667,385.713333333333,18.5466666666667
0.7904,0,13.1833333333333,0,0.544,6.122,52.8,2.6403,4,304,20.4333333333333,396.9,5.98
0.3692,0,8.37333333333333,0,0.544,6.567,87.3,4.04596666666667,4,304,19.4833333333333,391.931666666667,9.18666666666667
0.3183,0,9.9,0,0.544,5.914,83.2,3.9986,4,304,18.4,390.7,18.33
0.2452,0,9.9,0,0.544,5.81916666666667,71.7,4.0317,4,304,18.4,390.916666666667,15.94
0.402,0,9.9,0,0.544,6.10383333333333,75.25,3.5325,4,297.166666666667,18.7833333333333,390.016666666667,10.36
0.540616666666667,0,9.9,0,0.544,6.113,58.8,4.55733333333333,4,304,19.2833333333333,396.23,17.0466666666667
0.1676,0,7.38,0,0.493,6.426,52.3,4.88006666666667,5,287,19.6,396.9,7.2
0.1816,0,9.92833333333333,0,0.505333333333333,6.43416666666667,54.3,4.5404,5,297.833333333333,19.6,396.9,6.87
0.2839,0,7.38,0,0.493,5.81566666666667,74.3,3.35996666666667,5,300,18.5,391.13,15.8833333333333
0.251366666666667,0,7.38,0,0.4615,6.26333333333333,39.2,5.4159,4.5,287,17.3666666666667,393.68,5.08
0.3035,0,7.38,0,0.493,6.14583333333333,28.9,5.4159,5,287,18.3666666666667,389.883333333333,6.15
0.241,0,7.38,0,0.493,6.083,43.7,5.4159,5,287,19.6,396.9,12.79
0.0662,7.5,3.24,0,0.46,6.04216666666667,25.8,5.2146,4,272.333333333333,16.9,382.44,9.97
0.07325,0,3.24,0.166666666666667,0.46,6.144,39.8333333333333,5.8736,4,301.166666666667,16.9,368.57,9.09
0.0502,11.6666666666667,6.06,0,0.4379,5.706,28.4,5.88998333333333,5.16666666666667,283.5,19.45,394.02,12.43
0.0508,0,5.19,0,0.515,6.34966666666667,38.1,3.36213333333333,5,224,20.2,389.71,5.68
0.173433333333333,9.16666666666667,7.48166666666667,0,0.515,5.994,38.5,6.4584,5,224,18.2,389.4,6.75
0.0396,0,4.81333333333333,0,0.515,6.48916666666667,46.7833333333333,5.9853,5,224,20.2,396.9,8.01
0.131783333333333,0,5.19,0,0.515,5.869,46.3,5.2311,5.16666666666667,224,20.2,396.081666666667,9.8
0.0304,7.16666666666667,8.43,0,0.515,5.87966666666667,59.6,5.615,5,224,20.2,394.81,10.56
0.0331,0,6.44333333333333,0,0.515,6.13666666666667,37.3,4.8122,5,224,19.4333333333333,396.14,9.16666666666667
0.055,0,6.01,0,0.50215,5.985,45.4,4.8122,5.16666666666667,224,20.2,391.698333333333,9.74
0.0615,0,6.19666666666667,0,0.515,5.968,58.5,4.8122,5,258.333333333333,20.2,396.9,9.29
0.013,35,3.765,0,0.442,7.241,49.3,7.0379,1,271.833333333333,15.5,394.855,4.54166666666667
0.0305,55,3.78,0,0.484,6.874,28.1,6.4654,5,370,17.6,387.97,4.61
0.0311,0,4.39,0.166666666666667,0.478166666666667,6.24,48.5,8.0136,3,282.166666666667,18.8,385.64,10.53
0.191516666666667,23.5,4.39,0,0.442,5.96166666666667,52.3,8.0136,3,269.166666666667,18.8,364.61,12.67
0.0187,85,4.15,0,0.429,6.516,27.7,8.5353,4,268,17.9,392.43,6.58666666666667
0.015,80,2.01,0,0.435,6.635,29.7,8.344,4,280,17,390.94,5.99
0.0421166666666667,40,1.25,0,0.429,6.506,34.5,8.7921,1,335,19.7,389.85,5.89
0.0621,40,4.55666666666667,0,0.429,6.44433333333333,44.4,7.27858333333333,3,335,19.7,396.9,5.98
0.137333333333333,56.6666666666667,1.69,0,0.411,5.884,47.5833333333333,7.09918333333333,3.5,251,18.3,392.33,7.79
0.0171,90,2.02,0,0.41,6.746,35.4,12.1265,4,187,17,389.603333333333,4.5
0.0447,80,1.91,0,0.413,6.52133333333333,36.0333333333333,10.5857,4,334,17.0166666666667,376.04,5.57
8.68428333333333,0,18.1,1,0.77,6.212,93.25,1.9671,24,666,20.2,377.73,17.6
7.5801,0,18.1,1,0.77,6.395,91,2.5052,24,666,20.2,391.34,13.27
5.2018,0,18.1,0,0.645333333333333,6.127,83.4,2.7227,24,666,20.2,395.43,11.48
4.5419,0,18.1,0,0.591166666666667,6.398,88,2.5182,24,666,20.2,374.56,7.79
3.8368,0,18.1,0,0.65,6.06916666666667,91.1,2.2955,24,666,20.2,324.051666666667,14.19
9.95653333333333,0,18.1,1,0.77,5.803,92.5333333333333,1.85745,20.8333333333333,666,20.2,353.04,14.64
4.5559,0,18.1,0,0.718,3.561,87.9,2.1415,24,666,20.2,300.505,7.12
3.697,0,18.1,0,0.649333333333333,4.963,87.4833333333333,2.41278333333333,24,666,20.2,316.03,10.8633333333333
8.58093333333333,0,18.1,0,0.631,4.97,100,1.3325,24,666,20.2,375.52,18.33
6.5388,6.66666666666667,18.1,1,0.631,7.016,97.5,1.2024,24,599,20.2,349.828333333333,2.96
11.1081,0,18.1,0,0.668,4.906,99.3166666666667,1.50693333333333,24,666,20.2,396.9,34.77
18.4982,0,18.1,0,0.668,5.7575,100,1.137,24,666,20.2,396.9,26.285
19.6091,0,18.1,0,0.652166666666667,5.7775,97.9,1.3163,24,666,20.2,396.9,13.44
15.288,0,18.1,0,0.671,6.649,98.8,1.3449,24,666,20.2,266.826666666667,23.24
17.8667,0,18.1,0,0.671,6.223,100,1.3861,24,666,20.2,383.015,23.1716666666667
88.9762,0,18.1,0,0.671,6.968,91.9,2.1315,24,666,20.2,273.083333333333,21.9166666666667
15.8744,0,18.1,0,0.671,6.545,99.1,1.5192,24,666,20.2,284.908333333333,17.51
7.9925,0,18.1,0,0.7,6.1965,100,1.5331,24,666,20.2,396.9,24.56
16.8118,0,18.1,0,0.7,5.277,98.1,1.4261,24,666,20.2,396.9,29.13
24.3938,0,18.1,0,0.7,4.652,100,1.35588333333333,24,666,20.2,396.9,28.28
14.3337,0,18.1,0,0.7,5.61033333333333,100,1.5895,24,666,20.2,372.92,30.62
25.5803166666667,0,18.1,0,0.7,5.39,98.9,1.7281,24,666,20.2,396.9,21.6866666666667
5.2931,0,18.1,0,0.7,6.051,89.8833333333333,2.1678,24,666,20.2,378.38,18.76
8.7167,0,18.1,0,0.693,6.471,97.6333333333333,1.79286666666667,24,666,20.2,391.98,19.8933333333333
5.872,0,18.1,0,0.693,6.405,96,1.88818333333333,24,666,20.2,396.9,17.0583333333333
8.42115,0,18.1,0,0.693,5.747,98.9,1.6334,24,666,20.2,393.1,19.92
17.39725,0,18.1,0,0.693,5.58966666666667,100,1.4896,24,666,20.2,396.9,27.66
9.9166,0,19.7066666666667,0,0.693,5.852,77.8,1.99286666666667,24,666,20.2,208.445,29.97
25.0461,0,18.1,0,0.693,5.53983333333333,100,1.5888,24,666,20.2,396.9,26.0183333333333
47.5969833333333,0,18.1,0,0.693,6.343,100,1.5741,24,666,20.2,257.601666666667,20.32
20.7162,0,18.1,0,0.659,4.138,100,1.48353333333333,24,666,20.2,370.22,23.34
11.9511,0,18.1,0,0.659,5.83016666666667,100,1.90353333333333,24,666,20.2,332.09,12.13
7.4039,0,18.1,0,0.597,6.17733333333333,83.7833333333333,2.59588333333333,24,666,20.2,314.64,17.54
10.9886,0,18.1,0,0.597,5.757,78.65,1.413,24,666,20.2,2.6,10.11
14.0507,0,18.1,0,0.597,6.0635,96.35,1.5275,24,666,20.2,35.05,21.22
28.6558,0,18.1,0,0.675166666666667,5.155,95.8833333333333,1.5894,24,666,20.2,210.97,18.86
18.0846,0,18.1,0,0.688833333333333,6.29833333333333,100,1.8347,24,666,20.2,27.25,22.935
73.5341,0,18.1,0,0.679,5.919,95.35,1.8026,24,666,20.2,251.221666666667,20.62
13.0276166666667,0,16.7516666666667,0.166666666666667,0.718,6.824,76.5,1.794,24,666,20.2,48.45,22.52
11.0874,0,18.1,0,0.718,6.411,100,1.8589,24,666,20.2,318.75,15.02
7.0226,0,18.1,0,0.715666666666667,6.006,91.8666666666667,1.8746,24,666,20.2,319.98,15.7
7.07436666666667,0,18.1,0,0.606833333333333,5.648,87.6,1.9512,24,610,20.2,291.55,12.7716666666667
7.0504,0,18.1,0,0.614,6.103,93.6333333333333,2.0218,24,666,20.2,2.52,23.29
8.7921,0,18.1,0,0.584,5.565,70.6,2.0635,24,666,20.2,265.751666666667,17.16
15.8603,0,18.1,0,0.679,5.896,95.4,2.09973333333333,24,666,20.2,7.68,22.8816666666667
21.76835,0,18.1,0.166666666666667,0.584,5.837,59.7,1.9976,24,666,20.2,24.65,15.69
37.6619,0,18.1,0,0.679,6.202,78.7,1.8629,24,666,20.2,274.991666666667,14.52
23.9384,0,18.1,0,0.679,6.36566666666667,95.6,1.9682,24,666,20.2,60.72,24.08
8.4921,0,18.1,0,0.631333333333333,6.348,86.1,2.0527,24,666,20.2,192.31,17.64
10.0623,0,18.1,0,0.670833333333333,6.833,94.3333333333333,1.89736666666667,24,666,20.2,307.025,17.56
7.57666666666667,0,18.1,0,0.584,6.425,72.25,2.2004,24,666,20.3666666666667,207.59,12.03
13.9134,0,18.1,0,0.713,6.208,95,2.2222,24,666,20.2,100.63,15.17
15.1772,0,18.1,0,0.74,5.65783333333333,100,1.61245,24,666,20.2,254.793333333333,26.45
12.3112166666667,0,18.1,0,0.74,6.08166666666667,93.9,1.8172,20.8333333333333,666,20.2,396.9,22.88
39.1736166666667,0,18.1,0,0.704166666666667,5.818,92.4,1.8662,24,666,20.2,391.45,22.11
9.7242,0,18.1,0,0.642666666666667,6.10616666666667,97.9833333333333,2.0651,24,666,20.2,385.96,19.52
5.6664,0,18.1,0,0.6725,6.33766666666667,100,2.0048,24,666,20.2,395.69,16.59
9.9665,0,18.1,0,0.745,6.485,89.3833333333333,1.9784,24,666,20.2,296.408333333333,18.85
12.8023,0,18.1,0,0.74,5.854,96.6,1.8956,24,666,20.2,373.528333333333,23.79
6.2881,0,18.1,0,0.659,6.2385,96.4,2.10613333333333,24,666,20.2,318.01,17.79
9.9248,0,18.1,0,0.74,6.251,96.6,2.198,24,666,20.2,79.5066666666667,16.44
9.3291,0,18.1,0,0.666,6.185,98.7,2.2616,24,666,20.2,223.673333333333,18.13
6.7177,0,18.1,0,0.713,6.749,92.6,2.3236,24,666,20.2,391.158333333333,17.44
5.4411,0,18.1,0.166666666666667,0.713,6.113,94.5833333333333,2.2752,24,666,20.2,258.538333333333,17.73
5.44448333333333,0,18.1,0,0.6885,6.297,96.5,2.3682,24,666,20.2,385.09,17.27
8.2481,0,18.1,0,0.713,6.02016666666667,99.3,1.86928333333333,24,666,20.2,375.87,19.3533333333333
9.5136,0,18.1,0,0.713,6.728,94.1,2.1566,20.6666666666667,666,20.2,6.68,18.71
4.6688,2.08333333333333,18.1,0,0.655166666666667,5.976,87.9,2.39933333333333,24,666,20.2,10.48,19.01
8.2006,0,18.1,0,0.713,5.936,89.15,2.7792,24,666,20.2,3.5,16.94
8.65991666666667,0,18.1,0,0.6595,6.301,87.0666666666667,2.7831,24,666,20.2,305.16,16.23
6.8012,0,16.6983333333333,0,0.713,6.081,84.8,2.7175,24,666,20.2,361.875,14.7
3.6931,0,18.1,0,0.713,6.19983333333333,88.4,2.5671,24,666,20.2,284.581666666667,14.65
6.6549,0,18.1,0,0.642166666666667,6.317,83,2.7344,24,666,20.2,396.9,14.39
5.8212,0,18.1,0,0.674166666666667,6.05166666666667,89.9,2.8016,24,666,20.2,393.82,10.29
7.8393,0,18.1,0,0.582666666666667,6.22066666666667,65.4,2.35786666666667,24,666,20.2,396.9,13.22
3.775,0,18.1,0,0.655,6.1785,84.0666666666667,2.8715,24,666,20.2,22.01,17.15
4.4223,0,18.1,0,0.657666666666667,6.003,94.5,2.5403,24,666,20.2,331.29,21.32
13.0751,0,18.1,0,0.58,5.9415,56.7,3.35748333333333,24,666,20.2,396.9,12.07
4.3488,0,18.1,0,0.643833333333333,6.3405,87.9166666666667,2.85611666666667,24,666,20.2,396.9,16.29
4.0384,0,18.1,0,0.532,6.229,87.75,3.0993,24,666,20.2,395.33,15.01
3.5687,0,18.1,0,0.58,6.437,75,2.8965,24,666,19.2833333333333,393.37,14.36
7.71586666666667,0,18.1,0,0.614,5.82383333333333,67.6,2.5329,24,666,20.2,374.68,11.66
12.9420166666667,0,18.1,0,0.584,6.12133333333333,95.4,2.4298,24,666,20.2,352.58,18.14
6.3931,0,18.1,0,0.584,6.162,97.4,1.9393,24,666,20.2,302.76,24.1
15.0234,0,18.1,0,0.614,5.304,91.6833333333333,2.1007,24,666,20.2,349.48,24.91
14.3337,0,17.0716666666667,0,0.614,6.229,92.5833333333333,2.31493333333333,20.6666666666667,601.166666666667,20.2,327.441666666667,13.11
5.824,0,18.1,0,0.610666666666667,6.242,64.7,3.4242,24,666,20.2,389.135,11.2183333333333
5.33115,0,18.1,0,0.532,6.1815,74.9,3.3317,24,666,20.2,393.07,7.74
2.3786,0,18.1,0,0.583,5.871,66.6833333333333,3.724,24,666,20.2,370.73,13.34
3.6737,0,18.1,0,0.583,5.99266666666667,71.3,3.9917,24,622.166666666667,20.2,265.466666666667,10.58
5.6917,0,18.1,0,0.583,6.114,76.8166666666667,3.5459,24,666,20.2,392.68,14.98
4.8357,0,18.1,0,0.583,5.905,53.2,2.9181,24,666,20.2,309.358333333333,11.45
0.1834,0,27.74,0,0.653,5.414,92.7333333333333,1.88836666666667,4,711,20.1,303.265,17.1333333333333
0.2075,0,27.74,0,0.609,5.093,98,1.8226,10.6666666666667,711,20.1,344.948333333333,29.68
0.1113,0,21.4633333333333,0,0.609,5.983,83.5,2.1099,4,711,19.2666666666667,396.9,13.35
0.2796,0,9.69,0,0.585,5.926,42.6,2.82935,6,391,18.95,396.9,13.59
0.179,0,9.69,0,0.535166666666667,5.67,70.8666666666667,2.7986,6,391,19.2,393.29,17.6
0.2896,0,9.69,0,0.585,5.39,72.9,2.7986,6,396.666666666667,19.2,396.9,21.14
0.2684,0,9.12333333333333,0,0.537833333333333,5.794,78.2333333333333,2.8927,6,391,19.2,396.9,14.1
0.2391,0,8.575,0,0.537666666666667,6.019,65.3,3.2355,6,391,19.4833333333333,396.9,12.92
0.2244,0,9.69,0,0.585,6.027,79.7,2.4982,6,378,18.6166666666667,394.181666666667,14.33
0.0626,0,11.93,0.333333333333333,0.534666666666667,6.593,69.1,2.4786,1,273,21,391.99,9.34
0.818383333333333,0,11.93,0,0.573,6.12,72.5333333333333,2.2875,1,318,21,396.9,9.08
0.326483333333333,0,11.93,0,0.573,6.40766666666667,70.8833333333333,2.79281666666667,1,273,21,396.9,13.2183333333333
2.65771666666667,0,11.93,0,0.5705,6.03,80.8,2.505,10.8333333333333,384.166666666667,21,396.9,17.1833333333333
