7.1,0.42,0.09,2.3,0.054,34.0,77.2,0.99714,3.346,0.68,10.4,5.6925
7.3,0.59,0.26,2.0,0.08,17.0,104.0,0.9958,3.28,0.564,9.8,5.2700000000000005
7.8,0.64,0.044,6.0,0.1176,5.0,13.4,0.99668,3.37,0.65,10.1,5.145
10.3,0.44,0.47,2.5,0.078,9.0,19.2,0.9981,3.218,0.65,10.8,5.835
6.8,0.775,0.0,2.82,0.102,8.0,23.0,0.99708,3.45,0.56,10.7,5.11
9.12,0.23,0.4,1.6,0.0898,21.0,67.0,0.99768,3.166,0.63,11.1,5.852499999999999
7.6,0.608,0.0,2.24,0.076,33.0,45.0,0.9971,3.31,0.62,10.7,5.757499999999999
7.8,0.63,0.176,1.7,0.1,14.0,54.6,0.9961,3.24,0.62,9.5,5.2
8.8,0.61,0.254,2.8,0.088,22.8,46.0,0.9976,3.26,0.51,9.82,5.0975
7.5,0.49,0.414,2.6,0.332,5.8,14.0,0.9972,3.21,0.9,10.5,5.78
7.4,0.785,0.19,2.12,0.088,19.0,98.0,0.9971,3.302,0.564,9.6,5.0525
12.1,0.4,0.52,2.0,0.0804,21.6,54.0,0.99642,3.03,0.66,10.2,5.7575
7.1,0.715,0.0,2.35,0.071,21.0,66.4,0.9963,3.29,0.576,10.38,5.405
7.1,0.755,0.15,1.86,0.0892,20.0,84.0,0.9959,3.19,0.582,10.28,5.3625
7.62,0.487,0.24,1.96,0.077,18.0,34.0,0.9948,3.306,0.6,10.14,5.665000000000001
7.4,0.549,0.12,1.9,0.091,12.6,37.0,0.9956,3.44,0.48,10.02,5.25
5.1,0.42,0.0,3.23,0.044,18.0,88.0,0.99814,3.616,0.73,13.6,6.27
7.5,0.58,0.56,3.1,0.153,5.0,16.4,0.9948,3.21,1.03,11.6,6.4025
8.5,0.453,0.56,3.76,0.1144,35.0,106.0,0.99534,3.252,0.75,10.5,5.5325
7.8,0.545,0.06,3.36,0.087,17.4,73.4,0.9965,3.36,0.62,10.16,5.445
10.46,0.42,0.512,3.3,0.105,33.0,98.0,1.001,3.2,0.95,9.2,5.265
9.52,0.61,0.334,2.7,0.077,16.2,54.4,0.9975,3.306,0.54,10.04,5.25
6.9,0.716,0.11,2.6,0.043,6.0,12.0,0.9935,3.3,0.65,11.04,5.9
7.1,0.529,0.0,2.3,0.087,26.2,48.8,0.9978,3.45,0.53,10.66,5.5024999999999995
7.5,0.685,0.07,2.5,0.058,5.0,13.4,0.99684,3.38,0.55,10.9,5.0625
7.3,0.48,0.28,2.06,0.062,31.0,54.0,0.9973,3.3,0.65,10.46,5.745
7.6,0.41,0.244,1.7,0.08,4.0,19.0,0.9962,3.28,0.59,9.5,5.4799999999999995
11.2,0.426,0.55,2.3,0.084,6.0,13.0,1.0,3.17,0.71,9.5,5.6225
7.9,0.52,0.21,1.9,0.079,42.0,140.0,0.9964,3.242,0.54,9.5,5.185
7.9,0.545,0.06,4.0,0.087,27.0,61.0,0.9965,3.36,0.632,10.7,5.5125
8.02,0.71,0.122,1.6,0.092,22.0,64.4,0.9963,3.28,0.58,10.0,5.2275
7.2,0.392,0.44,2.6,0.066,22.0,43.4,0.9949,3.302,0.84,10.34,6.11
8.0,0.352,0.34,2.2,0.073,16.0,25.0,0.9972,3.28,0.66,11.1,6.19
5.6,0.66,0.0,2.5,0.066,7.0,15.0,0.9926,3.52,0.58,11.64,5.7025
8.9,0.408,0.314,2.12,0.071,17.0,65.0,0.9993,3.22,0.78,10.1,5.955
7.2,0.835,0.0,2.0,0.166,4.0,11.0,0.9961,3.39,0.52,10.0,4.615
7.56,0.613,0.198,2.46,0.085,5.8,17.0,0.99612,3.32,0.624,10.18,5.54
6.8,0.68,0.21,2.36,0.07,9.0,16.4,0.9955,3.38,0.6,10.64,5.49
7.56,0.633,0.26,2.0,0.08,31.0,125.2,0.9962,3.214,0.52,9.9,5.165
7.9,0.29,0.29,2.2,0.0788,25.0,59.0,0.9971,3.31,0.67,10.04,5.8675
10.48,0.46,0.394,2.3,0.063,7.8,19.0,0.99808,3.17,0.81,11.2,6.09
8.2,0.852,0.09,2.0,0.0714,3.8,10.0,0.9942,3.28,0.582,11.8,5.2725
10.5,0.426,0.54,2.1,0.0672,6.0,24.0,0.9978,3.11,0.9,11.0,6.165000000000001
6.54,0.35,0.28,2.0,0.067,28.0,48.0,0.99742,3.43,0.54,10.66,5.6325
6.9,0.41,0.33,2.2,0.081,22.0,36.0,0.9949,3.436,0.75,10.88,6.1825
8.9,0.93,0.182,3.46,0.101,3.2,10.0,0.9959,3.21,0.59,10.58,5.0975
7.6,0.9,0.122,2.5,0.079,5.0,11.4,0.9967,3.39,0.56,9.8,4.6850000000000005
7.02,0.635,0.082,2.38,0.1032,7.6,18.0,0.9961,3.462,0.59,10.3,5.407500000000001
8.2,0.418,0.308,1.9,0.057,43.0,74.0,0.99872,3.336,0.784,12.0,6.0625
7.84,0.4,0.31,2.62,0.09,13.0,36.0,0.9966,3.356,0.63,10.5,5.67
6.5,0.4,0.1,2.0,0.076,30.0,74.8,0.9955,3.36,0.48,9.4,5.2225
9.52,0.55,0.426,2.68,0.091,18.0,48.0,0.9994,3.22,0.64,10.3,5.6575
7.56,0.601,0.04,2.32,0.066,9.8,20.0,0.99726,3.406,0.622,10.74,5.68
8.0,0.543,0.108,2.04,0.08,24.8,51.8,0.9961,3.33,0.49,9.98,5.2425
8.08,0.72,0.242,1.7,0.136,24.0,66.4,0.9975,3.322,0.94,10.0,5.3175
6.72,0.62,0.03,1.5,0.08,6.0,17.0,0.995,3.66,0.62,10.1,5.3425
7.4,0.37,0.43,2.6,0.0764,18.0,82.0,0.9971,3.316,0.696,9.8,5.5725
6.5,0.9,0.07,1.6,0.052,7.8,17.0,0.99742,3.408,0.696,11.9,6.0175
8.8,0.45,0.284,1.4,0.076,12.0,21.0,0.9955,3.21,0.75,10.2,5.8774999999999995
7.5,0.702,0.2,8.1,0.098,30.0,103.6,0.9989,3.2,0.58,9.64,5.1225000000000005
6.26,0.77,0.0,2.12,0.066,34.0,52.0,0.9976,3.62,0.68,12.09334,6.164999999999999
8.6,0.33,0.344,2.6,0.083,16.0,43.4,0.9978,3.3,0.654,10.5,5.805000000000001
6.6,0.735,0.02,7.9,0.2402,25.8,39.4,0.9994,3.47,0.87,11.62,5.8075
7.1,0.462,0.198,1.9,0.077,28.0,44.0,0.9956,3.37,0.64,10.4,5.61
6.5,0.58,0.048,3.3,0.096,3.0,13.0,0.9956,3.62,0.62,11.5,5.65
6.18,0.532,0.11,2.2,0.048,16.0,71.8,0.99622,3.542,0.88,13.5667,6.4350000000000005
10.5,0.51,0.64,2.92,0.0868,6.0,15.0,0.9973,3.09,0.584,11.96,5.8925
9.2,0.54,0.31,2.3,0.0634,11.0,38.0,0.997,3.24,0.676,10.9,6.130000000000001
7.8,0.56,0.246,1.8,0.0798,12.0,47.0,0.9964,3.19,0.566,9.94,5.305
8.5,0.37,0.2,2.8,0.09,18.0,58.0,0.998,3.34,0.7,9.6,5.635
8.5,0.536,0.294,2.1,0.0948,5.0,17.8,0.9967,3.2,0.48,9.8,5.1425
7.64,0.605,0.068,1.9,0.096,12.2,31.0,0.99676,3.432,0.53,11.8,5.7875
7.96,0.352,0.472,2.1,0.074,8.0,16.0,0.99678,3.27,0.74,12.3,6.5675
8.7,0.42,0.414,2.04,0.072,32.0,59.8,0.9962,3.33,0.77,12.0,6.3774999999999995
8.0,0.58,0.16,2.0,0.12,3.0,9.2,0.99738,3.312,0.58,11.2,5.4525
10.2,0.42,0.49,2.2,0.11,11.0,37.0,0.9973,3.146,0.858,10.8,6.015000000000001
7.5,0.695,0.066,1.7,0.084,13.0,55.2,0.9954,3.36,0.54,10.5,5.450000000000001
7.3,0.835,0.03,2.1,0.092,10.0,35.0,0.9966,3.39,0.47,10.34,4.970000000000001
7.76,0.58,0.23,2.3,0.0768,23.0,94.0,0.9969,3.334,0.53,9.5,5.265
7.0,0.655,0.098,2.1,0.074,9.8,25.0,0.9961,3.37,0.55,9.7,5.154999999999999
6.66,0.662,0.162,1.82,0.075,32.0,44.0,0.99592,3.57,0.648,10.2,5.21
7.8,0.34,0.226,2.0,0.082,24.0,58.0,0.9964,3.34,0.768,9.4,5.6525
7.9,0.47,0.264,2.3,0.055,8.4,28.0,0.9952,3.256,0.8,11.2,6.17
7.3,0.573,0.022,1.2,0.065,15.0,33.6,0.9946,3.39,0.47,10.0,5.4075
7.86,0.604,0.206,2.2,0.088,21.0,39.0,0.9969,3.33,0.678,11.1,5.99
11.06,0.442,0.73,6.55,0.074,22.4,76.0,0.999,3.17,0.668,10.0,5.4624999999999995
7.8,0.886,0.01,1.6,0.077,3.0,9.2,0.995,3.372,0.594,9.8,4.7175
10.6,0.424,0.522,2.5,0.0732,8.8,26.0,0.99616,3.188,0.86,10.4,5.885
9.76,0.384,0.51,2.0,0.121,7.0,20.0,0.9996,3.194,0.76,10.4,5.9025
8.56,0.671,0.23,2.8,0.092,20.4,104.0,0.9983,3.1,0.56,9.5,5.08
9.5,0.57,0.298,2.3,0.082,23.0,79.6,0.99764,3.27,0.55,9.4,5.1
5.0,1.04,0.24,1.6,0.079,18.0,30.4,0.9962,3.74,0.62,12.32,5.7250000000000005
6.6,0.735,0.02,7.9,0.1592,14.2,41.0,0.9994,3.47,0.946,11.56,5.7875
7.9,0.53,0.25,2.9,0.0914,23.8,45.0,0.99686,3.49,0.652,12.1,6.0825
9.74,0.434,0.398,2.74,0.064,21.0,37.0,0.9952,3.218,0.77,11.7,6.4875
6.2,0.56,0.09,1.98,0.0706,16.0,32.0,0.9966,3.372,0.6,11.24,5.6850000000000005
8.7,0.78,0.322,1.7,0.207,12.0,66.0,0.9962,3.0,1.17,9.2,5.202500000000001
7.6,0.534,0.146,2.92,0.088,23.0,43.0,0.998,3.48,0.64,9.1,5.4325
8.0,0.6,0.172,2.1,0.08,28.4,105.0,0.9961,3.3,0.49,10.04,5.272500000000001
12.6,0.41,0.54,2.8,0.0824,19.0,41.0,0.9994,3.21,0.674,11.3,6.0925
6.8,0.67,0.048,1.8,0.118,13.0,44.2,0.9954,3.42,0.67,10.1,5.285
8.4,0.6,0.282,2.0,0.08,31.0,131.0,0.9962,3.258,0.52,10.1,5.234999999999999
12.5,0.6,0.574,4.3,0.1,5.0,14.0,1.001,3.162,0.74,11.04,5.7525
6.6,0.815,0.02,2.7,0.072,17.0,34.0,0.9955,3.58,0.558,12.3,5.9725
11.02,0.431,0.59,2.94,0.113,23.0,42.0,0.99592,3.232,0.742,10.5,5.745
8.8,0.48,0.41,3.3,0.1172,20.8,52.0,0.9982,3.31,0.53,10.26,5.215
8.08,0.566,0.248,1.76,0.0794,38.0,142.0,0.99576,3.22,0.55,10.08,5.2925
10.1,0.44,0.47,2.5,0.0786,9.0,22.2,0.9981,3.18,0.65,10.8,5.857500000000001
13.2,0.44,0.55,2.24,0.081,5.0,25.0,1.0006,3.124,0.876,9.4,5.645
8.9,0.12,0.45,1.8,0.075,10.0,21.0,0.9972,3.286,0.728,10.66,6.1875
8.6,0.42,0.39,1.8,0.068,5.8,12.0,0.99624,3.35,0.69,11.7,6.33
6.6,0.84,0.026,2.3,0.059,32.0,48.0,0.9952,3.52,0.56,12.3,6.5625
7.8,0.752,0.0,2.76,0.076,8.0,16.0,0.9964,3.412,0.59,9.58,5.13
5.4,0.42,0.27,2.0,0.092,23.0,55.0,0.9947,3.78,0.64,12.3,6.085000000000001
10.8,0.45,0.54,2.5,0.099,20.0,38.0,0.99634,3.24,0.71,10.8,5.9125
8.3,0.26,0.37,1.4,0.076,8.0,21.6,0.9974,3.26,0.7,10.92,6.1975
5.6,0.66,0.0,2.5,0.066,7.0,15.0,0.9926,3.52,0.58,11.94,5.75
8.12,0.45,0.49,2.78,0.0844,10.2,42.0,0.99634,3.35,0.57,9.7,5.297499999999999
8.0,0.319,0.63,1.6,0.081,17.2,29.0,0.9959,3.3,0.78,10.8,6.1825
12.3,0.39,0.63,2.56,0.091,6.0,18.0,1.0004,3.16,0.568,9.5,5.2475
8.7,0.7,0.126,2.5,0.1082,6.2,15.0,0.9991,3.32,0.6,9.0,5.392499999999999
10.9,0.37,0.65,6.4,0.08,3.0,10.0,0.9966,3.17,0.58,11.0,5.7325
8.6,0.635,0.68,1.8,0.403,19.0,65.6,0.99662,3.02,1.15,9.72,5.345
7.02,0.34,0.0,1.8,0.0796,30.2,63.0,0.9916,3.406,0.79,10.44666,6.005
8.5,0.37,0.2,2.8,0.09,18.0,58.0,0.998,3.34,0.7,9.6,5.635
7.3,0.55,0.09,2.22,0.0846,8.4,15.0,0.9951,3.35,0.58,11.0,5.617500000000001
7.4,0.634,0.26,2.1,0.0788,17.0,91.0,0.9961,3.29,0.56,9.8,5.335
6.0,0.527,0.0,2.1,0.064,40.0,54.0,0.995,3.54,0.624,10.7,5.75
8.46,0.49,0.18,2.7,0.1292,13.0,34.0,0.99762,3.244,0.82,9.2,5.6175
7.6,0.55,0.21,2.2,0.071,7.0,28.0,0.9964,3.28,0.55,9.7,5.2375
11.62,0.39,0.49,1.7,0.0766,23.0,149.0,0.996,3.12,0.99,11.5,6.0275
9.6,0.6,0.236,2.24,0.079,28.0,71.0,0.9997,3.24,0.57,9.7,5.1125
6.98,0.65,0.02,2.1,0.072,8.0,22.6,0.9972,3.47,0.67,9.5,5.6225
7.0,0.38,0.49,2.5,0.097,33.0,55.2,0.9962,3.39,0.77,11.4,6.2225
10.4,0.33,0.528,2.78,0.1174,5.0,22.0,0.99594,3.26,0.74,11.2,6.3775
8.3,0.3,0.49,3.36,0.09,6.2,24.0,0.995,3.27,0.64,12.1,6.2125
9.1,0.765,0.04,2.28,0.0984,4.0,14.0,0.9967,3.29,0.532,9.7,4.885
10.2,0.23,0.37,2.2,0.0718,14.0,36.0,0.9961,3.09,0.49,9.3,5.5325
9.1,0.34,0.398,2.28,0.058,9.0,18.0,0.9939,3.18,0.55,11.4,6.2749999999999995
5.6,0.615,0.064,1.6,0.0728,16.0,55.4,0.9943,3.58,0.52,9.9,5.0024999999999995
7.3,0.51,0.18,2.04,0.0804,12.0,28.0,0.9977,3.326,0.59,10.0,5.5575
7.1,0.59,0.036,2.42,0.077,20.0,59.6,0.9975,3.55,0.59,9.8,5.3675
9.6,0.569,0.316,2.78,0.0832,5.0,16.6,0.9966,3.15,0.75,10.5,5.93
11.9,0.424,0.66,3.1,0.109,6.4,23.0,1.0,3.15,0.85,10.4,5.672499999999999
8.2,0.64,0.27,2.0,0.095,5.0,17.2,0.9975,3.13,0.62,9.56,5.245
6.6,0.7,0.08,2.54,0.0876,14.0,27.0,0.9967,3.466,0.58,10.2,5.215
8.0,0.715,0.11,2.3,0.0814,24.2,81.0,0.9969,3.29,0.54,9.5,5.275
8.0,0.5,0.39,2.6,0.082,12.0,46.0,0.998,3.43,0.62,9.74,5.545
11.9,0.57,0.5,2.5,0.0926,6.0,32.0,1.0006,3.12,0.78,10.7,5.82
8.1,0.72,0.09,2.74,0.084,18.0,49.0,0.9994,3.43,0.72,11.1,5.827500000000001
7.36,0.635,0.1,2.4,0.08,15.6,33.0,0.99752,3.374,0.69,10.8,6.2075000000000005
6.7,0.64,0.03,2.98,0.08,14.2,36.0,0.9954,3.504,0.71,10.9,5.94
7.4,0.59,0.092,4.4,0.086,6.0,24.4,0.9974,3.38,0.5,9.0,5.1175
7.8,0.61,0.29,1.6,0.114,13.6,29.0,0.9974,3.258,1.56,9.1,5.4825
7.9,0.81,0.25,3.78,0.0896,34.0,85.0,0.9967,3.278,0.42,9.2,4.97
7.82,0.38,0.3,1.88,0.0802,2.0,45.0,0.9973,3.31,0.91,9.5,5.735
9.12,0.44,0.42,2.48,0.064,14.0,41.8,0.99732,3.25,0.57,10.4,5.565
6.1,0.32,0.25,2.3,0.071,23.0,58.0,0.9963,3.42,0.97,10.6,6.1225000000000005
7.3,0.48,0.32,2.1,0.062,31.0,54.0,0.9973,3.3,0.65,10.0,5.585
9.3,0.48,0.29,2.1,0.0744,6.0,16.0,0.9953,3.22,0.72,11.2,6.2725
6.4,0.34,0.0,1.8,0.0602,25.2,63.0,0.9916,3.418,0.79,11.58,6.32
9.5,0.59,0.44,2.3,0.071,21.0,68.0,0.9992,3.346,0.63,9.5,5.2425
8.6,0.41,0.15,2.88,0.0724,19.8,94.0,0.9979,3.14,0.58,9.1,5.2725
8.04,0.53,0.206,2.3,0.039,5.0,19.0,0.9959,3.326,0.86,12.4,6.3374999999999995
7.9,0.613,0.266,1.9,0.082,34.5,144.0,0.9968,3.2,0.55,9.5,5.1625000000000005
7.8,0.32,0.41,2.7,0.1,8.0,17.0,0.9973,3.33,0.78,11.0,6.1875
14.3,0.31,0.61,2.93,0.0676,6.0,23.8,1.0008,2.86,0.79,8.4,5.9425
6.1,0.32,0.25,2.3,0.071,23.0,58.0,0.9963,3.42,0.97,10.6,6.1225000000000005
12.0,0.63,0.524,2.52,0.071,6.0,26.0,0.99664,3.07,0.6,10.4,5.5925
7.58,0.6,0.26,2.0,0.08,31.0,131.0,0.9962,3.256,0.52,9.9,5.180000000000001
7.3,0.4,0.3,1.7,0.069,33.0,79.0,0.9969,3.26,0.65,9.5,5.390000000000001
9.4,0.59,0.14,2.08,0.084,25.0,48.0,0.9981,3.14,0.562,9.42,5.145
8.2,1.0,0.09,2.3,0.065,7.0,37.0,0.9969,3.32,0.55,9.0,5.3375
8.56,0.56,0.24,2.2,0.079,19.0,58.0,0.9991,3.27,0.56,10.1,5.33
12.6,0.41,0.54,2.8,0.097,19.0,41.0,0.9994,3.21,0.7,11.3,6.085
7.5,0.382,0.3,2.2,0.062,6.0,12.0,0.995,3.33,0.72,11.5,6.6325
7.0,0.6,0.19,2.5,0.068,20.0,57.0,0.9991,3.354,1.17,10.2,5.640000000000001
7.4,0.265,0.34,1.8,0.075,18.0,38.0,0.9933,3.348,0.88,10.88,6.515
7.2,0.33,0.33,2.12,0.061,5.6,13.0,0.99584,3.204,1.1,10.0,5.9925
8.2,0.436,0.39,1.7,0.062,3.0,9.0,0.9948,3.14,0.712,10.8,6.2
7.2,0.635,0.028,2.08,0.0804,16.0,86.0,0.9975,3.51,0.54,9.7,5.1475
7.1,0.43,0.17,1.8,0.0788,27.0,51.0,0.9963,3.49,0.64,10.4,5.4475
7.7,0.6,0.0,2.6,0.055,5.4,13.0,0.9963,3.38,0.56,10.8,5.195
5.86,0.645,0.0,2.15,0.08,15.0,28.0,0.99698,3.58,0.61,12.5,6.02
7.1,0.72,0.0,1.8,0.0876,6.0,14.0,0.9963,3.458,0.78,10.86,5.5125
7.1,0.559,0.2,1.9,0.077,28.0,63.2,0.9956,3.342,0.64,10.4,5.5875
8.6,0.725,0.24,6.6,0.117,31.0,134.0,1.0014,3.24,0.744,10.06,5.23
8.1,0.6,0.08,2.6,0.0712,3.0,7.0,0.9929,3.278,0.37,9.98,4.965
7.8,0.61,0.29,1.6,0.114,16.6,29.0,0.9974,3.278,1.56,9.1,5.4975000000000005
7.4,0.66,0.0,1.8,0.075,23.8,40.0,0.9978,3.51,0.58,10.86,5.52
7.08,0.46,0.26,1.9,0.088,25.4,53.0,0.9981,3.43,0.74,9.2,5.5275
9.9,0.54,0.45,2.3,0.071,16.0,40.0,0.9991,3.176,0.62,10.44666,5.670000000000001
6.0,0.5,0.022,1.66,0.057,12.6,26.0,0.9958,3.36,0.45,9.5,5.380000000000001
7.1,0.72,0.0,1.8,0.0724,6.0,14.0,0.9963,3.43,0.628,9.8,5.125
6.3,0.674,0.022,2.04,0.0674,12.0,26.0,0.9931,3.55,0.51,11.24,5.6274999999999995
5.2,0.49,0.26,2.4,0.09,23.0,74.0,0.99652,3.596,0.748,12.2,6.112500000000001
12.8,0.3,0.74,2.6,0.0916,9.4,33.4,0.9994,3.2,0.77,10.34,6.1025
8.16,0.63,0.28,2.7,0.083,16.2,69.0,0.99528,3.26,0.63,10.04,5.3875
7.6,0.39,0.31,2.24,0.082,23.0,60.0,0.99682,3.52,0.65,9.7,5.6875
9.7,0.295,0.4,1.5,0.073,14.0,29.4,0.9956,3.064,0.738,10.9,6.315
10.46,0.32,0.446,3.48,0.056,8.2,24.0,0.997,3.22,0.82,10.3,6.052499999999999
6.04,0.604,0.0,3.3,0.096,33.6,61.0,1.0003,3.6,0.72,11.68,5.975
6.1,0.32,0.25,2.3,0.076,23.0,85.4,0.99678,3.418,0.97,11.0,5.9725
6.4,0.36,0.21,2.2,0.047,26.0,48.0,0.9966,3.412,0.724,9.7,5.77
9.5,0.59,0.44,2.3,0.071,21.0,68.0,0.9992,3.346,0.63,9.5,5.2425
8.2,0.42,0.49,2.6,0.084,32.0,55.0,0.9988,3.34,0.75,8.7,5.539999999999999
6.9,0.491,0.15,2.2,0.076,27.2,40.0,0.9961,3.41,0.56,10.1,5.355
7.14,0.715,0.2,2.4,0.076,10.0,28.0,0.9973,3.31,0.608,10.06,5.385
7.3,0.67,0.05,2.18,0.075,9.4,20.0,0.9972,3.39,0.63,10.04,5.302499999999999
8.8,0.48,0.41,3.3,0.0958,23.0,52.0,0.9982,3.31,0.53,10.4,5.32
8.52,0.436,0.39,1.7,0.062,3.0,9.0,0.9948,3.14,0.768,11.14,6.232500000000001
8.08,0.426,0.39,1.7,0.062,3.0,9.0,0.9948,3.14,0.748,11.5,6.3
7.5,0.77,0.2,8.1,0.098,30.0,92.0,0.9974,3.22,0.58,9.28,5.137499999999999
8.3,0.31,0.416,1.96,0.078,17.0,43.0,0.9944,3.31,0.77,12.5,6.580000000000001
7.4,0.39,0.288,2.19,0.082,22.6,67.0,0.9972,3.348,0.55,9.48,5.2425
9.58,0.54,0.45,2.3,0.071,16.0,40.0,0.9991,3.246,0.62,10.0,5.467499999999999
6.6,0.58,0.0,2.32,0.1,50.0,63.0,0.99712,3.498,0.582,11.4,5.6274999999999995
8.2,0.38,0.32,2.5,0.08,24.0,58.0,0.9962,3.27,0.85,11.0,6.202500000000001
8.1,1.33,0.0,1.8,0.082,4.4,12.0,0.99588,3.54,0.48,11.02,4.58
7.6,0.645,0.03,1.68,0.0768,14.0,46.2,0.99582,3.37,0.46,9.8,5.17
8.9,0.5,0.21,2.2,0.088,18.8,39.0,0.9969,3.204,0.83,11.1,6.1625
7.16,0.634,0.0,1.9,0.065,9.0,18.0,0.9972,3.46,0.606,9.2,5.4975
6.9,0.54,0.04,3.0,0.091,7.0,27.0,0.9987,3.69,0.666,11.46,5.78
7.5,0.62,0.2,8.1,0.098,30.0,100.4,0.9989,3.2,0.58,9.42,5.140000000000001
7.9,0.398,0.25,2.9,0.0874,23.4,45.0,0.99764,3.49,0.81,12.1,6.355
10.84,0.38,0.498,2.7,0.0772,12.0,42.0,1.0004,3.16,0.61,10.3,5.3825
8.18,0.43,0.31,1.84,0.069,13.0,74.0,0.9958,3.26,0.54,9.9,5.315
7.0,0.65,0.02,2.1,0.0842,12.4,25.0,0.9972,3.47,0.67,9.5,5.467499999999999
9.56,0.23,0.4,1.6,0.0806,21.0,67.0,0.99594,3.116,0.63,11.1,5.8774999999999995
7.4,0.36,0.29,2.6,0.087,26.0,72.0,0.9964,3.39,0.68,11.0,5.890000000000001
7.4,0.64,0.07,1.8,0.0778,8.0,23.0,0.9961,3.3,0.59,9.6,5.1775
7.2,0.66,0.03,2.3,0.078,16.0,86.0,0.9974,3.53,0.57,9.84,5.157500000000001
7.4,0.64,0.07,1.8,0.0798,8.0,23.0,0.9961,3.3,0.588,9.6,5.155
7.9,0.69,0.168,2.1,0.08,33.0,141.0,0.99626,3.224,0.51,9.9,5.18
8.4,0.37,0.53,1.8,0.1188,9.0,26.0,0.99686,3.06,1.06,10.6,6.09
7.44,0.46,0.26,1.9,0.088,27.4,53.0,0.9981,3.43,0.74,9.2,5.522499999999999
7.3,0.32,0.23,2.3,0.0712,27.6,70.0,0.9959,3.372,0.676,10.52666,5.9325
9.6,0.657,0.24,2.42,0.0818,5.0,16.4,0.99664,3.082,0.6,10.2,5.465
8.66,0.67,0.39,2.4,0.054,6.0,17.0,0.9976,3.16,0.47,10.0,5.145
11.1,0.31,0.55,2.2,0.06,3.0,10.0,0.9957,3.02,0.772,10.9,6.6125
7.8,0.5,0.3,1.9,0.075,8.0,22.0,0.9959,3.31,0.648,10.4,5.55
11.9,0.39,0.69,2.8,0.095,17.0,35.0,0.9994,3.168,0.636,10.8,5.734999999999999
6.4,0.795,0.04,2.2,0.065,19.2,52.0,0.99694,3.444,0.52,11.6,5.569999999999999
6.88,0.53,0.14,2.1,0.0652,15.0,29.0,0.9932,3.35,0.65,10.02,5.852499999999999
8.8,0.4,0.4,2.16,0.0938,16.0,42.8,0.998,3.294,0.64,9.2,5.51
8.9,0.745,0.074,2.08,0.077,15.0,48.0,0.99806,3.2,0.47,9.7,4.970000000000001
11.5,0.42,0.48,2.6,0.077,9.0,25.2,0.9985,3.09,0.748,10.5,5.8175
8.3,0.54,0.28,1.9,0.077,11.0,40.0,0.9978,3.39,0.61,10.0,5.4875
12.5,0.466,0.54,2.3,0.082,12.0,51.0,0.9997,3.066,1.36,10.5,5.905
8.2,0.875,0.13,2.38,0.088,4.0,15.2,0.9994,3.304,0.52,10.48,4.8925
9.1,0.5,0.386,1.9,0.0748,8.0,16.4,0.996,3.32,0.71,10.5,5.9225
7.2,0.62,0.06,2.7,0.077,15.0,85.0,0.9975,3.51,0.54,9.55,5.1025
8.1,0.825,0.07,2.1,0.0788,5.0,13.0,0.9972,3.37,0.77,10.7,5.3625
8.2,1.33,0.0,1.7,0.0804,3.0,12.0,0.9964,3.53,0.49,10.9,4.54
11.6,0.494,0.4,2.38,0.091,6.0,28.0,0.997,3.07,0.694,10.0333,5.765000000000001
8.4,0.31,0.29,2.4,0.194,14.0,26.0,0.9954,3.22,0.78,10.48,6.09
8.1,0.346,0.49,2.7,0.1474,15.0,33.0,0.9982,3.42,0.9,10.0,5.84
10.94,0.44,0.49,2.4,0.078,26.0,121.0,0.9978,3.23,0.58,9.2,5.11
8.9,0.8,0.342,3.02,0.101,3.4,10.0,0.9959,3.21,0.59,10.22,5.1899999999999995
8.88,0.35,0.414,2.1,0.062,5.0,14.0,0.9971,3.14,0.79,10.72,6.25
6.6,0.58,0.02,2.4,0.069,19.0,57.2,0.9939,3.38,0.648,12.6,6.1274999999999995
7.5,0.38,0.57,3.39,0.106,5.0,12.0,0.996,3.36,0.872,11.4,6.4925
7.1,0.57,0.168,5.5,0.1232,29.0,129.0,0.9973,3.42,0.72,10.5,5.385
9.2,0.52,1.0,3.4,0.61,15.6,58.4,0.9996,2.74,2.0,9.4,5.42
6.2,0.7,0.15,2.1,0.076,13.0,27.0,0.9962,3.342,0.554,11.9,5.6975
10.78,0.6,0.49,2.8,0.075,5.0,19.0,0.9994,3.14,0.57,11.4,5.71
7.0,0.43,0.3,2.46,0.085,6.0,39.0,0.99666,3.33,0.46,11.9,5.76
7.7,0.49,0.26,1.9,0.0772,14.8,31.0,0.99674,3.39,0.64,9.52,5.61
12.76,0.44,0.69,2.1,0.09,6.0,16.8,1.0,3.17,0.62,9.2,5.4325
7.0,0.43,0.02,1.9,0.0934,15.0,28.0,0.9949,3.35,0.81,10.6,6.0275
7.7,0.58,0.23,2.3,0.0728,23.0,94.0,0.9969,3.28,0.56,9.5,5.29
7.92,0.62,0.19,4.4,0.17,32.9,148.0,0.99616,3.272,0.826,9.2,5.175000000000001
6.9,0.38,0.3,1.96,0.073,31.0,79.6,0.9969,3.42,0.77,9.5,5.5625
6.3,0.46,0.13,2.3,0.076,29.0,40.0,0.9969,3.42,0.75,11.0,6.0475
6.18,0.684,0.0,2.78,0.0966,48.0,59.0,0.99498,3.61,0.642,11.5,5.81
9.04,0.486,0.42,2.3,0.087,15.0,38.0,0.9972,3.242,0.61,10.5,5.6274999999999995
10.3,0.41,0.42,2.4,0.213,6.0,14.0,0.9994,3.19,0.62,9.5,5.352499999999999
6.1,0.32,0.25,2.3,0.0714,23.0,63.2,0.9941,3.402,0.97,10.82,6.227500000000001
7.3,0.59,0.26,2.0,0.08,17.0,104.0,0.9958,3.28,0.57,9.6,5.202500000000001
10.2,0.33,0.46,2.78,0.081,6.0,24.2,0.9965,3.1,0.48,11.3,5.887499999999999
9.3,0.39,0.44,2.1,0.107,34.0,94.2,0.9978,3.228,0.844,9.5,5.300000000000001
7.16,0.412,0.32,2.34,0.0752,11.6,32.2,0.9966,3.36,0.52,10.88,5.58
9.94,0.6,0.49,2.8,0.075,5.0,19.0,0.9994,3.14,0.57,11.4,5.7075
5.4,0.74,0.01,2.82,0.1068,16.0,26.0,0.99684,3.588,0.56,11.6,5.4975000000000005
7.22,0.764,0.1,2.2,0.0924,19.4,51.0,0.99568,3.52,0.596,11.2,5.7225
5.3,0.47,0.11,2.2,0.0558,16.0,89.0,0.9918,3.54,0.88,13.6,6.5575
8.2,0.424,0.6,3.0,0.104,10.0,34.6,0.9983,3.39,0.96,11.9,6.34
10.6,0.42,0.48,2.7,0.065,5.0,25.2,0.99742,3.21,0.87,11.3,6.2775
7.4,0.594,0.126,1.92,0.071,14.0,25.0,0.99652,3.35,0.63,9.56,5.5325
12.2,0.45,0.49,1.4,0.0808,3.0,6.0,0.9969,3.13,0.63,10.4,5.595
10.3,0.59,0.316,2.76,0.09,35.0,73.0,0.999,3.28,0.7,9.9,5.4425
7.5,0.42,0.31,1.6,0.08,15.0,36.2,0.9978,3.31,0.64,10.1,5.615
9.9,0.42,0.552,3.3,0.105,33.0,98.0,1.001,3.2,0.95,9.2,5.262499999999999
8.6,0.38,0.288,3.0,0.081,30.0,119.0,0.997,3.2,0.554,9.4,5.17
9.06,0.59,0.5,2.46,0.337,27.0,72.0,0.9964,3.04,1.61,9.5,5.37
7.1,0.59,0.02,2.3,0.082,24.0,94.0,0.9974,3.55,0.53,9.7,5.135
8.54,0.39,0.404,1.8,0.118,6.0,14.0,0.9982,3.3,0.74,9.8,5.5875
11.0,0.443,0.51,2.0,0.121,7.0,20.0,0.9996,3.128,0.76,10.4,5.7375
7.5,1.115,0.1,3.1,0.1178,4.2,12.0,0.9958,3.54,0.6,11.2,5.112500000000001
7.94,0.56,0.196,2.33,0.064,13.0,29.0,0.99638,3.316,0.638,11.7,6.109999999999999
8.1,0.29,0.428,2.2,0.059,35.0,84.8,0.995,3.27,1.01,12.4,6.387499999999999
7.96,0.63,0.33,6.7,0.235,66.0,115.0,0.99624,3.212,0.56,9.5,5.175000000000001
10.6,0.394,0.526,2.5,0.1322,11.2,38.8,0.99622,3.17,0.86,10.66,6.0625
9.44,0.35,0.464,2.1,0.062,5.0,14.0,0.9971,3.238,0.79,11.66,6.595
8.02,0.394,0.39,1.7,0.062,3.0,9.0,0.9948,3.14,0.712,10.88,6.3774999999999995
9.3,0.27,0.41,2.1,0.091,6.0,18.2,0.998,3.28,0.7,10.86,6.1025
8.2,0.554,0.17,1.9,0.057,43.0,74.0,0.9973,3.32,0.774,12.0,6.140000000000001
7.8,0.53,0.04,1.7,0.076,17.0,31.0,0.9964,3.33,0.588,10.12,5.6025
7.5,0.49,0.18,1.6,0.0764,24.0,58.0,0.99656,3.34,0.672,9.4,5.3375
7.0,0.38,0.49,2.5,0.097,33.0,70.0,0.9962,3.39,0.77,11.4,6.0775
12.5,0.6,0.618,4.3,0.1,5.0,14.0,1.001,3.066,0.74,11.02,5.73
7.6,0.58,0.094,1.9,0.089,12.8,31.0,0.99644,3.334,0.554,10.58,5.802499999999999
13.0,0.382,0.49,2.2,0.085,19.2,47.0,0.99756,3.13,0.68,10.42,5.79
7.88,0.645,0.03,1.9,0.086,14.0,57.0,0.99686,3.37,0.568,10.3,5.485
8.14,0.44,0.15,1.88,0.076,22.0,50.6,0.99696,3.228,0.62,9.3,5.4575
12.0,0.28,0.49,1.9,0.0848,10.0,21.0,0.9976,2.98,0.984,10.46,6.1375
6.8,0.59,0.06,6.0,0.0788,11.0,18.0,0.9962,3.458,0.66,10.8,5.6725
6.1,0.21,0.298,1.4,0.066,40.5,165.0,0.9912,3.25,0.828,11.9,6.36
8.8,0.27,0.46,2.1,0.095,20.0,29.0,0.9949,3.26,0.712,11.3,6.3625
9.0,0.8,0.298,2.4,0.083,9.2,28.0,0.99748,3.33,0.65,10.4,5.515000000000001
9.26,0.374,0.4,2.4,0.071,7.8,19.0,0.99678,3.244,0.73,10.6,6.0925
7.38,0.6,0.04,2.26,0.0884,18.8,88.0,0.99708,3.39,0.55,9.5,5.08
7.5,0.705,0.24,1.8,0.36,21.6,63.0,0.9964,3.238,1.59,9.5,5.2775
6.4,0.57,0.12,3.78,0.12,13.8,79.0,0.9952,3.47,0.71,10.72,5.54
9.4,0.489,0.28,3.2,0.087,18.0,72.0,1.0001,3.194,0.53,9.72,5.15
11.9,0.496,0.66,3.1,0.109,5.6,23.0,1.0,3.15,0.85,10.4,5.6325
8.22,0.88,0.28,2.4,0.086,30.0,147.0,0.9979,3.24,0.53,9.4,4.9925
7.8,0.52,0.124,1.9,0.081,14.0,38.0,0.9984,3.43,0.65,9.0,5.7475
7.18,0.55,0.13,2.08,0.074,21.0,61.4,0.9974,3.25,0.626,9.78666,5.382499999999999
10.7,0.428,0.53,2.92,0.07,7.8,16.0,0.99696,3.142,0.65,10.62,5.7675
7.4,0.54,0.194,1.8,0.082,15.0,34.0,0.9966,3.348,0.68,9.56,5.555000000000001
7.5,0.594,0.088,1.7,0.084,13.0,44.0,0.9954,3.36,0.54,10.5,5.7425
7.9,0.45,0.34,2.12,0.0832,19.4,72.0,0.998,3.302,0.6,9.78,5.385000000000001
8.0,0.31,0.494,2.93,0.216,5.0,16.0,0.9936,3.284,0.81,12.5,6.6575
6.1,0.666,0.09,1.7,0.083,18.0,30.0,0.994,3.468,0.54,11.2,5.5575
8.9,0.48,0.53,4.0,0.101,3.0,10.0,0.99668,3.21,0.67,12.1,6.4350000000000005
7.5,0.685,0.07,2.5,0.058,5.0,13.8,0.99494,3.38,0.55,10.9,5.355
11.6,0.44,0.64,2.1,0.059,5.0,15.0,0.99734,3.144,0.67,10.2,5.545000000000001
6.7,0.541,0.02,1.98,0.064,29.0,38.0,0.9947,3.3,0.56,10.12,5.569999999999999
7.44,0.63,0.196,2.0,0.083,15.2,91.0,0.9962,3.26,0.564,9.8,5.282500000000001
8.2,0.78,0.0,2.2,0.0876,13.0,26.0,0.9979,3.37,0.574,9.6,5.077500000000001
8.04,0.5,0.278,1.5,0.085,19.0,49.0,0.99802,3.35,0.78,9.5,5.727499999999999
7.1,0.508,0.2,1.9,0.077,28.0,56.2,0.9956,3.296,0.64,10.4,5.579999999999999
9.8,0.677,0.19,3.2,0.081,8.0,30.0,0.9984,3.086,0.58,10.5,5.467499999999999
10.24,0.412,0.64,2.4,0.107,6.0,15.0,0.99598,3.206,0.66,11.8,6.3025
7.52,0.48,0.256,2.0,0.076,20.0,61.0,0.9953,3.308,0.6,9.58,5.41
7.3,0.67,0.05,2.96,0.0798,7.6,20.0,0.9972,3.35,0.63,10.18,5.2625
7.9,0.438,0.25,2.9,0.099,18.4,45.0,0.99698,3.49,0.78,12.1,6.2925
7.36,0.78,0.23,2.6,0.059,5.0,13.8,0.99656,3.37,0.56,11.3,5.1625
8.5,0.655,0.49,6.5,0.122,34.0,151.0,0.99688,3.31,1.14,9.48,5.1325
7.44,0.53,0.14,2.1,0.077,15.0,29.0,0.9932,3.35,0.608,9.76,5.657500000000001
6.48,0.706,0.01,1.7,0.054,5.0,27.0,0.9934,3.57,0.84,11.66,6.0600000000000005
7.6,0.645,0.03,1.88,0.0856,14.0,50.0,0.99742,3.37,0.46,10.28,5.3125
7.2,0.38,0.38,2.12,0.068,24.2,42.0,0.9936,3.328,0.782,12.9,6.632499999999999
12.6,0.41,0.54,2.8,0.0852,19.0,41.0,0.9994,3.21,0.772,11.3,6.155
8.62,0.424,0.398,2.1,0.074,8.2,16.0,0.99668,3.27,0.74,12.3,6.6575
12.8,0.615,0.578,5.8,0.0836,11.4,48.8,1.0022,3.07,0.638,10.0,5.380000000000001
11.64,0.454,0.69,2.8,0.095,9.2,35.0,0.9994,3.178,0.63,10.28,5.4275
7.0,0.36,0.278,2.4,0.086,22.2,69.0,0.9956,3.37,0.652,10.1,5.7975
7.3,0.78,0.23,2.6,0.059,5.0,15.0,0.99584,3.37,0.586,11.3,5.38
8.1,0.545,0.18,1.9,0.08,13.0,35.0,0.9972,3.294,0.59,9.0,5.7
7.9,0.442,0.25,2.9,0.072,19.8,45.0,0.99636,3.49,0.674,12.1,6.2975
8.64,0.517,0.5,4.3,0.046,14.6,34.8,0.9902,3.49,0.798,13.6,6.672499999999999
6.1,0.21,0.306,1.4,0.066,40.5,165.0,0.9912,3.25,0.83,11.9,6.3575
9.1,0.775,0.22,2.12,0.079,12.0,48.0,0.9976,3.18,0.51,9.74,5.0649999999999995
8.6,0.8,0.11,2.0,0.0816,12.0,31.0,0.9979,3.4,0.586,9.9,5.1274999999999995
8.2,0.78,0.0,2.2,0.0868,13.0,26.0,0.99606,3.37,0.556,9.6,5.0425
7.3,1.07,0.09,1.7,0.082,10.0,89.0,0.9962,3.3,0.57,9.0,4.835
8.64,0.49,0.532,2.0,0.1626,19.0,82.6,0.99818,2.93,1.98,10.02,5.565
10.78,0.48,0.54,2.6,0.085,19.0,64.0,0.99568,3.188,0.61,10.5,5.612500000000001
6.4,0.39,0.33,3.3,0.089,12.0,40.8,0.9929,3.36,0.62,12.2,6.1025
8.8,0.61,0.19,4.0,0.094,30.0,69.0,0.9979,3.22,0.632,10.0,5.275
7.0,0.514,0.08,1.8,0.0736,16.8,60.2,0.99664,3.34,0.54,9.2,5.265
8.6,0.47,0.32,2.4,0.0772,14.2,29.0,0.9979,3.08,0.46,10.6,5.5475
10.6,0.42,0.48,2.7,0.065,5.0,20.6,0.99684,3.21,0.87,11.3,6.317500000000001
7.76,0.64,0.17,5.4,0.168,22.2,98.0,0.9974,3.28,0.622,9.58,5.109999999999999
8.1,0.46,0.31,2.8,0.093,19.0,98.0,0.99552,3.32,0.63,9.5,5.2275
8.0,0.715,0.112,2.3,0.087,19.0,81.0,0.9969,3.33,0.54,9.5,5.217499999999999
6.9,0.52,0.068,2.6,0.081,14.0,37.0,0.9969,3.46,0.562,9.44,5.265000000000001
11.6,0.414,0.594,3.65,0.121,6.0,14.0,0.99692,3.1,0.74,11.5,6.2625
5.2,0.34,0.0,1.8,0.05,27.0,63.0,0.99766,3.68,0.79,12.18,6.265000000000001
7.7,0.36,0.21,2.0,0.052,19.0,52.4,0.9951,3.15,0.79,10.9,6.35
7.3,0.55,0.088,2.5,0.0672,7.8,15.0,0.9951,3.35,0.58,11.0,5.4475
12.16,0.43,0.58,2.32,0.07,15.0,30.6,0.99632,3.06,0.49,9.92,5.3175
8.64,0.45,0.23,2.2,0.094,16.0,29.0,0.9962,3.21,0.49,10.2,5.4425
6.18,0.49,0.03,1.8,0.044,28.0,87.0,0.99778,3.51,0.82,14.0,6.335
6.8,0.624,0.054,4.8,0.0956,26.0,39.0,0.9958,3.53,0.792,10.78,5.74
7.0,0.56,0.13,1.96,0.077,25.0,42.0,0.99572,3.34,0.59,9.2,5.3725000000000005
7.4,0.6,0.038,2.14,0.0732,12.0,53.0,0.99752,3.37,0.558,9.84,5.1625
8.24,0.527,0.334,3.5,0.1132,5.0,10.0,0.9972,3.25,0.592,11.46,5.6075
7.04,0.715,0.02,1.7,0.0842,13.0,49.6,0.9954,3.452,0.54,10.5,5.45
7.72,0.39,0.16,1.4,0.08,7.6,23.0,0.9955,3.34,0.56,9.3,5.33
10.6,0.44,0.564,4.1,0.114,6.0,23.4,0.997,3.134,0.66,13.4,6.460000000000001
7.34,0.71,0.02,2.14,0.071,5.2,14.0,0.99634,3.446,0.71,11.7,5.8374999999999995
7.0,0.58,0.062,4.8,0.0844,12.0,69.0,0.9963,3.32,0.61,11.0,5.4325
7.4,0.61,0.01,2.0,0.074,16.2,38.0,0.99636,3.48,0.566,9.8,5.199999999999999
7.48,0.63,0.168,2.0,0.083,16.0,91.0,0.9962,3.26,0.526,9.8,5.1975
9.2,0.58,0.2,2.4,0.0916,30.8,115.0,0.99722,3.186,0.59,9.5,5.1274999999999995
7.8,0.58,0.02,2.0,0.073,9.0,18.0,0.9968,3.36,0.57,9.5,5.3475
7.02,0.44,0.15,2.12,0.076,22.0,54.0,0.9973,3.358,0.62,9.3,5.510000000000001
6.4,0.63,0.062,1.6,0.08,12.0,32.0,0.9969,3.58,0.66,11.48,5.925000000000001
8.0,0.715,0.172,2.3,0.0794,16.2,81.0,0.9969,3.298,0.54,9.5,5.364999999999999
8.28,0.354,0.37,0.9,0.049,36.0,97.4,0.9901,2.89,1.142,12.7,6.195
6.88,0.41,0.24,2.2,0.066,18.0,42.4,0.9956,3.422,0.62,11.04,5.93
7.08,0.45,0.34,2.0,0.0828,22.2,72.0,0.998,3.302,0.6,10.82,5.57
8.56,0.63,0.17,2.9,0.099,27.6,119.0,0.998,3.09,0.52,9.4,5.08
7.2,0.76,0.0,2.9,0.119,39.8,52.0,0.9938,3.51,0.6,11.5,5.7875
6.9,0.473,0.21,4.1,0.074,16.0,65.0,0.9984,3.374,0.72,9.2333,5.455000000000001
6.74,0.54,0.13,1.88,0.0768,11.6,36.0,0.9973,3.468,0.64,9.8,5.4350000000000005
10.52,0.49,0.49,2.2,0.083,5.0,19.4,0.99706,3.19,0.43,10.36,5.4225
11.0,0.26,0.56,2.44,0.085,15.0,46.4,0.99754,3.18,0.61,11.8,6.1
5.6,0.605,0.05,2.4,0.073,19.0,25.0,0.9959,3.56,0.55,12.9,5.7425
7.4,0.39,0.19,1.94,0.082,17.2,67.0,0.9972,3.348,0.55,10.0,5.404999999999999
7.4,0.39,0.264,2.08,0.082,27.0,67.0,0.9972,3.372,0.55,9.46,5.2625
7.46,0.43,0.29,2.08,0.075,27.0,45.0,0.996,3.412,0.54,9.88,5.2924999999999995
9.3,0.5,0.36,1.8,0.0782,6.0,17.0,0.99618,3.184,0.77,10.8,6.08
7.08,0.551,0.1,2.2,0.0916,18.8,51.0,0.9974,3.52,0.676,11.2,6.012499999999999
8.3,0.666,0.13,2.3,0.096,14.0,63.0,0.9984,3.37,0.62,9.1,5.34
9.9,0.57,0.486,2.0,0.104,12.0,89.0,0.99518,3.04,0.9,10.1,5.5475
9.24,0.713,0.03,4.1,0.0908,27.0,46.0,0.9959,3.02,0.47,9.2,5.1274999999999995
7.3,0.6,0.04,2.66,0.0848,20.8,88.0,0.9949,3.386,0.55,9.5,5.0425
9.1,0.29,0.33,1.96,0.0776,13.0,27.0,0.99692,3.24,0.808,10.8,6.3149999999999995
6.5,0.52,0.11,1.8,0.073,13.0,38.0,0.9955,3.34,0.614,11.06,5.8149999999999995
8.1,0.585,0.18,2.4,0.0804,21.8,60.0,0.9964,3.362,0.54,9.54,5.19
9.9,0.432,0.45,2.3,0.0808,14.4,31.4,0.9991,3.212,0.62,9.4,5.6000000000000005
11.5,0.18,0.51,2.68,0.104,4.0,23.0,0.99714,3.28,0.936,10.1,6.0
8.9,0.738,0.03,4.1,0.125,27.0,46.0,0.9959,3.02,0.47,9.2,5.067500000000001
6.8,0.83,0.056,1.8,0.074,4.0,25.0,0.99706,3.38,0.606,9.6,4.865
7.28,0.68,0.01,2.84,0.103,15.0,48.0,0.9965,3.454,0.66,10.4,5.5
7.8,0.57,0.25,2.2,0.0802,6.8,17.0,0.99818,3.32,0.61,11.08,5.5475
8.9,0.28,0.45,1.7,0.067,7.0,12.0,0.9935,3.25,0.55,10.88,6.1325
5.7,0.6,0.0,1.4,0.063,7.8,18.0,0.9919,3.45,0.56,12.2,5.6975
8.4,1.02,0.258,2.06,0.076,19.6,88.0,0.998,3.08,0.598,10.1,5.1775
5.7,0.6,0.0,1.4,0.063,7.0,18.0,0.9919,3.45,0.56,12.2,5.7
11.32,0.398,0.68,8.3,0.05,37.5,278.0,0.9932,3.01,0.666,12.3,6.154999999999999
5.3,0.47,0.11,2.2,0.0508,16.0,89.0,0.9918,3.54,0.88,13.6,6.5675
7.5,0.27,0.162,2.3,0.05,4.0,8.0,0.99768,3.4,0.79,11.0,6.2075000000000005
9.0,0.46,0.45,2.7,0.065,7.0,16.6,0.99698,3.32,0.79,14.0,6.815000000000001
10.0,0.44,0.49,2.7,0.077,7.6,19.0,0.9963,3.168,0.63,11.6,6.155
7.2,0.48,0.07,5.5,0.089,10.0,18.0,0.9968,3.436,0.68,11.08,5.8125
10.1,0.28,0.46,1.8,0.05,15.3,56.0,0.9974,3.106,0.79,11.36,6.217499999999999
7.26,0.61,0.094,1.8,0.077,16.4,65.0,0.9971,3.54,0.58,10.68,5.494999999999999
6.9,0.41,0.33,2.2,0.081,22.0,36.0,0.9949,3.476,0.75,10.86,6.155
9.5,0.59,0.44,2.3,0.0786,21.0,68.0,0.99582,3.46,0.63,9.5,5.35
7.78,0.63,0.33,6.7,0.235,66.0,115.0,0.99902,3.318,0.56,9.5,5.13
6.8,0.91,0.06,2.0,0.06,4.4,11.0,0.9959,3.544,0.64,10.76,5.0575
11.38,0.33,0.59,2.8,0.079,9.0,20.0,0.9976,3.146,0.54,12.0,6.0725
7.6,0.715,0.0,2.2,0.08,30.0,49.6,0.9953,3.48,0.65,11.4,5.8825
8.18,0.67,0.23,2.1,0.088,19.4,96.0,0.9962,3.32,0.48,9.9,5.1274999999999995
8.88,0.441,0.302,1.5,0.0802,22.0,41.0,0.9973,3.3,0.786,10.34,6.09
6.8,0.574,0.08,2.12,0.068,14.4,38.0,0.9965,3.42,0.648,10.8,5.87
9.5,0.517,0.24,2.7,0.092,14.0,44.0,0.99622,3.12,0.74,9.78,5.6525
12.0,0.28,0.49,1.9,0.0696,10.0,21.0,0.9976,2.98,0.846,11.2,6.455
8.0,0.5,0.39,2.6,0.082,12.0,46.0,0.99662,3.43,0.62,9.8,5.55
7.9,0.6,0.06,2.12,0.0688,15.0,59.0,0.9964,3.3,0.506,9.4,5.125
8.0,0.59,0.05,2.4,0.0702,12.0,32.0,0.9973,3.36,0.61,10.0,5.585
7.7,0.57,0.21,1.5,0.069,4.0,9.0,0.9946,3.16,0.54,9.8,5.405
7.0,0.62,0.18,1.5,0.0792,16.4,50.0,0.9951,3.08,0.6,9.9,5.375
8.26,0.18,0.566,4.0,0.1492,6.6,23.0,0.9996,3.28,1.068,11.04,6.145
7.6,0.42,0.08,2.24,0.0676,15.0,48.0,0.9968,3.31,0.59,11.14,5.790000000000001
6.9,0.84,0.21,4.1,0.095,16.0,73.8,0.99576,3.53,0.72,9.25,5.1525
6.08,0.59,0.1,1.7,0.063,34.0,53.0,0.99618,3.41,0.726,11.16,6.12
8.9,0.372,0.45,1.9,0.052,6.0,18.2,0.99628,3.35,0.7,10.76,6.1
7.1,0.597,0.14,2.34,0.0848,15.0,37.0,0.9962,3.36,0.688,10.7,5.9399999999999995
7.44,0.42,0.19,2.3,0.0696,18.0,36.0,0.99628,3.39,0.56,10.9,5.71
7.2,0.38,0.276,1.8,0.073,31.0,70.0,0.9969,3.42,0.684,9.71,5.535
9.7,0.55,0.17,2.24,0.078,20.0,67.0,1.0004,3.14,0.61,9.4,5.4174999999999995
6.5,0.46,0.276,2.4,0.114,9.0,18.2,0.9973,3.66,0.65,9.8,5.34
8.78,0.505,0.27,1.94,0.079,38.0,142.0,0.99638,3.22,0.55,10.3,5.342499999999999
10.2,0.498,0.42,2.84,0.071,7.0,20.8,0.9957,3.14,0.79,11.1,6.1325
8.5,0.47,0.27,1.9,0.058,18.0,49.2,0.9952,3.16,0.654,11.1,6.06
8.1,0.78,0.1,3.3,0.09,4.6,13.0,0.9986,3.36,0.552,9.5,4.905
7.78,0.51,0.32,2.68,0.075,30.2,122.0,0.99662,3.22,0.552,9.7,5.197500000000001
11.3,0.48,0.618,2.78,0.09,20.0,47.0,0.9971,3.15,0.57,10.5,5.4350000000000005
7.4,0.785,0.19,2.52,0.082,19.0,98.0,0.9971,3.278,0.578,9.6,5.1525
7.8,0.53,0.04,1.7,0.076,17.0,31.0,0.9964,3.33,0.588,9.34,5.5375
9.22,0.46,0.45,2.3,0.065,7.0,16.0,0.9959,3.32,0.79,14.0,6.7675
7.8,0.565,0.15,2.12,0.068,11.0,38.4,0.996,3.34,0.61,11.6,5.9025
12.3,0.39,0.63,2.3,0.0798,6.0,18.0,1.0004,3.16,0.49,10.28,5.3275
