479.151555354912,0,0,177.441410749779,2.5,1055,676,28,61.89
344.100763723593,142.5,0,226.647974270092,0,932,594,270,40.27
332.5,142.5,0,232.358008046812,0,932,594,365,41.05
160.837651497788,132.4,0,204.075069788216,0,978.4,825.5,360,44.3
308.876328210981,95,15.2994247267072,234.383991440245,0,983.987526032016,594,365,43.7
266,145.017814597266,-11.0303146487227,202.345813175188,0,932,737.117013985395,140.813816555704,45.85
475,0,0,192.136644594035,0,932,757.84460272102,28,39.29
198.6,132.4,0,155.230978176698,8.23890512694505,978.4,825.5,90,38.07
187.89675390788,132.4,0,192,0,978.4,825.5,28,28.02
427.5,47.5,0,228,0,932,594,270,43.01
190,190,0,228,0,932,670,90,42.33
304,70.3424193007874,0,194.869499504522,0,932,808.324656338102,28,47.81
380,88.7365375409815,0,228,0,932,624.384338985517,90,52.91
139.6,209.4,0,192,0,957.795608958695,806.9,90,39.36
342,42.3111309555498,0,228,0,932,670,365,56.14
380,95,0,228,0,929.642416589755,633.351780124451,90,40.56
139.6,209.4,-31.0445321191059,192,-1.12836396513354,1047,806.9,3,8.06
139.6,209.4,21.0395690948635,192,0,922.465920486305,806.9,180,44.21
380,0,0,228,0,932,670,270,53.3
380,102.524566896563,0,228,0,932,594,270,41.15
342,38,37.9681739156164,228,-1.56178965656296,932,670,180,52.12
475,0,0,228,0,932,671.655017729017,7,38.6
266,25.06471078083,63.2397589973343,228,-0.965335986126772,946.536862206706,705.550320076599,365,52.91
198.6,87.0365374081797,0,192,0,978.4,825.5,56.7237621476239,41.72
475,37.1894983062133,0,226.945189109351,-1.12832863840718,932,594,270,42.13
190,158.708472024313,0,228,-0.784235076524209,932,670,365,53.69
237.5,237.5,0,228,1.53402657308212,932,594,270,38.41
332.5,142.5,0,228,-1.95754403330491,932,619.455119800865,90,37.72
237.5,237.5,-21.119954948375,228,0,932,603.056821596238,180,36.25
427.522077822474,38,0,211.257811596155,0,932,670,90,50.46
427.5,89.3812727284252,0,228,0.799729620251668,932,594,171.742939099481,43.7
380,99.3301720578449,-5.62354130202326,228,-1.98439093557949,932,670,180,53.1
427.5,47.5,36.9829799956863,228,0,932,621.541863638322,90,41.54
427.5,26.8972443221681,0,228,0,932,674.215714056963,7,35.08
380,95,0,228,0,932,628.14252113097,180,40.76
380,95,0,228,0,962.265464819456,594,7,32.82
298.425489993827,11.6904090905287,40.7191901827581,200.270795046588,0,932,752.987242924101,140.131854985997,46.93
304,162.295465357835,0,228,0,889.732961819275,670,90,49.19
139.6,209.4,9.20719405734293,176.718799289815,0,1047,806.9,7,14.59
198.6,132.4,0,190.50061478737,0,987.227261371778,811.104046448808,7,14.64
475,50.9799157590672,0,228,0,932,637.006177518031,89.9416772356057,41.93
304,76,53.7424255640997,207.884340013512,0,932,670,148.499061050046,50.95
332.5,142.5,-29.7975561274658,228,0,869.36000406335,711.060606651911,138.370394442564,33.02
304,76,60.1149320871089,216.769935111087,0,932,670,125.919433542279,54.38
266,114,49.7758531134249,210.952811803535,1.87452354453805,932,670,270,51.73
190,190,0,228,-2.28471034600257,932,670,270,50.66
306.906384708534,100.162285800748,0,228,0,932,670,166.733811434589,55.06
139.6,209.4,0,192,0,1047,806.9,360,44.7
340.181877440965,142.5,-17.0516055204379,228,0,954.110145971405,594,98.5588948067274,30.28
265.146534481801,190,0,228,0,932,670,147.856026788399,40.86
485,0,-36.9260240147816,168.401053722979,0,1120,675.10640590612,28,71.99
182.165532236669,262.2,0,168.004202115965,4.25144573325293,1046.9,700.636607174477,3,28.8
425,56.7448814428022,0,174.761576391986,8.12287474812305,928.054414980902,803.7,40.7673253215575,36.3
475,118.8,44.0853532791411,196.946261848765,8.9,852.1,661.759116741154,3,37.8
469,117.2,0,137.8,32.2,852.1,840.5,3,40.2
425,-21.8822277920011,90.5472644633386,153.5,16.5,956.300089503216,799.995123566288,3,33.4
388.6,-7.86925041811218,0,157.9,9.23947642142874,947.0002523602,925.7,3,28.1
425,84.2758906609483,0,153.5,16.5,852.1,881.440092447382,11.8416337143344,33.4
318.8,212.5,0,155.7,12.9821450633846,852.1,880.4,3,25.2
401.8,94.7,0,147.4,10.7518509920367,946.8,852.1,3,41.1
362.6,52.9698178593173,0,164.9,11.6,944.7,826.836550444076,3,35.3
323.7,282.8,0,183.8,10.3,904.521364302203,659.9,-29.363549568395,28.3
362.6,101.716941285304,0,169.710987021005,11.6,944.7,750.714096011399,40.3980329442217,35.3
286.3,110.234662312132,0,167.281533834655,11.2,1004.6,803.7,3,24.4
362.6,189,0,174.204528838687,11.6,944.7,755.8,3,35.3
389.9,189,0,145.9,22,944.7,725.436320488919,3,40.6
356.17721019475,98.4362939097093,0,164.9,11.6,944.7,755.8,-17.4991724064434,35.3
337.9,189,0,180.259522497549,9.5,944.7,755.8,-39.1826490015925,24.1
374,189.2,0,170.1,10.1,926.1,756.7,7,46.2
425,106.3,1.84375185728638,153.5,16.5,852.1,887.1,7,49.2
375,93.8,0,126.6,23.4,852.1,992.6,-16.9907928608283,45.7
425,106.3,73.5894508382397,153.5,17.8829505737631,852.1,768.046724565924,7,49.2
425,64.6654881983695,0,153.5,11.0574415830418,852.1,887.1,7,49.2
227.809562627855,212.5,0,170.000557943556,14.3,852.1,880.4,7,33.4
401.8,94.7,0,147.4,14.0282497650061,946.8,852.1,-19.511960048499,54.1
362.6,189,-2.30755300489294,174.954972869837,11.6,900.464051003659,755.8,41.3126258749874,55.9
277.820295300276,151.2,0,164.059101423077,15.9,947.392071733672,787.559679111085,26.4512455943789,47.1
362.6,189,0,175.391974308223,11.6,944.7,732.304683324849,54.3903556684426,55.9
286.3,121.46638938186,0,164.300138272618,8.26507304306822,1004.6,803.7,55.9951527758858,38
389.9,110.902403664492,0,143.783329671505,22,944.7,814.179449995458,7,59.09
362.6,189,0,164.9,11.6,927.70074733198,755.8,7,22.9
234.049352394614,189,46.3670956611933,174.9,9.5,944.7,755.8,7,35.1
374,189.2,0,170.1,10.1,899.073185681019,756.7,28,61.09
425,106.3,0,153.5,16.5,852.1,887.1,28,60.29
375,107.775244762551,0,126.6,23.4,852.1,992.6,28,56.7
475,118.8,-29.7093001272373,181.1,8.9,823.154177773647,781.5,28,68.3
388.6,97.1,0,157.9,11.8134482387387,852.1,925.7,43.7703825220851,50.7
531.3,0,0,141.8,28.2,852.1,868.953123680219,28,56.4
416.802403888568,106.3,0,156.550824448934,16.5,943.076225610388,757.109255499911,28,60.29
363.68698393344,94.7,93.0591869255622,147.4,14.1537546488182,865.890943068155,852.1,28,68.5
362.6,189,0,164.9,13.5406106193107,944.7,713.738735867995,28,71.3
323.7,214.157261505568,0,183.8,10.3,942.7,659.9,28,74.7
398.609911554703,127.027345985139,0,153.9,15.9,1067.5786565377,605,49.4799580880973,52.2
362.6,189,0,164.9,11.6,944.7,755.8,28,71.3
286.3,200.9,59.8642911598905,144.7,15.1143600432478,933.88641354939,803.7,28,67.7
362.6,189,6.31818102189807,164.9,10.9177384375848,944.7,755.8,140.239596052486,71.3
439,177,18.4763031899635,186,11.3486062426655,884.9,707.9,28,66
389.9,189,0,145.9,17.3806670088273,944.7,755.8,28,74.5
362.6,75.7895910591361,112.936623061569,164.9,11.6,944.7,755.8,28,71.3
287.104566736254,189,0,174.9,9.5,944.7,750.030791315357,28,49.9
374,189.2,0,170.1,10.1,926.1,733.360638755261,56,63.4
313.3,262.2,44.0460110441802,160.276047479921,11.9206596881326,1046.9,611.8,56,64.9
425,106.3,43.3237882980182,169.690062236392,14.9401016315756,852.1,780.206711328686,56,64.3
425,106.3,83.1515448475812,151.4,18.6,936,710.039232941076,14.6427486148624,64.9
475,118.8,0,181.1,8.9,852.1,781.5,117.510737607412,72.3
425,142.874663738723,0,164.731303899653,16.5,852.1,747.57623423108,56,64.3
388.6,97.1,0,157.9,12.1,852.1,854.678540093064,68.266075531342,55.2
531.3,0,0,141.8,28.2,837.027990758048,893.7,3.72252904188236,58.8
425,106.3,0,181.054070620219,10.435032916115,852.1,764.949287867515,103.143504252646,64.3
401.8,94.7,0,147.4,14.9606578063089,946.8,852.1,70.6802028195214,73.7
362.6,189,0,156.512091055572,10.7037715247542,944.7,755.8,56,77.3
379.5,151.2,12.8257789418849,171.041806401019,15.9,868.878387357688,751.413666095237,56,54.9
362.6,189,0,164.9,10.942817778388,944.7,726.639953120098,88.02995486913,77.3
436.819717282555,108.59119758692,0,144.7,11.8890529816817,1004.6,786.929241979478,56,72.99
439,177,0,186,11.5459664070106,884.9,707.9,56,71.7
337.855010270283,189,75.3563649900239,137.445800448528,22,944.7,784.509175547065,53.1824688913149,79.4
337.9,189,0,161.89003549068,12.9401391037697,944.7,755.8,56,59.89
339.959479883997,189.2,0,170.1,10.1,926.1,756.7,91,64.9
376.451766242758,262.2,-76.099585234414,175.5,8.6,1046.9,611.8,91,66.6
425,129.28227197824,0,153.5,16.5,898.461931477683,772.183035241861,10.0480527931396,65.2
425,106.3,0,155.357945828578,14.2666717513487,936,803.7,48.0778802324019,66.7
375,-8.25813376583334,112.863251943617,116.618905362215,23.4,852.1,992.6,-20.0136298245655,62.5
449.151702663893,117.2,0,137.8,32.2,852.1,840.5,91,70.7
380.788469463878,106.3,0,153.5,16.5,856.745996393791,887.1,37.2898853802214,65.2
422.693375896701,106.3,0,157.330490772686,16.5,852.1,803.840751977275,91,65.2
318.8,212.5,56.1442672720765,155.7,17.0631175924426,852.1,752.689603885605,79.8697478032111,68.1
362.6,189,0,167.792754319311,11.6,881.070962311696,755.8,91,79.3
471.87088857729,151.2,0,153.9,15.9,1037.41590650271,605,91,56.5
362.6,145.617696507881,0,164.9,11.6,944.7,755.8,91,79.3
286.3,113.429645004419,143.243390228458,144.7,17.2549429817517,1004.6,724.632656444602,91,76.8
319.305501265139,189,127.666621233162,141.274109953401,22,884.851464996244,752.220365816703,91,82.6
362.6,175.930269715709,0,164.9,11.6,944.7,755.8,91,79.3
337.9,189,0,174.9,9.5,944.7,755.8,113.925414116387,67.8
222.4,0,96.7,189.3,4.5,967.1,870.3,3,11.58
236.858839040611,35.1639270884194,96.7,179.386336439193,7.27462841686908,989.341672024807,739.610333867165,28,24.89
222.4,0,96.7,189.3,5.5392564186469,888.427625574412,870.3,79.2682538720884,29.45
142.819634889277,27.3582833739854,94.6,197.9,1.14083937037891,947,852.2,3,10.38
233.8,42.1507789334527,94.6,180.334301151879,4.6,947,852.2,14,22.14
233.8,0,143.305929250018,197.9,3.20739596583858,947,736.334499210763,88.5305828030889,22.84
233.8,0,94.6,169.026110917725,10.1925011540975,944.230223544559,852.2,56,27.66
233.8,0.154626022948298,94.6,181.40108513724,4.6,947,852.2,100,34.56
194.7,0,100.5,168.192533798779,6.34277862034233,1006.4,825.715970042977,3,12.45
194.7,41.6944017406335,104.950265543636,174.365841565002,7.5,1006.4,753.645716767197,14,24.99
162.724243828046,77.1302007912184,100.5,165.6,7.5,980.12314704888,849.99081676148,28,25.72
194.7,0,100.5,165.6,7.5,1006.4,905.9,81.07370317385,33.96
190.7,-15.0923957109292,125.4,162.1,7.8,1090,804,3,15.04
192.996453302303,0,125.4,162.1,7.8,1090,788.413516923309,28,26.4
190.7,120.68129576271,125.4,162.1,12.9321939918007,940.175290230092,777.544216808909,10.8505567586024,40.57
225.689922847184,0,121.6,178.911963623849,5.7,1004.09174993851,779.3,14,20.92
212.1,-49.7534164302771,121.6,180.3,5.7,1057.6,779.3,28,24.9
198.510001201511,0,121.6,180.3,5.7,1057.6,779.3,56,34.2
212.1,0,121.6,183.672189055873,5.7,1004.94911984158,779.3,106.417280837758,39.61
230,0,118.3,195.5,2.69052706491491,994.963382673166,758.6,3,10.03
230,0,118.3,175.617728882766,4.6,1029.4,758.6,14,20.08
263.337117407926,-23.1904151409898,118.3,195.5,4.6,1029.4,758.6,100,35.34
190.896511546477,-43.8838441697855,132.421893986546,161.9,9.9,1088.1,802.6,-19.3752996159737,9.45
190.3,0,125.2,161.9,9.9,1002.90801926653,802.6,-2.2140430921821,22.72
190.3,0,125.2,161.9,11.7594590278404,1010.29578631545,856.970366228466,28,28.47
190.3,0,136.594295984869,157.325566618755,9.9,1088.1,762.249018750898,56,38.56
221.813308635565,14.217432038482,125.2,161.9,9.9,1088.1,769.060203975648,100,40.39
166.1,0,163.3,166.82481904502,7.43691310320289,1058.6,808.204203468418,3,10.76
166.1,0,163.3,176.5,4.5,1058.6,780.1,14,25.48
166.1,0,142.351408940044,176.5,4.64149546114288,1020.41222469622,792.179135190059,55.6070422863687,21.54
166.1,0,163.3,176.5,4.5,1058.6,780.1,56,28.63
162.172108837539,44.7108891797369,91.4809912717128,184.722899785206,5.7,1058.7,755.026045459278,3,7.75
168,42.1,143.746559884846,121.8,5.7,1058.7,780.1,28,24.24
168,42.1,163.8,191.46082669979,5.7,952.821255481253,780.1,71.1964781384579,32.85
168,42.1,163.8,190.683995690339,5.7,929.193633490767,780.1,100,39.23
213.7,106.179713760465,24.5,181.7,6.9,967.791269010863,785.4,3,18
213.7,98.1,97.9782812800111,181.7,7.19502839814974,947.493440469736,785.4,14,30.39
213.7,98.1,24.5,181.7,6.9,1065.8,785.4,28,45.71
272.043720773724,98.1,35.5368140707308,156.722108459649,6.9,1065.8,785.4,100,53.9
213.8,11.3007910471441,24.5,181.7,6.7,1066,775.415772545497,3,13.18
200.996992862605,98.1,24.5,181.7,6.7,1066,785.5,14,17.84
213.8,120.508466593533,24.5,162.674367961933,7.0679956214754,1066,785.5,121.548373261925,49.97
229.7,0,118.2,195.2,2.69925234131957,1028.1,757.6,44.9420225302779,13.36
207.863003115996,17.3732008999554,118.2,195.2,6.1,1028.1,757.6,14,22.32
315.837981235059,0,118.2,195.2,7.21656074916101,931.587793475031,757.6,37.7688385795392,24.54
229.7,0,95.0980559548716,195.2,6.1,1028.1,757.6,56,31.35
192.089049039671,33.3522394495379,105.660144427833,186.7,7,894.355073622982,847,65.3377558178956,19.93
338.156217773909,35.7378163569549,94.1,186.7,7.45283089181211,949.9,730.874289959103,14,25.69
238.1,0,66.8396000175139,186.7,5.68016665576356,949.9,847,69.6804832980967,30.23
238.1,9.68615771479262,94.1,176.599504291422,7,980.461769584308,803.63196923486,100,44.3
250,0,95.7,187.4,2.98122895506919,956.9,861.2,3,13.82
249.150510258408,0,95.7,187.4,5.5,956.9,861.2,14,24.92
201.387414205965,0,95.7,187.4,6.08150068650252,956.9,861.2,28,29.22
272.67273888099,0,95.7,183.733897900647,5.5,956.9,763.776441836047,20.5899881899603,38.33
250,-15.4311956391148,95.7,187.4,5.5,956.9,861.2,100,42.35
212.5,-31.3476566670661,100.4,159.3,4.63069919960424,1007.8,903.6,3,13.54
300.472134211831,0,46.9452512998361,160.561805873047,3.49566715087975,1007.8,903.6,14,26.31
212.5,-56.9708950171354,100.4,159.3,8.7,1007.8,903.6,56,42.55
212.5,0,100.4,159.3,8.7,951.756169645159,903.6,100,42.92
214.732946659651,0,100.4,164.011258288771,10.4,1003.8,903.8,3.61492976706586,13.33
237.388904643693,0,100.4,153.524705808003,10.4,1003.8,903.8,50.4651240060902,44.4
212,0,124.8,159,7.8,1085.4,799.5,3,19.52
233.813943799101,0,124.8,159,7.8,1044.92012565093,840.897132725669,-16.9845819884954,31.35
212,0,124.8,166.634007373483,7.8,1085.4,777.392027088562,28,38.5
212,0,173.630760315907,159,15.3067896969438,979.153652230179,799.5,65.2154276600646,45.08
212,51.9320414536369,99.5409727559867,158.255421521726,7.8,1085.4,744.067570809957,21.2169426470707,47.82
231.8,0,104.631254998895,174,6.7,1056.4,778.5,3,15.44
207.42210098262,0,121.6,174,6.7,1056.4,778.5,14,26.77
231.8,0,121.6,174,6.7,1056.4,778.5,28,33.73
313.408056276842,28.9733690314567,46.2390656241536,174,6.7,1056.4,778.5,84.8799711875458,42.7
268.916065591516,0,121.6,174,6.7,1056.4,722.411148940747,74.0570741731942,45.84
251.4,0,118.3,186.039807895795,5.8,1028.4,757.7,14,29.93
251.4,-10.4247477543209,118.3,179.382459917754,5.8,1028.4,757.7,56,36.97
307.673525801231,-5.18801948456836,71.4493639278949,188.5,5.8,1028.4,757.7,71.8427024627015,43.58
251.4,0,118.3,178.83125359721,6.4,1028.4,757.7,3,13.12
251.4,0,118.3,188.5,3.83518726870588,1028.4,728.523498360196,44.6979477069242,24.43
251.4,4.74310566833746,118.3,188.5,6.4,1014.19577808815,757.7,28,32.66
251.4,0,118.3,175.646633667982,6.4,1028.4,757.7,100,44.21
181.4,-13.9077287120212,167,169.6,10.531865430996,1024.98212225001,777.8,-27.7235936022593,13.62
181.4,0,167,169.6,7.6,1055.6,793.088984658213,14,21.6
181.4,0,167,169.6,7.6,1025.54884309264,777.8,28,27.77
181.4,0,167,169.6,7.6,1028.67463508624,777.8,103.963578343208,45.37
182,45.2,122,170.2,8.2,984.386432206758,806.146502634258,56,43.5
182,57.7624294103784,122,170.2,5.05975196077126,1059.4,758.686605367678,100,48.67
170.586389536126,42.2,124.3,158.3,10.8,1042.89145001846,796.2,3,7.4
299.816960846796,-63.739308693562,124.3,163.415728998552,10.8,1080.8,741.090322951459,14,23.51
168.9,42.2,127.827020898754,158.3,6.73155590934206,1037.74573451525,796.2,28,31.12
168.9,42.2,124.3,158.3,10.8,1080.8,778.799135766275,100,48.15
290.4,0,96.2,168.1,9.4,961.2,865,3,22.5
290.4,0,56.8981145412197,168.1,7.17036353349787,999.216539999294,865,14,34.67
288.912233730728,0,96.2,168.1,9.4,957.786480980277,865,80.5257342389905,45.08
367.168683875824,0,72.4401651599862,168.1,9.4,924.056380140284,865,100,48.97
154.810521761323,27.7877221575657,97.4,160.6,11.8,973.9,875.6,3,23.14
277.1,24.4537151635684,97.4,160.6,11.8,999.565170316944,793.770615555256,28,48.28
277.1,0,97.4,160.6,11.8,953.094734425167,875.6,56,51.04
277.1,0,97.4,160.6,9.62747821287652,973.9,875.6,116.842090003546,55.64
295.7,0,95.6,171.5,8.5401213626608,955.1,845.984628389789,-17.4885288416044,22.95
295.7,0,95.6,171.5,8.82986097395849,955.1,859.2,14,35.23
295.7,0,105.48273511885,171.5,8.9,955.1,775.243367193342,28,39.94
295.7,0,95.6,160.648600907424,8.9,955.1,859.2,90.1342147792736,48.72
251.8,0,99.9,146.1,12.4,1006,899.8,32.065729013159,21.02
251.8,38.1709820902933,86.9726459873161,146.1,12.4,1006,846.618976173246,56,44.14
219.359823358469,0,98.8,158.1,10.7209389714583,987.8,889,-48.9745603124259,15.36
225.627105836384,0,96.4620864929226,158.1,12.8,987.8,889,2.65107912323363,28.68
265.391757832031,0,98.8,164.841028521062,12.8,987.8,889,56,42.03
249.1,0,93.2916725770542,158.1,12.8,987.8,889,100,51.06
166.088706381107,0,156.269502936079,160.552458868093,14.2,987.8,803.345344222914,3,21.78
252.3,64.0300504639051,98.8,146.3,14.2,987.8,801.240943977356,-34.8691685707536,42.29
360.054033424181,0,98.8,146.3,14.2,987.8,832.323810936253,28,50.6
340.048776580348,0,98.8,162.566535555615,14.2,987.8,764.449820240369,59.5642802886345,55.83
246.8,0,125.1,143.3,12,1031.75252549529,832.443232845058,3,23.52
246.8,69.9389646515213,125.1,160.528629879995,12,963.980939093955,800.9,14,42.22
319.807437075176,-23.3957453752291,125.1,143.3,13.058779451897,1086.8,733.23086661551,28,52.5
275.1,-17.6030440045508,86.1560083890248,171.898013611544,5.0557811098742,1053.6,777.5,3,23.8
275.1,0,128.0094555053,159.5,9.9,1053.6,738.544625085057,86.2475704036027,38.77
297.2,-68.176354393958,117.5,174.8,9.5,1022.8,780.882712819005,3,21.91
299.984194254642,0,117.5,174.8,9.5,1022.8,753.5,14,36.99
334.697257801624,0,117.5,174.8,7.61434221487987,1022.8,715.992549606754,29.5585505256113,47.4
297.2,0,117.5,174.8,9.5,1022.8,753.5,56,51.96
297.2,0,117.5,174.8,7.82360577513369,1008.47131701135,753.5,100,56.74
213.7,0,109.227399553027,169.971849521481,10.2,1023.27515278017,776.4,66.2636380320863,33.73
213.7,0,138.797362453955,154.8,10.2,1053.5,789.175076702064,28,40.15
333.256350922494,0,95.9713448208771,154.8,10.1628430243857,1012.52232629185,776.4,44.3555412720187,46.64
213.7,0,134.619951013834,154.8,10.2,1053.5,776.4,100,50.08
213.5,0,174.2,154.6,10.7287487717826,1052.3,762.774011383202,17.1487715255419,33.7
309.393298038431,0,113.263269594172,154.6,10.7978599683527,1052.3,775.5,60.8949874180606,45.94
219.424052943006,0,174.2,154.6,11.7,1052.3,775.5,52.1153776339073,51.43
213.5,7.9688472649834,174.2,154.6,9.70285345804735,1052.3,775.5,100,59.3
277.2,97.8,68.1001979255491,160.7,11.2,1061.7,782.5,28,63.14
277.2,133.581986312763,98.9613473210474,149.190736013159,14.0627041088311,1061.7,685.196626214639,56,66.82
277.2,169.829517767271,24.5,160.7,11.2,928.164145687665,782.5,100,66.95
248.619985356089,55.1896047947921,49.7690875101973,140.8,11.9,1075.7,792.7,-45.0722276502344,35.96
218.2,54.6,123.8,140.8,13.1543146543855,1075.7,792.7,28,55.51
218.2,54.6,123.8,163.673878145073,11.9,997.349589723762,792.7,119.361560021038,61.99
323.297959806835,54.6,57.0488146679048,140.8,11.9,1075.7,792.7,71.9360425622017,63.53
214.9,46.7444437602088,121.9,174.740817745061,8.74051607974369,968.47493782185,780.6,3,18.02
214.9,53.8,134.211312353108,155.6,11.9500659057973,978.904107319107,780.6,14,38.6
214.9,73.2646771498055,107.838439208415,155.6,9.6,1014.3,786.600029172542,109.894958902249,52.2
244.373121565718,53.8,121.9,155.6,9.6,1014.3,780.6,55.9514562457792,56.63
198.769062700504,0,124.1,158.5,11.3,1078.7,794.9,3,15.34
218.9,0,122.503266659858,158.5,11.3,1078.7,794.9,-0.386730418733833,26.05
267.13505128453,4.5836944019445,124.1,158.5,11.3,1078.7,770.528071515724,56,37.27
376,0,0,214.6,0,1003.5,762.4,14,25.62
347.694644401689,0,0,214.6,-3.63251052611305,1003.5,722.850932358549,28,31.97
500,0,0,170.183503746188,4,884.836329208954,853,28,67.57
446.093455283488,-11.538488818746,43.1674272442077,145,5.9,1130,745,28,81.75
360.492058294686,73.2053588831158,60,195,7.25354014187436,915.391381470148,711.868034193807,140.393577062873,64.02
516,47.2226239814906,53.8085462969164,162,8.2,801,802,11.3905052429528,41.37
338.607511863471,151.076104371648,0,185,7.89092496252408,920,720,79.9550740794498,56.83
520,0,0,175,7.89031525912102,870,787.188386049235,28,51.02
376.038822058583,0,162.759556150061,158,20,903,768,28,55.55
306.262291807751,50,80.7802982040815,200,-0.841622581200289,1124.4,633.358755726575,28,39.38
323.942603302813,17.2,158,167,11.2837552617284,967,735.891723193439,28,55.65
333,17.5,163,167,17.9,996,652,46.7867569062569,47.28
441.899736035579,0,0,175,4.39077838025158,1120,700.623938109062,28,52.3
143.189139439005,116,119,184,5.7,833,880,28,29.16
54.6547567461437,128,122,163.466141179245,6.4,969.77400352477,879,28,39.4
234,156,0,178.81430550239,5.9,977.269903010802,768.194800023527,28,39.3
285,190,0,163,7.6,1031,685,93.5882850089497,53.58
383.296008390114,119,0,173.714872261802,9,1061,657,28,59
275,180,82.1658542950752,162,10.4,830,765,28,76.24
409.330222933688,0,59.1722842829353,151,9,1079.22391877684,655,82.1563993738852,69.84
226.13392582658,0,23.8124174862325,163.8,0,1049.19780511982,900.9,3,14.4
165,17.0245574935982,132.1,175.1,8.30057809114821,1005.8,788.111969384283,3,19.42
132.662466263527,129.8,118.6,179.9,3.6,1007.3,779.627550941913,3,20.73
258.620542348199,65.8660823214116,74.0596265176818,175.5,7.8,1006.3,746.6,1.25377473924687,14.94
111.243484087065,50.1,173.5,164.8,6.5,1006.2,793.5,3,23.08
167,-20.4243282703081,167,182.739912104233,7.9,998.383569697593,770.1,3,15.52
173.8,93.4,142.001664050838,172.3,9.7,964.303586987435,746.6,3,15.82
190.3,0,125.2,166.6,7.63943018235948,1079,775.205513687742,3,12.55
282.350749884996,27.4586981239989,92.3092562702087,159.2,11.7,1043.6,771.9,13.9988091864934,15.61
194.7,-6.85781100588356,123.008747225673,170.2,11.5532574719481,892.994634425518,901.8,-17.4253743204528,12.18
251.4,0,97.6784463914131,174.427562915283,5.8,1050.96248509158,754.3,3,11.98
108.389889607424,0,143.6,163.8,9.66469664547062,993.783262232667,900.9,14,16.88
195.84633598837,128.5,132.1,175.1,11.1061706280651,941.54057998995,746.6,14,33.09
178,101.84777526285,109.85408237197,177.852702711966,3.6,1007.3,746.8,14,34.24
167.4,129.9,73.7413845604248,175.5,7.8,1004.5610658165,746.6,14,31.81
160.402493578166,13.6,172.4,172.666982414473,4.1,982.602673641533,856.4,14,29.75
173.5,50.1,118.480841490364,173.996740089656,6.5,1006.2,793.5,14,33.01
167,78.1673161908325,122.986951071177,164,7.9,943.269314381771,817.477488731545,47.9817052936445,32.9
173.8,53.5364737044388,159.9,172.3,9.39639773615663,1007.2,746.6,14,29.55
190.3,0,125.2,166.6,9.9,1009.44457137207,798.9,30.9824363240296,19.42
246.460674886332,0,95.7,197.965890198501,5.3,948.9,769.00294307946,56.7083826106359,24.66
213.5,-70.8533075496892,174.2,168.856241378259,7.13637996484039,1043.6,771.9,84.2082954199517,29.59
214.792687864534,0,100.5,158.880292900941,7.5,998,901.8,14,24.28
251.4,0,118.3,183.061864440717,5.8,1043.6,754.3,14,20.73
144.603145249052,0,143.6,177.218079226154,0,957.856928667686,900.9,28,26.2
165,128.5,132.1,175.1,11.0481338087321,1005.8,746.6,65.2535522959106,46.39
178,57.0620452484365,118.6,179.9,3.6,1007.3,746.8,28,39.16
167.4,129.9,102.724488828288,175.5,7.8,970.117084279864,746.6,28,41.2
172.4,13.6,172.4,156.8,10.33939709179,1006.3,856.4,28,33.69
173.5,50.1,173.5,164.8,6.5,1057.09023054672,793.5,26.9744954162078,38.2
145.230184622881,93.4,159.9,172.3,9.7,1007.2,746.6,88.4554263607913,37.81
190.3,0,125.2,166.6,5.58345206904819,1079,787.387008982883,28,24.85
222.008274256682,0,95.7,191.8,5.3,948.9,857.2,28,27.22
316.62653439703,0,121.511947404644,159.2,11.7,939.10954021863,806.225886388722,28,44.64
194.7,0,100.5,170.2,7.5,967.538406227002,901.8,64.2197172498478,37.27
165,0,143.6,163.8,0,1005.6,900.9,56,36.56
165,128.5,132.1,175.1,11.6230176846308,959.367852683533,746.6,89.6889361134565,53.72
178,116.401506274616,106.879211972423,179.9,7.01317217051628,1007.3,746.8,56,48.59
167.4,129.9,128.6,175.5,7.8,1006.3,746.6,56,51.72
172.4,13.6,172.4,156.8,4.1,988.538967624942,856.4,56,35.85
205.735985210403,75.4,167,166.55256442649,7.9,1007.3,721.389113599779,62.4833192797766,53.46
173.8,94.3547872469252,159.9,172.591367751109,9.7,958.140464393795,746.6,56,48.99
190.3,0,125.2,166.6,9.9,1008.93990940799,798.9,45.1106442683016,31.72
300.017154804117,0,113.279893040013,191.8,5.3,948.9,718.253349644426,56,39.64
213.5,0,174.2,159.2,11.7,1043.6,771.9,56,51.26
251.4,41.9381970776505,118.3,192.9,5.8,1043.6,683.533328449251,56,39.27
165,0,143.6,163.8,0,1081.34372971667,792.682486199611,86.7387023183587,37.96
292.400855923437,128.5,30.7153537130135,167.089676691062,8.1,1005.8,746.6,100,55.02
178,129.8,118.6,179.9,3.6,1007.3,746.8,100,49.99
172.4,-18.2454410753754,172.4,176.560215566502,4.1,987.545941145906,856.4,100,37.68
173.5,19.8067768338689,173.5,164.8,6.5,994.675782224184,793.5,100,56.06
167,73.4662319928236,167,164,12.9828712190333,1007.3,770.1,100,56.81
173.8,127.852293978303,111.043559557158,172.3,4.06422681372488,1007.2,746.6,131.076641628575,50.94
250,0,95.7,159.460788723164,10.7951842590565,951.764623675163,857.2,55.2705601471927,41.16
213.5,0,141.091883464226,159.2,11.7,1031.71135731565,771.9,126.6386324214,52.96
298.856791418505,-39.7433416781361,100.5,170.2,7.5,893.728134291031,901.8,32.1113998900846,44.28
251.4,0,97.7851267946395,192.9,5.8,953.365160759248,754.3,108.789363074082,40.15
446,24,79,162,11.6,967,712,28,57.03
295.418993062815,43.1457490671987,79,162,10.3,967,788.596911971109,77.8286452735215,53.39
355.760554414746,30.469750326654,79,162,11.6,967,712,41.7931576443481,35.36
289.227487013903,24,146.474234266779,174.820178039105,11.6,983.680095943419,712,3,25.02
446,-80.8361246672231,79,162,11.6,967,786.204837212616,3,23.35
446,24,79,162,10.0552117361482,967,712,7,39.3
259.086681599681,71.512008723097,79,162,11.6,967,819.434487352003,56,56.14
426.265533444641,52.8911592890909,48.7900078900759,162,11.6,967,712,56,55.25
446,7.76977256520183,79,162,10.3,1002.74625645116,729.423068115243,56,54.77
292.509167413279,120.205613210324,94,157,15.922466683418,938,738.267990107176,28,46.68
223.110012934015,20,94,157,14.3,1012.48825522452,845,3.59578110682774,22.75
387,-47.82973733683,94,156.45083034508,13.9,944.36737872189,845,3,25.51
229.247036372447,39.430792386547,94,157,11.6467016673999,938,861.276929979928,-4.87440643273048,34.77
387,20,94,157,14.3,938,845,7,36.84
353.25278403208,20,77.2466282867524,158.428053529878,12.2574654802337,934.886137038257,845,7,41.67
387,20,94,157,14.2821698769002,929.94665727247,845,56,56.34
387,20,94,157,15.2498976468156,938,768.28219016525,56,47.97
387,60.0281603638973,94,157,11.6,938,756.082295990011,56,61.46
491,26,31.0269835569994,210,3.9,882,699,28,55.55
491,26,123,190.383720478914,3.9,822,704.574289434849,28,57.92
491,26,123,210,7.23062086239983,882,699,3,25.61
491,-49.139337201748,123,210,3.9,882,694.565920982127,7,33.49
491,26,123,201,10.2508742078937,822,693.009816401542,35.7709434357221,29.55
491,26,25.7120976774619,201,3.9,920.928464264192,699,55.9230559716226,37.92
491,26,123,201,3.9,822,672.028227383634,124.367349709915,61.86
424,22,95.6530944427818,200.494469285764,8.5,822,750,79.834705889792,62.05
424,22,61.5294447254222,178,11.086222799523,882,750,17.0464129181284,32.01
245.636652486431,22,132,170.149288816524,8.5,1000.1476515776,750,57.3112258453743,39
424,22,132,178,8.5,888.496897340167,750,56,65.7
424,22,132,168,16.7933579461625,822,750,3,32.11
424,22,132,168,8.9,955.612370372851,750,7,40.29
424,22,122.039289722405,172.727136876405,15.5519306879502,822,750,56,74.36
202,11,99.1219575761918,206,1.7,938.230932979053,801,94.6925512187438,21.97
202,11,141,204.650907443966,1.7,942,785.30223660198,74.6213979442402,9.85
314.583914476399,15,141,193.193938614761,5.5,842,794.335992035018,28,43.73
230.565886791892,52.6171703079251,141,179,5.5,842,801,8.96102806256125,13.4
284,15,69.0525236547131,179,5.5,1021.85788375673,801,7,24.13
359,19,141,154,10.9,942,767.207541584489,28,62.94
304.624098967471,43.3771180170816,141,154,10.9,942,769.173944545031,62.1514710457746,59.49
359,19,141,154,13.3114560490486,942,801,3,25.12
359,19,141,178.170944029818,10.9,942,801,3,23.64
359,-111.921034612601,141,154,10.9,1037.9188638461,801,7,35.75
359,19,141,154,10.9,942,801,25.5698542621053,38.61
359,19,141,154,10.9,962.132377006826,801,56,68.75
436,0,6.06283517680288,218,0,957.556440188949,710.640825332617,28,23.85
289,0,33.3115660295269,183.131825061466,0,938.868925490082,895.3,90,32.07
289,0,0,192,0,913.2,895.3,3,11.65
393,0,0,192,0,987.27968352211,785.6,90,48.85
405.237999995664,0,0,207.923847029718,0,940.6,785.6,28,39.6
480,0,0,192,0,936.2,712.2,28,43.94
480,0,-7.25058570771741,196.972741581902,0,936.2,739.786682743172,7,34.57
480,0,0,197.308303366348,0,999.603734403916,712.2,49.4002257340709,24.4
308.33143052382,0,0,192,0,931.2,842.6,73.9957688533487,15.62
255,0,0,192,0,889.8,945,90,21.86
271.174924604,109.249468992101,0,192,1.84828175313168,889.8,821.408790902688,7,10.22
255,-17.0996651798241,0,192,0,889.8,945,28,18.75
333,0,0,192,0,931.2,863.993571327975,50.6213808940262,23.4
393,0,0,192,0,940.6,785.6,7,27.74
250.624497322829,0,109.32386388201,192,0,889.8,849.105830150906,21.0924418347086,8.2
158.8,238.2,0,185.7,0,1040.6,734.3,7,9.62
284.250905703424,89.4184769323874,0,185.7,0,1070.80760736097,724.3,7,17.24
272.8,181.9,0,185.7,0,1030.25337576572,714.3,7,19.77
239.6,359.4,-13.2679912016977,185.7,10.3392677514679,941.6,664.3,28,39.44
220.8,147.2,0,185.7,0,1055,744.3,28,25.75
397,0,0,185.7,0,1040.6,734.3,28,33.08
328.390580795676,0,0,188.597236891864,0,1047.8,727.824645918579,7,24.07
210.7,94.2590331237955,129.944262966837,185.7,6.89383481561096,977,689.3,7,21.82
295.8,92.5877383596639,0,185.7,3.02171330016523,1004.79267966429,723.743546971864,7,14.84
229.471577104807,170.3,0,185.7,0,1011.79480310424,724.3,28,32.05
203.5,135.7,0,185.7,0,1076.2,759.3,7,11.96
397,-23.6762320645787,47.5458176267708,185.7,0,1035.25590803178,734.3,46.3046432108272,25.45
381.4,-61.1880463361388,0,185.7,0,1104.6,784.3,33.8936482740756,22.49
295.8,0,0,185.7,0,1091.4,783.750880368541,28,25.22
175.785631580784,342.1,30.0255584910529,185.7,6.83859728702904,955.8,674.3,37.7574447163589,39.7
238.1,0,28.736444101904,185.7,0,1118.8,743.778986386021,28,17.58
339.2,0,0,192.635003213678,0,1016.2844228303,754.3,44.404457674956,21.18
142.494543710299,203.5,1.77943550950997,185.7,0.191466276798711,1076.2,759.3,-3.75927133624197,18.2
193.5,89.0671246333086,59.1706921421409,185.7,0,998.2,704.3,7,17.2
203.5,164.642208906458,0,185.7,0,983.620952735353,759.3,28,22.63
290.2,193.5,0,185.7,5.96541542667782,998.2,678.407513699921,7,21.86
181.9,139.45330581562,0,185.7,0,1012.4,777.314418509221,7,12.37
205.482714948264,155.5,0,185.7,0,1002.19681669207,799.720754240103,31.4282121563909,25.73
210.7,118.162642102463,0,185.7,0,1028.9483894336,759.993489607844,28,37.81
290.2,87.1975815153263,0,185.7,1.99037597039411,998.2,704.3,28,33.04
238.2,158.8,4.91851829575413,185.7,0,1040.6,734.3,-1.41848419925182,26.91
186.2,49.9098823837591,0,176.647454309579,1.94277728314281,1083.4,841.867875887945,7,8
339.2,0,51.2104513104618,185.7,0,996.410253431485,754.3,28,31.9
238.907102983871,0,0,185.7,0,1118.8,789.3,7,10.34
300.686820842533,53.2134714686165,3.61277435407913,185.7,0,1047.8,764.447477997765,28,37.44
256.736892117012,0,0,185.7,0,1111.6,784.3,47.6250533625161,11.48
316.1,210.7,0,185.7,0,977,736.602923463334,7,24.44
192.730180729597,85.6357651154018,0,185.7,0,1083.4,764.3,28,17.6
170.3,155.5,0,185.7,0,1026.6,724.3,7,10.73
272.8,30.4273676510032,0,185.7,0,1012.4,811.704937865423,71.9551102618416,31.38
339,7.97919036154639,32.5137400506049,184.743706831929,5.08992419044764,968,781,30.056846325877,13.22
339,0,0,197,0.711641413930189,968,781,7,20.97
339,13.5336898997363,0,197,2.09507090919181,968,790.513464005237,74.9249991379301,27.04
339,0,0,196.014321913076,0,1011.04529216093,781,90,35.17
356.755878956031,0,47.503715344119,195.067459401881,0,968,715.578348157179,180,36.45
339,22.4193860337793,0,197,0.849845666004394,968,781,365,38.89
236,0,0,194,0,1035.43787032378,885,28,18.42
236,0,0,194,0.736744907257401,968,885,90,21.95
236,0,0,193,0,968,856.183039605756,72.4790382889541,24.1
236,0,28.884759033696,208.323646975061,0,991.920084331594,739.399957620117,365,25.08
274.916312685765,22.2316848751901,0,191,0,968,812.965115627288,58.0121978950428,21.26
326.573674444569,0,0,191,0,968,777.194813898459,3,11.36
277,-12.9272161680741,46.5678928021433,187.756610788131,0,968,856,180,32.33
277,-20.1655436420777,29.2476427847407,191,0,968,817.106843608278,360,33.7
254,0,0,198,0,968,863,3,9.31
284.479549241185,0,27.7251961010317,198,0,968,863,90,26.94
254,0,0,188.037278277179,4.85954073418937,968,863,81.2015124613203,27.63
255.016094157825,0,65.2314203428499,193,0,968,812,180,34.49
248.045679001966,63.9197328737323,0,193,0,980.232455011247,776.717674003348,39.9284703926792,36.15
200,0,0,180,0,1125,851.733914388611,7,7.84
282.033289413193,0,0,180,0,1033.4672422317,815.472282487698,28,12.25
225,33.603252246741,0,181,-0.110402556264323,1001.54954654574,833,7,11.17
325,0,43.5018344288619,184,-1.49555726527596,1063,783,28,30.57
275,0,0,153.804614298137,3.44907306416464,1088,849.867652455971,28,24.5
300,0,0,182.35658573543,0,1050.34667977083,795,28,26.85
375,-39.9314901434111,42.9762633523284,186,0,1038,758,7,26.06
375,0,2.26202790844738,186,0,986.110915978513,786.67062996714,28,38.21
400,-20.0439918500458,0,187,0,1031.2351195106,745,7,30.14
250,0,0,181.691652111439,0,1100,790.789070199889,28,20.87
208.91469903827,0,109.193567748092,183.769220335943,3.57934065468737,960.437145490201,819.416050237152,7,20.28
203.5,236.423570233783,0,203.5,3.35447056101234,963.4,630,7,19.54
250.2,166.8,0,203.5,5.21642206306194,967.832680105158,694.1,90,47.71
207.131522944279,236,-35.9348686762231,192,0,962.45910083801,781.2,90,43.38
141.3,212,0,203.5,-0.203282004121813,971.8,708.907963020763,119.410341760337,29.89
122.6,183.9,0,199.217995666827,0,958.2,800.1,90,33.19
169.289975772878,122.6,0,204.968105039957,0,959.2,800,3,4.9
102,153,0,192,0,887,942,106.668891426546,25.46
115.583861303575,183.9,4.50911285002169,203.5,0,958.2,800.1,83.2211433764207,24.29
166.8,250.2,-30.9778463773826,191.953162275661,0,975.6,761.349930377494,73.0830335588244,33.95
179.232732431575,133,0,192,0,965.4,782.523304426676,-21.6148298381998,11.41
108.3,162.4,63.3624374674599,203.5,0,894.044070962797,849,28,20.59
204.620895672124,203.5,0,198.381966611293,0,965.4,704.70478149427,7,25.89
200.388368742147,162.4,-57.6409014856345,203.5,0,938.2,849,90,29.23
124.015187757434,173,0,192,0,909.8,891.9,90,31.02
150.296881200344,166.8,0,203.5,0.180219319029641,955.530558995319,754.415902200604,87.0231465072844,19.35
173,116,0,200.473443490893,0,946.8,856.8,7,11.39
192,111.556047305877,48.1392391050077,192,3.184330779869,929.8,810.841126467702,9.38580787395928,12.79
192,288,0,192,0,958.874687958473,716.1,28,39.32
153,102,0,192,4.82278416986077,888,840.938848087108,-21.5487047563387,4.78
288,192,0,192,0,932,744.830148334266,-32.151826298548,16.11
305.3,192.690884596428,0,203.5,0,965.4,631,28,43.38
236,157,-3.59015909275899,192,0,972.6,749.1,31.016024462823,20.42
173,116,0,192,1.88166847737799,946.8,856.8,42.7077990808689,6.94
236,157,0,192,0,972.6,749.1,3,13.57
183.9,122.6,0,203.5,0,959.2,767.121044066437,74.2117130303263,32.53
166.8,107.737670456195,0,192.601256854091,0,975.6,799.390055189413,7,15.75
102,153,0,192,0,887,942,28,17.28
173,116,24.6804527401206,192,0,946.8,856.8,28,24.28
183.9,68.0223351453147,0,205.394195047536,0,980.162837747588,800,28,24.05
133,200,0,192,0,959.763898180827,839.2,90,36.59
167.475494848248,288,15.6782961888275,203.745624400814,0,929.8,716.1,147.793311139809,50.73
133,200,0,192,0,927.4,806.137656525973,7,13.66
305.3,203.5,-31.1012007157943,206.363699997606,-0.52397185208727,965.4,631,3,14.14
236,157,0,192,0,972.6,749.1,93.056682877726,47.78
163.938691671904,162.4,0,203.5,0.996500833058417,938.2,849,3,2.33
157,236,0,198.571603233482,0,935.4,781.2,42.5561959062778,16.89
225.232945273183,192,0,199.632468816412,0.265904411972296,932,717.8,98.1645914386031,23.52
212,141.3,0,203.5,0,988.87740468431,750,3,6.81
153,102,0,192,0,888,874.261655890158,28,17.96
203.5,179.50816144233,56.3711582074506,199.679688232912,0,963.4,668.957542920926,28,41.68
133,200,31.5627670066091,192,6.59471020857762,927.4,839.2,-30.4810345834863,6.88
288,221.418291284733,0,192,3.83907376742997,932,717.8,90,50.53
250.2,88.9854048392284,53.2167758696866,211.067200612369,0,977.6,694.1,3,9.73
158.372656951744,183.9,0,191.273859692316,0.575260648795408,958.878928951589,800.1,3,3.32
153,74.821775398819,0,192,0,888,943.1,90,26.32
200,133,0,192,2.77928865253292,965.4,806.2,119.062211388412,43.25
179.839554543151,68.3151833755998,0,192,0,965.909635772935,891.9,3,6.28
173,116,45.1957485385186,186.634745181463,0,953.911639062478,856.8,90,32.1
250.2,117.87074405429,0,187.991957872811,2.34267249213276,1001.77315781509,694.1,28,36.96
305.3,203.5,0,201.221163155265,0,955.538653265648,651.342404274665,90,54.6
192,71.1045350828827,58.2631216852618,192,0,929.8,833.190043953162,24.8184082984049,21.48
134.435308519163,236,31.9666342788779,181.154092367976,4.36476906437044,935.4,781.2,3,9.69
153,80.2054883019298,0,192,1.43877435889946,888,943.1,4.79527006168968,8.37
341.395784498031,68.284284676358,0,203.5,0,971.8,746.082845763598,90,39.66
147.452713466723,173,26.3489671410242,194.100138507104,0.688527679073029,1003.73362725623,794.290665473163,3.69339681079141,10.09
122.6,183.9,0,203.5,0,958.2,786.126555887625,7,10.35
225.443696248226,250.2,0,203.5,1.87233320048189,975.6,692.6,90,43.57
203.5,305.3,0,203.5,5.07888649687018,963.4,677.964404190472,90,51.86
310,0,0,193.255748121491,0,1012,774.487034206484,-23.7241424798684,11.85
310,0,45.7021533650062,192,0,959.825564112812,830,7,17.24
310,-4.9839008485335,0,186.180524647596,0,1012,830,90,35.76
310,0,0,192,2.65845467065712,971.919922147974,830,76.8468649508264,38.7
241.922599311185,26.9623980846953,0,192,0,1025,821,3,14.31
287.965340387388,0,0,192,-0.833187846058428,1039.5867040534,783.257748597991,7,17.44
331,0,9.97380899673482,183.702861919356,0,1025,821,28,31.74
331,-16.6176135854052,59.2825886604441,196.658423339006,0,969.399101533714,821,90,37.91
331,0,41.4743782735505,192,0,1025,705.052293795196,81.5082794337225,39.38
349,0,0,190.824141342187,0,1056,809,-6.03871696589664,15.87
349,0,0,192,-0.322710386081226,1056,809,6.77879137388913,9.01
349,12.460743523035,0,192,0,958.337656895952,809,90,40.66
349,0,0,178.208426012794,0,1056,809,120,40.86
297,74.397706010631,0,192.264512278346,0,957.457481587566,734,7,30.96
480,0,6.26664602484601,192,4.81829025063893,902.926390957983,729.625993892457,28,43.89
480,17.4214818691233,0,192,0,936,721,49.0920128288401,54.28
279.179895292695,0,0,186,0,1104,774,7,14.5
324.949013275441,0,0,189.223279090174,1.59821874291042,1025.39338236836,774,28,22.44
500,-4.65489949122917,0,194.047604621467,0,1125,613,1,12.64
500,-60.2156097210672,0,192.449934529059,0,1125,650.097350394709,3,26.06
353.386504254264,62.5852569656741,0,183.154664486301,1.1942168625286,1125,613,7,33.21
372.661855033802,0,62.8627884045964,200,0,1125,591.966064033274,14,36.94
366.672121294152,0,0,173,1.35652869813205,1125,717.969476880143,7,52.61
540,0,0,173,6.33872845515437,1125,613,90,69.66
540,0,0,173,0,1088.38745369858,613,180,71.62
540,-4.3311855675994,22.7052813457157,163.703898751656,6.26444270167783,1125,613,270,74.17
304.867262255891,0,35.1078176325241,203,-1.5679127240102,967.339234891149,775,7,18.13
330.118346801843,0,0,203,0,993.90329056406,777.730996750388,14,22.53
329.123013673869,0,0,203,0,974,775,33.7525491690074,27.34
262.750614578663,138.613993488909,0,203,-0.857851163741136,974,697.053441169426,56,29.98
232.493834090295,55.7924226518223,29.0347306525899,203,1.75407408988897,945.846872161796,789.959098495684,90,31.35
350.298023212322,0,0,203,0,974,743.288268738377,180,32.72
385,0,0,186,0,966,763,3,14.7
306.608979966119,0,0,186,0,966,837.5376502176,7,23.22
284.925852280255,0,0,197.729055877305,0,1031.14754492319,763,55.1158223731599,27.92
385,0,0,186,3.23132278238604,994.017483352559,763,28,31.35
331,10.5696132966829,0,192,0,915.491135369533,825,180,39
331,0,-53.4927825950066,201.42036349801,0,978,825,360,41.24
331,0,0,192,0,978,825,3,13.52
382,-47.6042847196458,0,186,4.04907595376194,998.484708132405,820.512136825915,7,24
396.622407856443,0,0,196.364858223926,0,967.141435984691,739,28,37.42
258.077376964414,0,0,195.273432180598,0,1111,784,7,11.47
261.944856992754,0,0,186,0,1104,774,69.5472747408236,22.44
255.928516010228,0,79.4187832976137,185,5.01094775442493,1010.26558096796,769.389334560012,56.4951384293992,21.16
334.673544098582,0,0,185,0,1069,754,28,31.84
254.533628022178,40.0280694589355,0,185,0,1069,769,7,14.8
272.748725409895,110.389236465674,0,185,4.72122063957298,944.766717438467,822.649449141658,28,25.18
244.265750674039,0,0,185,-0.255444866566579,1118,789,63.3747654906375,17.54
309.608008578781,0,0,183.875049338692,0.223091515407659,1085,765,28,21.65
296,0,41.4595049345752,192,0,1085,765,90,29.39
275.894315534926,0,0,192,0,998.599596898406,825,3,13.52
266.203618789388,0,0,192,0,978,825,7,16.26
331,0,0,194.841122126182,0,978,825,57.5902926610711,31.45
349,0,-23.3561349581121,192,0,1047,806,7,18.13
349,0,0,187.287572191641,0,1047,761.192342345092,90,39.49
349,0,0,192,0,1047,729.832296605792,180,41.05
349,0,0,192,0,1047,741.502371773257,113.182758134268,42.13
302,0,30.4020730553513,185.913282034012,0,1014.7706148689,806.04048343837,14,18.13
255.733064700756,42.5570759883987,0,203,0,974,813.234879617695,180,26.74
500,-10.476614762553,0,189.275440142532,0,1125,613,90,47.22
500,0,0,187.494281899473,0,1125,613,82.6749421848769,55.16
348.910314037048,80.0934572863486,0,185.337830077796,0,1125,613,3,41.64
252,-2.49924176379319,0,185,0,1111,784,7,13.71
283.606917388469,0,0,185,0,1111,784,28,19.69
339,0,0,185,0,1030.17647322647,754,28.4067726295252,31.65
420.035898591639,0,0,192,0,940,758,28,39.58
393,24.9920739157895,0,192.272336150464,0,976.86461624891,758,90,48.79
355.584556652482,0,0,185,0,1036.61556621057,739,45.6647788381323,24
252,0,32.1018582004203,188.084692202997,0,1111,784,-19.6461328053117,11.47
310,0,0,192,0,970,850,-27.5116403424008,14.99
358.197823896406,0,31.3125183918332,192,0,970,775.062294773905,28,27.92
310,56.9701522976163,0,162.451164735459,6.26299607629573,970,850,31.7905966329595,37.33
325.793294391562,0,13.7071510620575,192,0,945.067215847275,850,87.1645346135436,38.11
525,0,0.768303100961735,189,0,1125,613,3,33.8
525,0,-25.4849863262407,189,0,1125,613,77.2837795738988,42.42
525,-50.2823232851549,0,189,0,1125,613,28,55.94
525,30.4252630111456,0,189,2.81996759831458,1015.62491514949,613,270,67.11
281.79799107274,0,91.9556149358214,172.26577206307,8.69412544925424,974,800,14,20.77
328.884245138927,78.7814363715284,0,203,0,974,712.335964897125,28,25.18
322,0,32.2571578136911,191.012998077546,0,974,800,180,29.59
302,0,0,203,0,936.465068014533,817,66.2539253378566,21.75
397,0,0,178.122802509655,6.23013251859282,1040,734,28,39.09
284.685664360552,0,127.029576773779,192,7.7257593551365,936,721,3,24.39
332.352555407451,0,0,146,0,1088.99648489678,811.967078058509,79.8791555450124,50.51
317.962403987101,105,93.9766833018102,193.07695400615,9,904,680,68.8793336288602,37.17
169.405850073003,190,148,179,19,838,741,28,33.76
241.898248433781,144,89.5953609935095,220,10,860.158494328459,658,28,16.5
327.071068182033,140,0,214,6,895,722,28,33.42
374,8.85723415876805,0,190,7,1013,730,28,39.05
159,149,116,179.813117972053,15,953,720,28,27.68
239.959827243566,239,0,192.435065624929,8.50020667718588,946.098060162897,684,50.0554880909726,26.86
305,0,100,196,10,959,705,28,30.12
178.682447760702,0,189.641421613966,167,12,991,772,29.6981257453836,15.57
142,167,132.250998939233,174,11,904.870271939264,771.325266384516,28,44.61
432.466367707564,137,-15.2862176726031,197.041693395379,5.4745519698899,945.521013748735,655,78.1439667064964,53.52
321,167.847108019521,0,189.830135854755,5,870,774,28,57.21
252,97,76,194,8,835,821,28,33.4
165,0,150,177.756016058036,5.08352421453569,1028.03563338053,729,33.653412072285,18.03
156,243,0,175.419464398959,9.61288134672005,1022,698,28,37.36
160,188,146,203,11,829,718.827515364737,28,32.84
298,0,113.505083951358,186,6,879,805.981537279541,28,42.64
318,0,126,210,6,861,721.052256297104,96.8845734822527,40.06
326,166,0,160.06773874954,9,973.77281921073,790,28,61.23
342.846333345261,103.03282067274,86.2912510243623,193,11,801,721.487349445937,62.7250979432271,40.87
132,207,161,179,5,929.556486359219,736,28,33.3
322,149,0,186,8,934.817299078654,709,28,52.42
164,0,137.226999463789,157.055846418805,13,992.868500306661,864.541478711337,28,15.09
321,-42.0722224067809,128,167.446069131636,10.6432003725714,1011.37122300753,780,46.5413686544291,37.26
345.154814635595,38.7435572268648,57.1440827377335,174.789712640201,7,908,829,28,42.13
292.391883255152,32.2531472494133,86,195,6,909.926646977163,790,28,41.54
160,250,0,168,9.17838509356778,1049,688,28,39.45
237.277486355692,260,0,160.651506340424,13,883.601266782199,827,28,37.91
218.647314424584,100,78,166.374116859054,9,964.789382477134,790.172581988075,28,32.4
213.619608839763,92,71,179.073356457888,7.00369539200729,972.382970730122,794.407817698508,28,28.63
313,0,97.6861723787034,178,8,1029.14985704001,689,47.2003173354998,36.8
155,42.9022688357233,120.212446705657,193,9,1047,697,28,18.28
146,184.817724625169,0,202,3,827,810.908245474095,28,33.06
360.48866843719,0,101.860119371923,221,11,819,778,28,31.42
199.755062123157,210,0,183.428557352194,3,949,795,27.8353891743364,31.03
313,150.253901716687,0,178,8,867,801.230940754086,29.4059391388534,44.39
153,108.172109127927,98.0786479381606,178,8,1002,781.225750622389,28,25.56
140,138.132544207052,80.6766416590626,171.316117079116,7,990.262578802871,779.194373926219,28,36.44
149,236,0,176,13,847,893,28,32.96
153,145,113,178,8,867,825.64402210586,28,26.23
199.391590597778,145,0,178,8,1000,822,34.0557655259719,19.01
262,111,86,195,4.96521889439793,1029.84590779955,660.406621763221,51.9215292470497,33.72
226.611211008716,0,116.592750727173,169.388448947672,11,961.828978186093,849.248446187285,28,8.54
151,107.24313004004,165.567452356518,167,16,980.065361942722,678,-7.23668377884843,13.46
273,0,90,199,11,932.355056888477,762,28,32.24
149,113.958775780012,124.479350914988,183,7,953,780,92.9111405214975,23.52
313,-1.99242942138358,71.747451888586,178,10,961.637124663552,780.78640883811,155.261807756464,52.44
284,120,0,185.081696624887,7,954.009351116693,794,28,40.93
336,0,0,167.092800879425,4.88358431912342,986,831.997777236902,63.2296490937499,44.86
149.685888039902,28.2817224059624,134,181,11,979,810.240036333567,28,13.2
150,277.301461623729,0,174,12,1000.50169112614,675,28,37.43
144,86.0364663178725,133,192,8,885.847812082782,805,28,29.87
379.398942885864,170,0,195,4.45971297962329,944.749824373417,671.02180179979,28,56.61
155,0,143,192.795101174297,9,1023.28075310957,697,28,12.46
155,183,0,193,2.90300789926892,957.873808294968,808.437301858694,3.05836457661669,23.79
194.680526205085,0,166,180,10,961,805,28,13.29
266,112,87,178,10,910,763.341990687836,31.6362421301922,39.42
313,145,0,127,8,1000,825.685381463381,28,44.52
148,0,156.655503472906,181,15,887.722144197782,884,28,15.52
312.399083847697,0,107,158.300828422304,13,953,832.782706422943,28,35.86
251.775165490087,145,90.757764739834,174.859181940104,8,1002,689,28,41.05
155,184,84.4780215541179,200.693726608006,2.93061187065804,897.856656606159,699,61.1565759217123,28.99
262.684275027874,55.4061116426433,0,171,2,1000,836.186910560237,21.5998303859104,26.92
145,0,118.883242781447,184.694765033258,8,824,936.842942136863,19.1686170686354,10.54
313,0,0,178,8,976.253756946655,822,28,25.1
155,0,143,193,9,920.285408680392,868,28,9.74
162,207,172,216,6.95866110966627,883.861401442909,634.324680497857,28,39.84
136,196,64.7131440525601,199,6,847,783,28,26.97
164,163,128,197,8,961,641,28,27.23
157,214,152,199.932931407559,9,819,704,28,33.05
149,153,194,197.825312757188,8,970.691744701112,623,-8.80332926021049,24.58
135,108.728087724981,122.813180484413,206.289855904561,6,965,643,28,21.91
159,209,161,201,7,848,700.138477697657,49.9609518456834,30.88
144,-22.8827753825281,195,177.360513354374,6,1021,812.616268687739,28,15.34
154,174,185,228,7,845,612,28,24.34
156,178,187,181.543008790523,9.98017885813185,928.990865502891,673.023901101835,28,29.41
289.129848618578,0,113,178.5,8,1001.9,688.7,28,36.8
145.9,230.5,0,202.5,3.4,827,871.8,28,32.72
264.046160560312,0,106.7,221.4,1.67223407307932,893.341680340834,778.4,28,31.42
133.1,100.980567586907,84.7892330976328,195.7,3.1,942.257642730993,795.3,28,28.94
313.3,145,0,178.5,8.4542473752573,867.2,824,50.1724745402242,40.93
139.9,133.726968770523,103.3,176.115859030805,10.3228252229742,929.768178322236,753.4,28,36.44
299.8,0,119.8,211.5,9.9,878.2,727.6,62.0612246993088,23.84
153.1,145,80.1079036331273,180.731734396286,8.90092871150778,867.2,824,28,26.23
148.1,0,136.6,158.1,6.31127547621538,1001.8,830.1,-18.0646605438612,17.96
152.7,144.7,0,170.85906364381,8,999.7,844.457042489791,28,19.01
261.9,88.5114623383593,86.1,195.4,5,895.2,732.6,63.3381115340624,33.72
158.4,75.1508245053251,156.658000934808,191.384120006766,11,897.7,712.9,22.9671156312542,8.54
209.697006824536,0,124.51328374018,166.7,15.6,1074.5,771.834822313265,28,13.46
272.6,0,106.115705900631,198.7,10.6,931.3,762.2,87.5480024533786,32.25
149,117.6,91.7,182.9,7.1,953.4,780.3,45.8847498270861,23.52
285.404274886308,100.6,38.5385483290274,174.896986259393,10.4,949.783167244673,762.9,28,49.77
279.678066744621,119.7,0,168.3,7.2,970.4,794.2,41.0155098322024,40.93
336.5,0,0,181.9,3.4,1011.37726917044,816.8,28,44.87
162.576752014607,0,133.6,180.8,5.90690091652243,979.5,811.5,28,13.2
143.7,170.2,132.6,179.005905678232,12.4433151601052,814.1,805.3,28,29.87
330.5,96.3145117585152,0,191.694454230159,8.1,811,805.49524813091,115.528197224539,56.62
154.8,3.86050955306592,142.8,193.3,2.50157029456225,1043.35163488753,696.7,28,12.46
154.8,183.4,0,193.3,4.09282017226518,931.691412213168,769.021607825225,28,23.79
134.7,0,170.803224314389,180.2,10,961,804.9,15.6201947789554,13.29
266.2,112.3,87.5,159.040698294117,10.4,995.157913658462,741.212756133408,28,39.42
314,145.3,113.2,179.199136081486,13.5647467717303,869.1,690.2,28,46.23
312.7,144.7,0,127.3,8,999.7,822.2,-7.23798602646309,44.52
145.7,172.6,0,181.9,4.09983280953855,985.8,804.080890340716,25.0275345422644,23.74
138.053742768274,136.3,106.2,178.1,7.5,987.780488320963,774.3,50.3824407492792,26.15
148.1,0,182.1,181.4,15,838.9,884.3,28,15.53
277,100.264169491583,91,190.346057357306,6.27872977830891,994.086378862755,665.6,72.0064615675879,43.58
313.3,145,0,178.5,7.31924054060412,1001.9,696.101984037935,63.3065558247498,41.05
168.209994304792,112.94015129166,143.2,193.8,8.78526922702953,879.6,698.5,5.23382523274889,28.99
289,133.7,55.3100313062392,194.9,7.93549668131811,924.1,760.1,28,46.25
145.4,0,178.9,201.7,7.8,978.470668401917,749.109328848468,74.5946275053734,10.54
301.990543223563,161.6,21.4115618904822,168.767161842718,10.4,907.438673760619,788.553818036654,4.71506214808823,29.07
181.697614536486,0,142.8,193.3,6.70040343193548,877.2,867.7,28,9.74
272.8,118.560772799394,87.962262859447,209.7,9,880.365812687827,692.441931399718,28,37.17
162,190.1,148.1,178.8,18.8,838.1,741.4,28,33.76
153.6,144.2,112.3,220.1,10.1,923.2,657.9,28,16.5
146.5,114.6,89.3583533946272,201.9,8.8,860,829.5,28,19.99
151.8,178.1,138.7,170.333372804153,18.3,944,694.6,28,36.35
309.9,142.8,111.2,167.8,22.1,913.9,737.071813880141,28,38.22
143.6,0,162.772081960932,158.4,12.632254759281,1020.31051938272,844.5,28,15.42
294.752402120975,139.9,0,213.5,1.78515975052665,912.244284536266,722.5,28,33.42
304.8,0,99.6,196,9.8,959.4,705.2,28,30.12
150.9,0,182.577771393607,166.6,11.6,991.2,830.286970805669,28,15.57
141.9,144.848755385538,129.7,180.166078141199,8.91573437227009,882.6,785.3,28,44.61
297.8,137.2,106.9,201.3,6,878.4,685.83233746923,28,53.52
321.3,124.414332802923,0,190.5,4.6,870,774,28,57.22
366,187,0,191.3,8.55567533560564,824.3,756.9,28,65.91
279.8,128.9,100.4,172.4,9.5,825.1,815.970839243108,28,52.83
252.1,95.5593288516732,75.6,193.8,8.3,835.5,821.4,28,33.4
155.6,192.312067960911,0,180.3,5.34019254850387,1045.9936257929,697.7,57.1392226197394,37.36
160.2,188,146.4,200.009667969029,11.3,828.7,709.7,28,35.31
298.1,0,116.828813615701,186.155391798288,6.1,879,815.2,60.1057947806856,42.64
317.9,0,162.478702209972,209.7,5.7,860.5,736.6,28,40.06
325.6,166.4,0,174,8.9,942.247223318673,755.152462408386,28,61.24
355.9,0,141.6,179.8572123226,11,801.4,830.245325435629,28,40.87
132,126.474195156953,131.104901255904,178.9,5.5,1014.5019617692,735.6,28,33.31
322.5,148.6,0,189.677926711021,6.53515573949525,951,709.5,28,52.43
166.809500143532,0,200.1,181.2,11.9935431943997,849.3,846,28,15.09
321.4,0,127.9,182.5,6.98832396973816,923.116349506903,762.254461637441,78.0127819930259,37.27
139.7,163.9,82.1729924023883,176.072963536889,10.8839512779389,868.6,815.50624937066,28,35.23
340.466181618204,83.8068356180695,0,177.4,7,907.9,829.5,28,42.14
298.2,0,107,209.7,11.1,879.6,744.2,28,31.88
264.5,111,86.5,195.5,5.9,962.573063424509,679.97771390631,28,41.54
166,259.7,0,173.529097442161,12.7,858.8,832.408142077432,28,37.92
294.728957572654,116,90.3,179.6,8.9,870.1,788.776384394655,28,44.28
148.5,139.4,108.6,192.7,6.1,891.682808030193,780,28,23.7
243.176948577197,100.5,78.3,200.6,7.38114143347362,864.5,761.5,28,32.4
