483.5,0,0,188.16,2.5,1055,676,28,61.89
278.04,142.5,0,228,0,932,594,270,40.27
332.5,142.5,0,228,0,932,594,365,41.05
158.32,132.4,0,196.64,0,978.4,825.5,360,44.3
323.38,95,21.38,228,0,957.44,594,365,43.7
266,139.56,0,200.3,0,932,763.34,94.6,45.85
475,0,0,208.68,0,932,719.3,28,39.29
198.6,132.4,0,186.84,5.5,978.4,825.5,90,38.07
176.08,132.4,0,192,0,978.4,825.5,28,28.02
427.5,47.5,0,228,0,932,594,270,43.01
190,190,0,228,0,932,670,90,42.33
304,145.2,0,185.68,0,932,760.92,28,47.81
380,123.36,0,228,0,932,638.88,90,52.91
139.6,209.4,0,192,0,948.98,806.9,90,39.36
342,102.2,0,228,0,932,670,365,56.14
380,95,0,228,0,932.18,626,90,40.56
139.6,209.4,0,192,0,1047,806.9,3,8.06
139.6,209.4,0,192,0,972.02,806.9,180,44.21
380,0,0,228,0,932,670,270,53.3
380,120.3,0,228,0,932,594,270,41.15
342,38,18.8,228,0,932,670,180,52.12
475,0,0,228,0,932,671.88,7,38.6
266,100.18,32.66,228,0,986.18,627.06,365,52.91
198.6,121.86,0,192,0,978.4,825.5,48,41.72
475,30.12,0,228,0,932,594,270,42.13
190,184.8,0,228,0,932,670,365,53.69
237.5,237.5,0,228,0,932,594,270,38.41
332.5,142.5,0,228,0,932,617.66,90,37.72
237.5,237.5,0,228,0,932,608.96,180,36.25
428.96,38,0,219.42,0,932,670,90,50.46
427.5,117.1,0,228,0,932,594,46.4,43.7
380,81.42,0,228,0,932,670,180,53.1
427.5,47.5,0,228,0,932,657.44,90,41.54
427.5,9.04,0,228,0,932,668.6,7,35.08
380,95,0,228,0,932,628.38,180,40.76
380,95,0,228,0,980.28,594,7,32.82
338.68,71.88,0,207.3,0,932,754.1,116,46.93
304,194.52,0,228,0,863.34,670,90,49.19
139.6,209.4,0,186.42,0,1047,806.9,7,14.59
198.6,132.4,0,204.38,0,987.5,748.32,7,14.64
475,41.88,0,228,0,932,663,97.2,41.93
304,76,15.8,228,0,932,670,137.4,50.95
332.5,142.5,0,228,0,876.82,715.4,28,33.02
304,76,4.9,226,0,932,670,254,54.38
266,114,0,223.1,1.22,932,670,270,51.73
190,190,0,228,0,932,670,270,50.66
327.34,105.8,0,228,0,932,670,217,55.06
139.6,209.4,0,192,0,1047,806.9,360,44.7
277.68,142.5,49.74,228,0,949.9,594,130.4,30.28
226.76,190,0,228,0,932,670,193.2,40.86
485,0,0,159.06,0,1120,702.22,28,71.99
173.04,262.2,0,175.74,4.54,1046.9,713.64,3,28.8
425,4.4,0,173,8.52,960.58,803.7,24.4,36.3
475,118.8,0,194.04,8.9,852.1,726.6,3,37.8
469,117.2,0,137.8,32.2,852.1,840.5,3,40.2
425,2.72,100.36,153.5,16.5,967.16,758.36,3,33.4
388.6,3.8,0,157.9,8.44,912.24,925.7,3,28.1
425,57.12,0,153.5,16.5,852.1,901.48,3.4,33.4
318.8,212.5,0,155.7,17.2,852.1,880.4,3,25.2
401.8,94.7,0,147.4,12.3,946.8,852.1,3,41.1
362.6,70.84,0,164.9,11.6,944.7,817.42,3,35.3
323.7,282.8,0,183.8,10.3,893.88,659.9,6.8,28.3
362.6,80.74,0,171.54,11.6,944.7,800.74,20.8,35.3
286.3,140.12,0,158.64,11.2,1004.6,803.7,3,24.4
362.6,189,0,162.52,11.6,944.7,755.8,3,35.3
389.9,189,0,145.9,22,944.7,787.68,3,40.6
394.06,121.9,0,164.9,11.6,944.7,755.8,14.6,35.3
337.9,189,0,173.1,9.5,944.7,755.8,4.6,24.1
374,189.2,0,170.1,10.1,926.1,756.7,7,46.2
425,106.3,0,153.5,16.5,852.1,887.1,7,49.2
375,93.8,0,126.6,23.4,852.1,992.6,5.2,45.7
425,106.3,65.8,153.5,18.08,852.1,809.24,7,49.2
425,105.92,0,153.5,15.48,852.1,887.1,7,49.2
257.9,212.5,0,155.84,14.3,852.1,880.4,7,33.4
401.8,94.7,0,147.4,12.36,946.8,852.1,11,54.1
362.6,189,0,174.1,11.6,901.92,755.8,53,55.9
294.32,151.2,0,157.2,15.9,919.8,841.1,31.4,47.1
362.6,189,0,167.04,11.6,944.7,735.82,33.2,55.9
286.3,86.94,0,172,1.56,1004.6,803.7,68,38
389.9,152.28,0,149.84,22,944.7,791.82,7,59.09
362.6,189,0,164.9,11.6,947.3,755.8,7,22.9
246.5,189,51.08,174.9,9.5,944.7,755.8,7,35.1
374,189.2,0,170.1,10.1,921.92,756.7,28,61.09
425,106.3,0,153.5,16.5,852.1,887.1,28,60.29
375,108.2,0,126.6,23.4,852.1,992.6,28,56.7
475,118.8,0,181.1,8.9,851.3,781.5,28,68.3
388.6,97.1,0,157.9,15.68,852.1,925.7,28.6,50.7
531.3,0,0,141.8,28.2,852.1,891.12,28,56.4
408.44,106.3,0,150.76,16.5,922.92,831.24,28,60.29
325.64,94.7,65.46,147.4,15.42,943.8,852.1,28,68.5
362.6,189,0,164.9,12.9,944.7,752.7,28,71.3
323.7,263.74,0,183.8,10.3,942.7,659.9,28,74.7
440.02,218.4,0,153.9,15.9,1038.12,605,9.6,52.2
362.6,189,0,164.9,11.6,944.7,755.8,28,71.3
286.3,200.9,23.5,144.7,13.96,961.02,803.7,28,67.7
362.6,189,0,164.9,10.94,944.7,755.8,66.8,71.3
439,177,0,186,8.12,884.9,707.9,28,66
389.9,189,0,145.9,12.22,944.7,755.8,28,74.5
362.6,114.28,57.72,164.9,11.6,944.7,755.8,28,71.3
274.06,189,0,174.9,9.5,944.7,784.18,28,49.9
374,189.2,0,170.1,10.1,926.1,759.54,56,63.4
313.3,262.2,0,176.34,7.6,1046.9,611.8,56,64.9
425,106.3,77.14,177.1,12.34,852.1,723.44,56,64.3
425,106.3,69.18,151.4,18.6,936,742.06,28.6,64.9
475,118.8,0,181.1,8.9,852.1,781.5,106.8,72.3
425,165.62,0,151.38,16.5,852.1,813.36,56,64.3
388.6,97.1,0,157.9,12.1,852.1,863.42,16.8,55.2
531.3,0,0,141.8,28.2,883.36,893.7,18.8,58.8
425,106.3,0,183,10.8,852.1,781.64,106.8,64.3
401.8,94.7,0,147.4,12.28,946.8,852.1,58.4,73.7
362.6,189,0,166.22,6.8,944.7,755.8,56,77.3
379.5,151.2,43.86,174.56,15.9,905.24,727.66,56,54.9
362.6,189,0,164.9,11.94,944.7,731.9,180,77.3
480.36,30.6,0,144.7,14.12,1004.6,775.28,56,72.99
439,177,0,186,9.92,884.9,707.9,56,71.7
375.82,189,111.98,146.2,22,944.7,680.18,19.6,79.4
337.9,189,0,171.58,10.78,944.7,755.8,56,59.89
349.5,189.2,0,170.1,10.1,926.1,756.7,91,64.9
314.78,262.2,21.34,175.5,8.6,1046.9,611.8,91,66.6
425,136.8,0,153.5,16.5,924.52,793.58,47.8,65.2
425,106.3,0,153.22,10.38,936,803.7,42.4,66.7
375,11.12,86.24,136.36,23.4,852.1,992.6,16,62.5
458.72,117.2,0,137.8,32.2,852.1,840.5,91,70.7
367.2,106.3,0,153.5,16.5,857.7,887.1,46,65.2
469.46,106.3,0,161.96,16.5,852.1,812.32,91,65.2
318.8,212.5,58.14,155.7,20.28,852.1,763.48,35.6,68.1
362.6,189,0,181,11.6,866.24,755.8,91,79.3
460.3,151.2,0,153.9,15.9,1079.42,605,91,56.5
362.6,198.92,0,164.9,11.6,944.7,755.8,91,79.3
286.3,162.5,18.92,144.7,10.18,1004.6,821.34,91,76.8
392.28,189,71.7,159.88,22,914.52,689.14,91,82.6
362.6,187.18,0,164.9,11.6,944.7,755.8,91,79.3
337.9,189,0,174.9,9.5,944.7,755.8,79.6,67.8
222.4,0,96.7,189.3,4.5,967.1,870.3,3,11.58
271.82,78.4,96.7,176.1,9.26,980.36,720.06,28,24.89
222.4,0,96.7,189.3,5.92,949.18,870.3,30.8,29.45
201.64,0,94.6,197.9,0.92,947,852.2,3,10.38
233.8,0,94.6,182.28,4.6,947,852.2,14,22.14
233.8,0,71.98,197.9,2.18,947,801.5,37.8,22.84
233.8,0,94.6,161.22,7.48,1014.14,852.2,56,27.66
233.8,0,94.6,183.46,4.6,947,852.2,100,34.56
194.7,0,100.5,189.3,0,1006.4,795.98,3,12.45
194.7,0,154.8,175.32,7.5,1006.4,766.28,14,24.99
283.78,0,100.5,165.6,7.5,1043.68,785.7,28,25.72
194.7,0,100.5,165.6,7.5,1006.4,905.9,26.6,33.96
190.7,0,125.4,162.1,7.8,1090,804,3,15.04
154.16,0,125.4,162.1,7.8,1090,831.54,28,26.4
190.7,18.4,125.4,162.1,10.18,1032.16,823.9,52.2,40.57
199.62,0,121.6,184.68,5.7,1003.98,779.3,14,20.92
212.1,0,121.6,180.3,5.7,1057.6,779.3,28,24.9
219.24,0,121.6,180.3,5.7,1057.6,779.3,56,34.2
212.1,0,121.6,165.82,5.7,1044.52,779.3,53,39.61
230,0,118.3,195.5,4.76,966.78,758.6,3,10.03
230,0,118.3,183.54,4.6,1029.4,758.6,14,20.08
175.64,12.22,118.3,195.5,4.6,1029.4,758.6,100,35.34
161.38,0,141.22,161.9,9.9,1088.1,802.6,8.8,9.45
190.3,0,125.2,161.9,9.9,1082.9,802.6,20.2,22.72
190.3,0,125.2,161.9,11.46,1028.04,820.88,28,28.47
190.3,0,142.44,155.4,9.9,1088.1,801.3,56,38.56
235.22,0,125.2,161.9,9.9,1088.1,772.26,100,40.39
166.1,0,163.3,170.44,6.32,1058.6,753.24,3,10.76
166.1,0,163.3,176.5,4.5,1058.6,780.1,14,25.48
166.1,0,142.48,176.5,8.14,1008.4,807.68,28.6,21.54
166.1,0,163.3,176.5,4.5,1058.6,780.1,56,28.63
158.74,36.6,105.18,180.9,5.7,1058.7,783.18,3,7.75
168,42.1,164.7,121.8,5.7,1058.7,780.1,28,24.24
168,42.1,163.8,185.24,5.7,976.88,780.1,36.8,32.85
168,42.1,163.8,191.3,5.7,927.98,780.1,100,39.23
213.7,157.3,24.5,181.7,6.9,944.4,785.4,3,18
213.7,98.1,62.58,181.7,3.98,1015.1,785.4,14,30.39
213.7,98.1,24.5,181.7,6.9,1065.8,785.4,28,45.71
269.8,98.1,23.66,164.18,6.9,1065.8,785.4,100,53.9
213.8,13.9,24.5,181.7,6.7,1066,828.12,3,13.18
209,98.1,24.5,181.7,6.7,1066,785.5,14,17.84
213.8,175.36,24.5,158.38,7.94,1066,785.5,51.6,49.97
229.7,0,118.2,195.2,0.92,1028.1,757.6,29.4,13.36
205.42,8.42,118.2,195.2,6.1,1028.1,757.6,14,22.32
230.3,0,118.2,195.2,4.86,986.26,757.6,30,24.54
229.7,0,108.3,195.2,6.1,1028.1,757.6,56,31.35
216.12,3.8,99.36,186.7,7,928.76,847,20.2,19.93
262.68,92.96,94.1,186.7,8.46,949.9,718.12,14,25.69
238.1,0,112.6,186.7,8.64,949.9,847,23.8,30.23
238.1,10.76,94.1,180.42,7,988.78,821.14,100,44.3
250,0,95.7,187.4,3.12,956.9,861.2,3,13.82
198.38,0,95.7,187.4,5.5,956.9,861.2,14,24.92
200.56,0,95.7,187.4,5.3,956.9,861.2,28,29.22
304.98,0,95.7,177.9,5.5,956.9,785.02,23,38.33
250,4,95.7,187.4,5.5,956.9,861.2,100,42.35
212.5,9,100.4,159.3,9.72,1007.8,903.6,3,13.54
262.98,0,70.22,150.46,10.98,1007.8,903.6,14,26.31
212.5,0,100.4,159.3,8.7,1007.8,903.6,56,42.55
212.5,0,100.4,159.3,8.7,987.76,903.6,100,42.92
186.56,0,100.4,158.8,10.4,1003.8,903.8,8.8,13.33
236.5,0,100.4,149.08,10.4,1003.8,903.8,24.4,44.4
212,0,124.8,159,7.8,1085.4,799.5,3,19.52
269.66,0,124.8,159,7.8,1016.3,787.72,13,31.35
212,0,124.8,156.58,7.8,1085.4,809.36,28,38.5
212,0,151.24,159,7.18,1043.12,799.5,28,45.08
212,38.92,146.1,169.42,7.8,1085.4,752.5,114.4,47.82
231.8,0,108.12,174,6.7,1056.4,778.5,3,15.44
208.98,0,121.6,174,6.7,1056.4,778.5,14,26.77
231.8,0,121.6,174,6.7,1056.4,778.5,28,33.73
346.44,55.58,19.14,174,6.7,1056.4,778.5,18.8,42.7
291.46,0,121.6,174,6.7,1056.4,736.06,33.6,45.84
251.4,0,118.3,176.82,5.8,1028.4,757.7,14,29.93
251.4,0,118.3,176.08,5.8,1028.4,757.7,56,36.97
350.86,15.08,23.66,188.5,5.8,1028.4,757.7,50.2,43.58
251.4,0,118.3,181.06,6.4,1028.4,757.7,3,13.12
251.4,0,118.3,188.5,3.3,1028.4,733.28,18,24.43
251.4,17.8,118.3,188.5,6.4,949.82,757.7,28,32.66
251.4,0,118.3,175.06,6.4,1028.4,757.7,100,44.21
181.4,5.2,167,169.6,10.56,992.18,777.8,8,13.62
181.4,0,167,169.6,7.6,1055.6,760.54,14,21.6
181.4,0,167,169.6,7.6,1051.54,777.8,28,27.77
181.4,0,167,169.6,7.6,1027.68,777.8,65.2,45.37
182,45.2,122,170.2,8.2,965.14,835.7,56,43.5
182,0,122,170.2,10.26,1059.4,802.22,100,48.67
179.4,42.2,124.3,158.3,10.8,1037.8,796.2,3,7.4
176.6,0,124.3,155.76,10.8,1080.8,865.14,14,23.51
168.9,42.2,117.2,158.3,8.66,1073.4,796.2,28,31.12
168.9,42.2,124.3,158.3,10.8,1080.8,779.44,100,48.15
290.4,0,96.2,168.1,9.4,961.2,865,3,22.5
290.4,0,86.26,168.1,8.86,966.58,865,14,34.67
299.8,0,96.2,168.1,9.4,930.38,865,48.4,45.08
325.9,0,46.86,168.1,9.4,936.6,865,100,48.97
186.32,59.82,97.4,160.6,11.8,973.9,875.6,3,23.14
277.1,82.64,97.4,160.6,11.8,984.6,779.02,28,48.28
277.1,0,97.4,160.6,11.8,983.08,875.6,56,51.04
277.1,0,97.4,160.6,9.28,973.9,875.6,54.8,55.64
295.7,0,95.6,171.5,6.8,955.1,825.5,18,22.95
295.7,0,95.6,171.5,9.12,955.1,859.2,14,35.23
295.7,0,132.5,171.5,8.9,955.1,801.78,28,39.94
295.7,0,95.6,154.34,8.9,955.1,859.2,30.8,48.72
251.8,0,99.9,146.1,12.4,1006,899.8,6,21.02
251.8,41.08,131.32,146.1,12.4,1006,850.2,56,44.14
201.68,0,98.8,158.1,10.64,987.8,889,5,15.36
180.66,0,146.44,158.1,12.8,987.8,889,24.4,28.68
296.1,0,98.8,146.36,12.8,987.8,889,56,42.03
249.1,0,111.68,158.1,12.8,987.8,889,100,51.06
243.94,0,116.82,156.42,14.2,987.8,859.32,3,21.78
252.3,96.96,98.8,146.3,14.2,987.8,798.36,11.8,42.29
362.88,0,98.8,146.3,14.2,987.8,827.92,28,50.6
353.32,0,98.8,153.72,14.2,987.8,797.24,95,55.83
246.8,0,125.1,143.3,12,1055.34,854.14,3,23.52
246.8,8.8,125.1,169.3,12,999.18,800.9,14,42.22
299.18,47.26,125.1,143.3,12.16,1086.8,733.52,28,52.5
275.1,19.62,48.92,174.06,3.28,1053.6,777.5,3,23.8
275.1,0,135.46,159.5,9.9,1053.6,786.3,18.8,38.77
297.2,0,117.5,174.8,9.5,1022.8,760.2,3,21.91
300.96,0,117.5,174.8,9.5,1022.8,753.5,14,36.99
240.9,0,117.5,174.8,9.08,1022.8,784.82,94.4,47.4
297.2,0,117.5,174.8,9.5,1022.8,753.5,56,51.96
297.2,0,117.5,174.8,9.2,967.14,753.5,100,56.74
213.7,0,137.7,174.6,10.2,1018.32,776.4,23.8,33.73
213.7,0,127.86,154.8,10.2,1053.5,817.58,28,40.15
319.52,0,125.52,154.8,13.22,1008.06,776.4,21,46.64
213.7,0,159.8,154.8,10.2,1053.5,776.4,100,50.08
213.5,0,174.2,154.6,14.1,1052.3,784.86,23.6,33.7
328.76,0,105.44,154.6,10.04,1052.3,775.5,35.4,45.94
234,0,174.2,154.6,11.7,1052.3,775.5,21,51.43
213.5,3.8,174.2,154.6,9,1052.3,775.5,100,59.3
277.2,97.8,15.8,160.7,11.2,1061.7,782.5,28,63.14
277.2,136.08,52.22,156.9,10.72,1061.7,732.54,56,66.82
277.2,209,24.5,160.7,11.2,937.16,782.5,100,66.95
252.24,45.32,129.58,140.8,11.9,1075.7,792.7,8,35.96
218.2,54.6,123.8,140.8,12.66,1075.7,792.7,28,55.51
218.2,54.6,123.8,152.68,11.9,1056.92,792.7,53,61.99
361.86,54.6,47,140.8,11.9,1075.7,792.7,42,63.53
214.9,4.4,121.9,173.46,3.98,1051.16,780.6,3,18.02
214.9,53.8,126.24,155.6,9.36,1058.04,780.6,14,38.6
214.9,117.52,66.48,155.6,9.6,1014.3,771.8,39.6,52.2
289.06,53.8,121.9,155.6,9.6,1014.3,780.6,23.8,56.63
198.18,0,124.1,158.5,11.3,1078.7,794.9,3,15.34
218.9,0,116.3,158.5,11.3,1078.7,794.9,23,26.05
233.3,21.26,124.1,158.5,11.3,1078.7,768.52,56,37.27
376,0,0,214.6,0,1003.5,762.4,14,25.62
422.2,0,0,214.6,0,1003.5,663.04,28,31.97
500,0,0,159.78,4,955.22,853,28,67.57
476.36,21.26,0,145,5.9,1130,745,28,81.75
380.2,37.8,60,195,6.98,999.96,671.16,235,64.02
516,50.32,54.24,162,8.2,801,802,10.2,41.37
381.4,161.14,0,185,7.92,920,720,99,56.83
520,0,0,175,9.08,870,790.78,28,51.02
397.78,0,154.18,158,20,903,768,28,55.55
277.56,50,19.14,200,0,1124.4,665.16,28,39.38
298.48,17.2,158,167,12.48,967,746.98,28,55.65
333,17.5,163,167,17.9,996,652,49,47.28
448.6,0,0,175,0.78,1120,717.36,28,52.3
162.3,116,119,184,5.7,833,880,28,29.16
151.02,128,122,164.9,6.4,917.76,879,28,39.4
234,156,0,187.72,5.9,968.86,779.26,28,39.3
285,190,0,163,7.6,1031,685,43.2,53.58
430.4,119,0,167.42,9,1061,657,28,59
275,180,115.7,162,10.4,830,765,28,76.24
445.2,0,104.16,151,9,1065.6,655,42.4,69.84
255.82,0,15.8,163.8,0,1037.98,900.9,3,14.4
165,19.62,132.1,175.1,7,1005.8,810.4,3,19.42
147.66,129.8,118.6,179.9,3.6,1007.3,761.3,3,20.73
233.6,52.88,112.52,175.5,7.8,1006.3,746.6,18.2,14.94
160.14,50.1,173.5,164.8,6.5,1006.2,793.5,3,23.08
167,14.02,167,181.22,7.9,987.3,770.1,3,15.52
173.8,93.4,138.16,172.3,9.7,1007.56,746.6,3,15.82
190.3,0,125.2,166.6,6.1,1079,787.56,3,12.55
226.06,22.12,114.42,159.2,11.7,1043.6,771.9,11,15.61
194.7,26.48,83.14,170.2,8.72,945.12,901.8,23.6,12.18
251.4,0,133.04,190.52,5.8,967.48,754.3,3,11.98
161.5,0,143.6,163.8,7.42,962.7,900.9,14,16.88
186.16,128.5,132.1,175.1,10.02,952.3,746.6,14,33.09
178,164.8,52.2,184.02,3.6,1007.3,746.8,14,34.24
167.4,129.9,124.78,175.5,7.8,975.2,746.6,14,31.81
164.64,13.6,172.4,176.88,4.1,948.5,856.4,14,29.75
173.5,50.1,125.44,174.66,6.5,1006.2,793.5,14,33.01
167,110.2,84.72,164,7.9,1011.96,803.78,13,32.9
173.8,10.92,159.9,172.3,6.42,1007.2,746.6,14,29.55
190.3,0,125.2,166.6,9.9,1051.62,798.9,14.6,19.42
217.58,0,95.7,184.04,5.3,948.9,861.84,34.6,24.66
213.5,2.2,174.2,164.68,9.24,1043.6,771.9,16,29.59
198.56,0,100.5,160.28,7.5,998,901.8,14,24.28
251.4,0,118.3,181.78,5.8,1043.6,754.3,14,20.73
129.02,0,143.6,178.74,0,944.52,900.9,28,26.2
165,128.5,132.1,175.1,7.28,1005.8,746.6,56.8,46.39
178,108.68,118.6,179.9,3.6,1007.3,746.8,28,39.16
167.4,129.9,104.72,175.5,7.8,1005.1,746.6,28,41.2
172.4,13.6,172.4,156.8,13.26,1006.3,856.4,28,33.69
173.5,50.1,173.5,164.8,6.5,975.14,793.5,11,38.2
146.86,93.4,159.9,172.3,9.7,1007.2,746.6,22.4,37.81
190.3,0,125.2,166.6,6.68,1079,792.5,28,24.85
210.12,0,95.7,191.8,5.3,948.9,857.2,28,27.22
325.26,0,94.78,159.2,11.7,963.36,841.44,28,44.64
194.7,0,100.5,170.2,7.5,954.24,901.8,28,37.27
165,0,143.6,163.8,0,1005.6,900.9,56,36.56
165,128.5,132.1,175.1,7.78,962.6,746.6,41.8,53.72
178,178.52,49.4,179.9,5.66,1007.3,746.8,56,48.59
167.4,129.9,128.6,175.5,7.8,1006.3,746.6,56,51.72
172.4,13.6,172.4,156.8,4.1,993.44,856.4,56,35.85
161.14,75.4,167,168.1,7.9,1007.3,787.02,48.6,53.46
173.8,135.5,159.9,162.22,9.7,948.68,746.6,56,48.99
190.3,0,125.2,166.6,9.9,1034.74,798.9,14.6,31.72
296.08,0,105.22,191.8,5.3,948.9,772.68,56,39.64
213.5,0,174.2,159.2,11.7,1043.6,771.9,56,51.26
251.4,3,118.3,192.9,5.8,1043.6,709.96,56,39.27
165,0,143.6,163.8,0,1063.54,817.78,43.2,37.96
279.04,128.5,45.32,169.7,8.1,1005.8,746.6,100,55.02
178,129.8,118.6,179.9,3.6,1007.3,746.8,100,49.99
172.4,23.76,172.4,174.44,4.1,921.18,856.4,100,37.68
173.5,0,173.5,164.8,6.5,1036.54,793.5,100,56.06
167,83.5,167,164,12.44,1007.3,770.1,100,56.81
173.8,179.96,69.2,172.3,9.02,1007.2,746.6,113.4,50.94
250,0,95.7,160.66,7.38,998.82,857.2,25.2,41.16
213.5,0,170.74,159.2,11.7,1042.82,771.9,28,52.96
266.68,8.2,100.5,170.2,7.5,896.46,901.8,46,44.28
251.4,0,116.86,192.9,5.8,996.68,754.3,54.8,40.15
446,24,79,162,11.6,967,712,28,57.03
327.56,22.4,79,162,10.3,967,810.16,46,53.39
364,97.5,79,162,11.6,967,712,3,35.36
379.78,24,68.74,189.08,11.6,943.04,712,3,25.02
446,4.4,79,162,11.6,967,779.64,3,23.35
446,24,79,162,9.1,967,712,7,39.3
305.3,92.92,79,162,11.6,967,777.5,56,56.14
308.74,154.54,72.72,162,11.6,967,712,56,55.25
446,0,79,162,10.3,965.6,760.8,56,54.77
191.8,109.18,94,157,9.58,938,870.06,28,46.68
270.18,20,94,157,14.3,976.88,845,8.8,22.75
387,9.04,94,164.5,13.9,927.6,845,3,25.51
255.6,41.6,94,157,12.94,938,873.54,13.8,34.77
387,20,94,157,14.3,938,845,7,36.84
297.94,20,87.24,173.42,8.9,926.32,845,7,41.67
387,20,94,157,9.58,895.36,845,56,56.34
387,20,94,157,14.88,938,785.64,56,47.97
387,7.24,94,157,11.6,938,813.5,56,61.46
491,26,0,210,3.9,882,699,28,55.55
491,26,123,198.28,3.9,822,695.22,28,57.92
491,26,123,210,7.12,882,699,3,25.61
491,0,123,210,3.9,882,608.96,7,33.49
491,26,123,201,10.18,822,676.76,9.6,29.55
491,26,0,201,3.9,939,699,43.2,37.92
491,26,123,201,3.9,822,680.56,109.6,61.86
424,22,96.54,197.2,8.5,822,750,111.4,62.05
424,22,112,178,12.52,882,750,11.8,32.01
237.24,22,132,179.84,8.5,1009.88,750,72.8,39
424,22,132,178,8.5,870.44,750,56,65.7
424,22,132,168,24.9,822,750,3,32.11
424,22,132,168,8.9,906,750,7,40.29
424,22,140.82,177.8,18.82,822,750,56,74.36
202,11,104.04,206,1.7,952.18,801,37.4,21.97
202,11,141,198.98,1.7,942,758.44,8.8,9.85
280.46,15,141,199.18,5.5,842,776.84,28,43.73
174.78,118.5,141,179,5.5,842,801,8,13.4
284,15,88.64,179,5.5,990.46,801,7,24.13
359,19,141,154,10.9,942,800.48,28,62.94
279.56,82.86,141,154,10.9,942,813.98,84,59.49
359,19,141,154,14.2,942,801,3,25.12
359,19,141,158.32,10.9,942,801,3,23.64
359,0,141,154,10.9,969.36,801,7,35.75
359,19,141,154,10.9,942,801,7.6,38.61
359,19,141,154,10.9,935.72,801,56,68.75
436,0,0,218,0,925.08,725.56,28,23.85
289,0,0,188.86,0,975.84,895.3,90,32.07
289,0,0,192,0,913.2,895.3,3,11.65
393,0,0,192,0,971.02,785.6,90,48.85
391.76,0,0,195.24,0,940.6,785.6,28,39.6
480,0,0,192,0,936.2,712.2,28,43.94
480,0,0,209.76,0,936.2,714.48,7,34.57
480,0,0,192.56,0,980.54,712.2,16.8,24.4
348.52,0,0,192,0,931.2,842.6,29.4,15.62
255,0,0,192,0,889.8,945,90,21.86
267.7,95.56,0,192,4.3,889.8,806.66,7,10.22
255,0,0,192,0,889.8,945,28,18.75
333,0,0,192,0,931.2,859.22,23.8,23.4
393,0,0,192,0,940.6,785.6,7,27.74
178.78,0,111.36,192,0,889.8,868.36,11.8,8.2
158.8,238.2,0,185.7,0,1040.6,734.3,7,9.62
310.6,37.8,0,185.7,0,1088.66,724.3,7,17.24
272.8,181.9,0,185.7,0,1034.3,714.3,7,19.77
239.6,359.4,0,185.7,7.04,941.6,664.3,28,39.44
220.8,147.2,0,185.7,0,1055,744.3,28,25.75
397,0,0,185.7,0,1040.6,734.3,28,33.08
305.24,0,0,182.52,0,1047.8,815.1,7,24.07
210.7,176,60.46,185.7,5.82,977,689.3,7,21.82
295.8,18.68,0,185.7,0.92,997.56,820.6,7,14.84
258.66,170.3,0,185.7,0,999.3,724.3,28,32.05
203.5,135.7,0,185.7,0,1076.2,759.3,7,11.96
397,0,0,185.7,0,1057.6,734.3,23.8,25.45
381.4,3.8,0,185.7,0,1104.6,784.3,15.2,22.49
295.8,0,0,185.7,0,1091.4,773.9,28,25.22
164.12,342.1,0,185.7,7.36,955.8,674.3,38,39.7
238.1,0,0,185.7,0,1118.8,791.94,28,17.58
339.2,0,0,196.48,0,1047.32,754.3,29.8,21.18
155.16,203.5,0,185.7,0,1076.2,759.3,8.8,18.2
193.5,208.58,24.6,185.7,0,998.2,704.3,7,17.2
203.5,175.12,0,185.7,0,979.52,759.3,28,22.63
290.2,193.5,0,185.7,5.46,998.2,711.52,7,21.86
181.9,104.26,0,185.7,0,1012.4,836.28,7,12.37
174.76,155.5,0,185.7,0,943.88,813.26,46.2,25.73
210.7,161.84,0,185.7,0,962.82,798.78,28,37.81
290.2,148.04,0,185.7,3.48,998.2,704.3,28,33.04
238.2,158.8,15.8,185.7,0,1040.6,734.3,25.2,26.91
186.2,63.84,0,174.78,2.08,1083.4,829.32,7,8
339.2,0,4.9,185.7,0,1071.34,754.3,28,31.9
220.62,0,0,185.7,0,1118.8,789.3,7,10.34
325.58,99.1,22.12,185.7,0,1047.8,701.12,28,37.44
299.3,0,0,185.7,0,1111.6,784.3,13.8,11.48
316.1,210.7,0,185.7,0,977,715.4,7,24.44
298.3,61.92,0,185.7,0,1083.4,764.3,28,17.6
170.3,155.5,0,185.7,0,1026.6,724.3,7,10.73
272.8,114.72,0,185.7,0,1012.4,765.2,23.8,31.38
339,4.4,0,198.5,2.02,968,781,11,13.22
339,0,0,197,0,968,781,7,20.97
339,61.26,0,197,2.38,968,740.58,60.4,27.04
339,0,0,190.64,0,1036.96,781,90,35.17
297.68,0,75.06,209.8,0,968,726.86,180,36.45
339,10.02,0,197,1.2,968,781,365,38.89
236,0,0,194,0,1004.02,885,28,18.42
236,0,0,194,0,968,885,90,21.95
236,0,0,193,0,968,825.78,102.6,24.1
236,0,19.76,221.28,0,984.38,744.6,365,25.08
230.96,100.38,0,191,0,968,802.88,35.4,21.26
290.9,0,0,191,0,968,864.84,3,11.36
277,0,19.14,193.58,0,968,856,180,32.33
277,0,0,191,0,968,837.96,360,33.7
254,0,0,198,0,968,863,3,9.31
220.46,0,54.2,198,0,968,863,90,26.94
254,0,0,191.74,1.6,968,863,81.6,27.63
293.6,0,35.56,193,0,968,812,180,34.49
264.38,105.64,0,193,0,994.14,770.16,31.2,36.15
200,0,0,180,0,1125,820.66,7,7.84
285.76,0,0,180,0,1060.22,832.52,28,12.25
225,97.3,0,181,1.18,1018.86,833,7,11.17
325,0,0,184,0,1063,783,28,30.57
275,0,0,178.98,1.38,1088,809.06,28,24.5
300,0,0,190.44,0,1019.72,795,28,26.85
375,0,0,186,0,1038,758,7,26.06
375,0,0,186,0,1035.4,772.64,28,38.21
400,2.72,0,187,0,1033.1,745,7,30.14
250,0,0,188.66,0,1100,790.4,28,20.87
274.2,0,75.46,187.84,4.44,959,800.34,7,20.28
203.5,283.76,0,203.5,4.4,963.4,630,7,19.54
250.2,166.8,0,203.5,0,984.16,694.1,90,47.71
176.4,236,20.1,192,0,908.62,781.2,90,43.38
141.3,212,0,203.5,0,971.8,732.7,46.2,29.89
122.6,183.9,0,200.8,0,958.2,800.1,90,33.19
192.44,122.6,0,199.88,0,959.2,800,3,4.9
102,153,0,192,0,887,942,39.6,25.46
162.92,183.9,0,203.5,0,958.2,800.1,39.2,24.29
166.8,250.2,4.9,203.3,0,975.6,690.8,108.2,33.95
174.24,133,0,192,0,965.4,817.96,11.2,11.41
108.3,162.4,24.6,203.5,0,899.6,849,28,20.59
201.98,203.5,0,205.14,0,965.4,707.02,7,25.89
147.8,162.4,24.6,203.5,0,938.2,849,90,29.23
158.32,173,0,192,0,909.8,891.9,90,31.02
171.18,166.8,0,203.5,0,980.5,769.52,12.4,19.35
173,116,0,194.96,0,946.8,856.8,7,11.39
192,30.24,123.24,192,5.72,929.8,816.48,10.2,12.79
192,288,0,192,0,946.14,716.1,28,39.32
153,102,0,192,1.8,888,921.62,11.2,4.78
288,192,0,192,0,932,743.22,8.4,16.11
305.3,212.52,0,203.5,0,965.4,631,28,43.38
236,157,0,192,0,972.6,749.1,23,20.42
173,116,0,192,0,946.8,856.8,18.8,6.94
236,157,0,192,0,972.6,749.1,3,13.57
183.9,122.6,0,203.5,0,959.2,797.76,54.8,32.53
166.8,160.5,0,203.6,0,975.6,737.16,7,15.75
102,153,0,192,0,887,942,28,17.28
173,116,0,192,0,946.8,856.8,28,24.28
183.9,156.84,0,187.54,0,973.98,800,28,24.05
133,200,0,192,0,937.88,839.2,90,36.59
182.92,288,0,197.3,0,929.8,716.1,146.2,50.73
133,200,0,192,0,927.4,818.26,7,13.66
305.3,203.5,0,211,2.46,965.4,631,3,14.14
236,157,0,192,0,972.6,749.1,49,47.78
132.86,162.4,0,203.5,0,938.2,849,3,2.33
157,236,0,193.64,0,935.4,781.2,23.8,16.89
217.44,192,0,211.88,2.5,932,717.8,29.4,23.52
212,141.3,0,203.5,0,992.88,750,3,6.81
153,102,0,192,0,888,915.34,28,17.96
203.5,165.9,32.2,187.88,0,963.4,790.14,28,41.68
133,200,0,192,2.44,927.4,839.2,5.4,6.88
288,191.24,0,192,7.38,932,717.8,90,50.53
250.2,70.48,61.46,215.1,0,977.6,694.1,3,9.73
150.62,183.9,0,204.64,0,905.7,800.1,3,3.32
153,82.66,0,192,0,888,943.1,90,26.32
200,133,0,192,0.68,965.4,806.2,117,43.25
280.96,8.44,0,192,0,941.36,891.9,3,6.28
173,116,0,193.8,0,927.98,856.8,90,32.1
250.2,187.56,0,194.86,3.94,1007.28,694.1,28,36.96
305.3,203.5,0,202.5,0,921.22,681.76,90,54.6
192,134.58,19.14,192,0,929.8,847.26,23.6,21.48
153.46,236,0,191.32,2.9,935.4,781.2,3,9.69
153,65.94,0,192,0,888,943.1,24.2,8.37
286.54,103.76,0,203.5,0,971.8,744.2,90,39.66
213.14,173,19.48,197.8,5.56,934.18,749.2,10.2,10.09
122.6,183.9,0,203.5,0,958.2,788.48,7,10.35
169.94,250.2,0,203.5,1.34,975.6,692.6,90,43.57
203.5,305.3,0,203.5,3.36,963.4,620.4,90,51.86
310,0,0,206.46,0,1012,796.44,31.2,11.85
310,0,0,192,0,1013.18,830,7,17.24
310,3.8,0,190.42,0,1012,830,90,35.76
310,0,0,192,3.16,972.54,830,54.8,38.7
307.56,12.24,0,192,0,1025,821,3,14.31
372.92,0,0,192,0,972.7,804.36,7,17.44
331,0,0,183.56,0,1025,821,28,31.74
331,0,0,183.6,0,1020.2,821,90,37.91
331,0,4.9,192,0,1025,769.18,61.2,39.38
349,0,0,180.26,0,1056,809,8.8,15.87
349,0,0,192,0,1056,809,14.6,9.01
349,27.88,0,192,0,967.02,809,90,40.66
349,0,0,179.16,0,1056,809,120,40.86
297,55.46,0,197.42,0,1023.02,734,7,30.96
480,0,0,192,4.78,1010.84,695.08,28,43.89
480,10,0,192,0,936,721,107.8,54.28
321.08,0,0,186,0,1104,774,7,14.5
356.8,0,0,188.34,0,1041.56,774,28,22.44
500,0,0,191.9,0,1125,613,1,12.64
500,0,0,191.08,0,1125,603.8,3,26.06
286.5,137.66,0,201.86,0.68,1125,613,7,33.21
333.44,0,23.5,200,0,1125,682.62,14,36.94
437.6,0,0,173,3.54,1125,690.92,7,52.61
540,0,0,173,4.52,1125,613,90,69.66
540,0,0,173,0,1112.44,613,180,71.62
540,4,0,174.06,7.08,1125,613,270,74.17
274.96,0,76.52,203,3.52,966.5,775,7,18.13
371.44,0,0,203,0,1047.24,725.12,14,22.53
345.1,0,0,203,0,974,775,42,27.34
306.14,78.08,0,203,1.34,974,745.18,56,29.98
224.8,69.18,76.48,203,2.56,944.36,759.24,90,31.35
372.76,0,0,203,0,974,752.9,180,32.72
385,0,0,186,0,966,763,3,14.7
359.22,0,0,186,0,966,833.2,7,23.22
360.02,0,0,200.7,0,1001.52,763,42.4,27.92
385,0,0,186,2.3,1013.92,763,28,31.35
331,0,0,192,0,1002.94,825,180,39
331,0,0,195.3,0,978,825,360,41.24
331,0,0,192,0,978,825,3,13.52
382,0,0,186,3.82,1004.82,790.3,7,24
440,0,0,188.16,0,1008.18,739,28,37.42
271.4,0,0,189.26,0,1111,784,7,11.47
311.74,0,0,186,0,1104,774,12.6,22.44
218.7,0,78.44,185,3.24,996.02,837.56,48.6,21.16
373.76,0,0,185,0,1069,754,28,31.84
282.38,42.4,0,185,0,1069,769,7,14.8
334.8,31.18,0,185,1.16,1017.2,767.98,28,25.18
285.7,0,0,185,0,1118,789,16.8,17.54
307.82,0,0,188.58,0.34,1085,765,28,21.65
296,0,0,192,0,1085,765,90,29.39
304.26,0,0,192,0,991.46,825,3,13.52
318.68,0,0,192,0,978,825,7,16.26
331,0,0,192,0,978,825,43.8,31.45
349,0,0,192,0,1047,806,7,18.13
349,0,0,197.4,0,1047,733.56,90,39.49
349,0,0,192,0,1047,769.78,180,41.05
349,0,0,192,0,1047,765.96,40.4,42.13
302,0,23.66,193,0,1043.68,771.1,14,18.13
236.94,88.5,0,203,0,974,782.9,180,26.74
500,2.72,0,188.48,0,1125,613,90,47.22
500,0,0,188.74,0,1125,613,68.2,55.16
453.2,5.2,0,190.18,0,1125,613,3,41.64
252,0,0,185,0,1111,784,7,13.71
290.7,0,0,185,0,1111,784,28,19.69
339,0,0,185,0,1095.74,754,40.4,31.65
438.32,0,0,192,0,940,758,28,39.58
393,16.12,0,199.5,0,977.54,758,90,48.79
430.52,0,0,185,0,1004.06,739,26.6,24
252,0,0,185.72,0,1111,784,18.8,11.47
310,0,0,192,0,970,850,20.2,14.99
303.98,0,45.14,192,0,970,799.7,28,27.92
310,36,0,183.66,1.6,970,850,71.6,37.33
257.84,0,57.52,192,0,950,850,65.4,38.11
525,0,0,189,0,1125,613,3,33.8
525,0,0,189,0,1125,613,43.2,42.42
525,4.4,0,189,0,1125,613,28,55.94
525,0,0,189,2.08,1064.56,613,270,67.11
244.46,0,101.94,184.36,3.8,974,800,14,20.77
298.36,52.74,0,203,0,974,762.14,28,25.18
322,0,0,192.1,0,974,800,180,29.59
302,0,0,203,0,976.22,817,43.2,21.75
397,0,0,187.44,3.04,1040,734,28,39.09
314.94,0,124.56,192,7.88,936,721,3,24.39
368.22,0,0,146,0,1086.4,855.94,35,50.51
381.8,105,28.2,198.34,9,904,680,81.8,37.17
181.96,190,148,179,19,838,741,28,33.76
231.14,144,91.82,220,10,877.44,658,28,16.5
337.76,140,0,214,6,895,722,28,33.42
374,75.58,0,190,7,1013,730,28,39.05
159,149,116,180.4,15,953,720,28,27.68
205.78,239,0,193.36,0.68,1013.24,684,36.4,26.86
305,0,100,196,10,959,705,28,30.12
288.84,0,138.44,167,12,991,772,5.2,15.57
142,167,137.92,174,11,937.36,773.28,28,44.61
334.92,137,24.6,206.14,3.7,905.42,655,119.2,53.52
321,189.12,0,187.7,5,870,774,28,57.21
252,97,76,194,8,835,821,28,33.4
165,0,150,194.36,2.2,1049.16,729,34,18.03
156,243,0,192.18,0.78,1022,698,28,37.36
160,188,146,203,11,829,761.7,28,32.84
298,0,98.74,186,6,879,837.5,28,42.64
318,0,126,210,6,861,756.28,40.6,40.06
326,166,0,160.54,9,909.82,790,28,61.23
217.46,173.74,74.48,193,11,801,813.2,58.4,40.87
132,207,161,179,5,936.9,736,28,33.3
322,149,0,186,8,1008.54,709,28,52.42
164,0,139.54,160.44,13,1013.46,852.8,28,15.09
321,0,128,169.36,8.78,990.22,780,18,37.26
290.34,25.7,97.12,175.98,7,908,829,28,42.13
313.6,13.3,86,195,6,909.12,790,28,41.54
160,250,0,168,5.44,1049,688,28,39.45
226.1,260,0,164.4,13,907.4,827,28,37.91
265.6,100,78,187.56,9,899.5,763.46,28,32.4
188.88,92,71,181.06,7.24,942.02,822.34,28,28.63
313,0,126.68,178,8,1058.98,689,13.8,36.8
155,12.44,135.38,193,9,1047,697,28,18.28
146,244.84,0,202,3,827,794.24,28,33.06
278.68,0,120.74,221,11,819,778,28,31.42
206.82,210,0,191.6,3,949,795,49,31.03
313,213.54,0,178,8,867,788.32,22.4,44.39
153,62.32,131.66,178,8,1002,771.72,28,25.56
140,108.3,94.94,174.48,7,950.8,828.58,28,36.44
149,236,0,176,13,847,893,28,32.96
153,145,113,178,8,867,829.5,28,26.23
184.96,145,0,178,8,1000,822,15.2,19.01
262,111,86,195,5.46,946.2,712.62,34.6,33.72
202.26,0,132.4,172.22,11,975.82,827.6,28,8.54
151,103.48,171.46,167,16,1050.48,678,7.6,13.46
273,0,90,199,11,953.3,762,28,32.24
149,132.2,110.62,183,7,953,780,14.6,23.52
313,112.5,76.4,178,10,953.88,728.66,54.8,52.44
284,120,0,178.1,7,973.62,794,28,40.93
336,0,0,181.64,2.9,986,833.7,117.6,44.86
198.62,26.46,134,181,11,979,797.96,28,13.2
150,282.94,0,174,12,1014.92,675,28,37.43
144,29,133,192,8,971.98,805,28,29.87
398.56,170,0,195,7.54,892.98,696.08,28,56.61
155,0,143,190.24,9,1066.38,697,28,12.46
155,183,0,193,1.6,982.42,786.82,28,23.79
153.74,0,166,180,10,961,805,28,13.29
266,112,87,178,10,910,766.76,19.6,39.42
313,145,0,127,8,1000,877.94,28,44.52
148,0,145.86,181,15,902.14,884,28,15.52
333.1,0,107,164.28,13,953,807.72,28,35.86
239.18,145,84.8,181.58,8,1002,689,28,41.05
155,184,0,207.44,0,1027.58,699,51.8,28.99
260.2,53.74,0,171,2,1000,870.02,31.2,26.92
145,0,148.2,199.86,8,824,882.6,32.6,10.54
313,0,0,178,8,1030.58,822,28,25.1
155,0,143,193,9,918.4,868,28,9.74
162,207,172,216,7.7,841.82,639.66,28,39.84
136,196,102.34,199,6,847,783,28,26.97
164,163,128,197,8,961,641,28,27.23
157,214,152,191.78,9,819,704,28,33.05
149,153,194,196.6,8,946.84,623,15.4,24.58
135,128.64,144.42,212.44,6,965,643,28,21.91
159,209,161,201,7,848,699.46,18,30.88
144,4,195,186.8,6,1021,776.7,28,15.34
154,174,185,228,7,845,612,28,24.34
156,178,187,175.98,14.78,912.56,706.26,28,29.41
358.64,0,113,178.5,8,1001.9,688.7,28,36.8
145.9,230.5,0,202.5,3.4,827,871.8,28,32.72
228.32,0,106.7,221.4,0,926.54,778.4,28,31.42
133.1,127.46,76.96,195.7,3.1,939.92,795.3,28,28.94
313.3,145,0,178.5,8.06,867.2,824,28,40.93
139.9,158.68,103.3,185.64,6.06,958.42,753.4,28,36.44
299.8,0,119.8,211.5,9.9,878.2,727.6,21,23.84
153.1,145,118.1,174.72,9.88,867.2,824,28,26.23
148.1,0,136.6,158.1,8.64,1001.8,830.1,16,17.96
152.7,144.7,0,177.22,8,999.7,831.82,28,19.01
261.9,119.46,86.1,195.4,5,895.2,732.6,20.2,33.72
158.4,115.84,130.4,203,11,897.7,712.9,9.6,8.54
225.96,0,105.8,166.7,15.6,1074.5,784.58,28,13.46
272.6,0,127.04,198.7,10.6,931.3,762.2,30.8,32.25
149,117.6,91.7,182.9,7.1,953.4,780.3,28.6,23.52
374.58,100.6,24.4,176.68,10.4,929.92,762.9,28,49.77
328,119.7,0,168.3,7.2,970.4,794.2,13.2,40.93
336.5,0,0,181.9,3.4,984.54,816.8,28,44.87
192.86,0,133.6,180.8,7.36,979.5,811.5,28,13.2
143.7,170.2,132.6,188.28,8.18,814.1,805.3,28,29.87
330.5,153.4,0,178.24,8.1,811,841.78,52.8,56.62
154.8,60.84,142.8,193.3,2.94,1035.82,696.7,28,12.46
154.8,183.4,0,193.3,2.02,948.26,786.52,28,23.79
134.7,0,166.24,180.2,10,961,804.9,22.4,13.29
266.2,112.3,87.5,171.78,10.4,932.9,776.66,28,39.42
314,145.3,113.2,184.74,12.14,869.1,690.2,28,46.23
312.7,144.7,0,127.3,8,999.7,822.2,11,44.52
145.7,172.6,0,181.9,3.08,985.8,843.3,23.8,23.74
147.4,136.3,106.2,178.1,7.5,970.4,774.3,11,26.15
148.1,0,182.1,181.4,15,838.9,884.3,28,15.53
277,118.2,91,200,4.7,945.94,665.6,108.4,43.58
313.3,145,0,178.5,8.5,1001.9,757.32,28,41.05
241.28,132.6,143.2,193.8,7.6,879.6,698.5,32.8,28.99
289,133.7,0,194.9,2.4,924.1,760.1,28,46.25
145.4,0,178.9,201.7,7.8,923.28,781.52,29.4,10.54
237.78,161.6,49.14,191.14,10.4,967.8,718.5,20.2,29.07
186.96,0,142.8,193.3,4.54,877.2,867.7,28,9.74
272.8,140.04,60.38,209.7,9,898.32,693.52,28,37.17
162,190.1,148.1,178.8,18.8,838.1,741.4,28,33.76
153.6,144.2,112.3,220.1,10.1,923.2,657.9,28,16.5
146.5,114.6,117.9,201.9,8.8,860,829.5,28,19.99
151.8,178.1,138.7,172.28,18.3,944,694.6,28,36.35
309.9,142.8,111.2,167.8,22.1,913.9,721.12,28,38.22
143.6,0,149.12,158.4,9.24,1050.48,844.5,28,15.42
266.52,139.9,0,213.5,1.34,918.5,722.5,28,33.42
304.8,0,99.6,196,9.8,959.4,705.2,28,30.12
150.9,0,145.58,166.6,11.6,991.2,872.8,28,15.57
141.9,189.62,129.7,179.94,10.78,882.6,785.3,28,44.61
297.8,137.2,106.9,201.3,6,878.4,691.04,28,53.52
321.3,198.48,0,190.5,4.6,870,774,28,57.22
366,187,0,191.3,9.98,824.3,756.9,28,65.91
279.8,128.9,100.4,172.4,9.5,825.1,816.56,28,52.83
252.1,103.92,75.6,193.8,8.3,835.5,821.4,28,33.4
155.6,220.98,0,180.3,1.8,1043.96,697.7,48,37.36
160.2,188,146.4,198.3,11.3,828.7,709.7,28,35.31
298.1,0,119.68,187.74,6.1,879,815.2,59.8,42.64
317.9,0,129.18,209.7,5.7,860.5,736.6,28,40.06
325.6,166.4,0,174,8.9,943.12,787.12,28,61.24
355.9,0,141.6,190,11,801.4,797,28,40.87
132,223.38,85.9,178.9,5.5,955.6,735.6,28,33.31
322.5,148.6,0,196,3.18,951,709.5,28,52.43
183.46,0,200.1,181.2,9.82,849.3,846,28,15.09
321.4,0,127.9,182.5,9.4,958,759.6,20.2,37.27
139.7,163.9,111.46,180.58,8.52,868.6,800.14,28,35.23
343.26,97.7,0,177.4,7,907.9,829.5,28,42.14
298.2,0,107,209.7,11.1,879.6,744.2,28,31.88
264.5,111,86.5,195.5,5.9,904.94,735.32,28,41.54
166,259.7,0,188.02,12.7,858.8,814.1,28,37.92
314.86,116,90.3,179.6,8.9,870.1,750.56,28,44.28
148.5,139.4,108.6,192.7,6.1,910.96,780,28,23.7
275.72,100.5,78.3,200.6,8.52,864.5,761.5,28,32.4
