465.331890670719,0,0,185.566702214455,2.5,1055,676,28,61.89
338.476678462436,142.5,0,224.901558243637,0,932,594,270,40.27
332.5,142.5,0,233.868149472611,0,932,594,365,41.05
125.229703064106,132.4,0,209.82841710484,0,978.4,825.5,360,44.3
253.531936402715,95,53.4930865325774,231.075092144579,0,1003.06248910756,594,365,43.7
266,104.114396667443,57.8752556586739,203.940173604553,0,932,729.308769248476,118.68319607047,45.85
475,0,0,199.396505817211,0,932,754.657230351179,28,39.29
198.6,132.4,0,183.654040391677,-1.65307899057692,978.4,825.5,90,38.07
213.452773307989,132.4,0,192,0,978.4,825.5,28,28.02
427.5,47.5,0,228,0,932,594,270,43.01
190,190,0,228,0,932,670,90,42.33
304,153.248636723646,0,192.033309574802,0,932,780.02443874179,28,47.81
380,108.215475919247,0,228,0,932,642.574027165931,90,52.91
139.6,209.4,0,192,0,980.806546604346,806.9,90,39.36
342,77.8673770419387,0,228,0,932,670,365,56.14
380,95,0,228,0,892.91475235578,677.157051604496,90,40.56
139.6,209.4,-42.8566870418634,192,-3.6157280230865,1047,806.9,3,8.06
139.6,209.4,-15.9939607817819,192,0,951.624905180878,806.9,180,44.21
380,0,0,228,0,932,670,270,53.3
380,116.564759034461,0,228,0,932,594,270,41.15
342,38,52.2379130542398,228,-1.76587760398253,932,670,180,52.12
475,0,0,228,0,932,652.044861166104,7,38.6
266,109.331160190191,6.57232576422424,228,-3.8669568517593,942.032043751294,673.920939437392,365,52.91
198.6,116.013450906737,0,192,0,978.4,825.5,136.08864069995,41.72
475,41.1883609262066,0,228.162440472028,-0.736892708686496,932,594,270,42.13
190,191.055969326265,0,228,-2.58574433673302,932,670,365,53.69
237.5,237.5,0,228,-0.765528124899412,932,594,270,38.41
332.5,142.5,0,228,-0.286861199178157,932,664.288976182088,90,37.72
237.5,237.5,9.60010766486483,228,0,932,635.055887952034,180,36.25
459.012120716682,38,0,213.021903233636,0,932,670,90,50.46
427.5,84.752741009285,0,228,0.574930197015137,932,594,97.6688411527057,43.7
380,82.9067987929234,-4.13112247948838,228,-2.54618061261752,932,670,180,53.1
427.5,47.5,-7.06555446154914,228,0,932,663.148224439342,90,41.54
427.5,56.9482545916832,0,228,0,932,660.824768789306,7,35.08
380,95,0,228,0,932,645.600105938072,180,40.76
380,95,0,228,0,963.762035671754,594,7,32.82
392.379650631523,58.6508727801253,35.0250573207334,200.957307968887,0,932,695.718592848832,112.062361889766,46.93
304,182.556034387888,0,228,0,884.219091013309,670,90,49.19
139.6,209.4,-55.1859266375947,183.19498573322,0,1047,806.9,7,14.59
198.6,132.4,0,196.197089030152,0,943.540959701228,815.203753148842,7,14.64
475,74.0452250646389,0,228,0,932,628.634767104424,55.2568782788897,41.93
304,76,63.8870210884626,214.986422501705,0,932,670,87.4657096989029,50.95
332.5,142.5,6.37323433513013,228,0,891.156080859873,647.242497957209,53.4808586103768,33.02
304,76,80.5694085060016,207.951970213334,0,932,670,88.0611438887727,54.38
266,114,49.6525088281799,223.773304727671,0.0174630124974636,932,670,270,51.73
190,190,0,228,-1.23664567950555,932,670,270,50.66
349.484119956096,93.5091435194932,0,228,0,932,670,148.492279781436,55.06
139.6,209.4,0,192,0,1047,806.9,360,44.7
321.88123706215,142.5,-0.584335341372133,228,0,934.597156564503,594,89.6708799062837,30.28
252.330155233771,190,0,228,0,932,670,84.454380868896,40.86
485,0,41.4700619554239,174.230059151724,0,1120,635.331759258331,28,71.99
122.770486535643,262.2,0,182.059356251615,4.85929996095093,1046.9,720.00696271226,3,28.8
425,21.2500777380613,0,178.753239780264,6.7809209383785,953.753769544191,803.7,28.8521039231171,36.3
475,118.8,34.8579252959022,190.334151862451,8.9,852.1,685.820220720782,3,37.8
469,117.2,0,137.8,32.2,852.1,840.5,3,40.2
425,-57.3078456873986,89.3305643372488,153.5,16.5,984.491059859996,811.39275994318,3,33.4
388.6,-27.3573148323819,0,157.9,9.13064925798713,973.13430876378,925.7,3,28.1
425,94.9356634905925,0,153.5,16.5,852.1,863.300823419404,-27.08020395861,33.4
318.8,212.5,0,155.7,13.1207040933648,852.1,880.4,3,25.2
401.8,94.7,0,147.4,12.6473720368979,946.8,852.1,3,41.1
362.6,85.3193099180664,0,164.9,11.6,944.7,838.051759216502,3,35.3
323.7,282.8,0,183.8,10.3,888.871299727563,659.9,-45.0478442385398,28.3
362.6,58.5521320065778,0,170.229262241329,11.6,944.7,841.545863516192,24.2502749748584,35.3
286.3,97.6674858631851,0,166.492997022849,11.2,1004.6,803.7,3,24.4
362.6,189,0,169.495908787749,11.6,944.7,755.8,3,35.3
389.9,189,0,145.9,22,944.7,762.622766746818,3,40.6
333.241608745481,155.992076365393,0,164.9,11.6,944.7,755.8,-22.2314544160807,35.3
337.9,189,0,174.826267325972,9.5,944.7,755.8,-18.6234679347319,24.1
374,189.2,0,170.1,10.1,926.1,756.7,7,46.2
425,106.3,15.9138215853663,153.5,16.5,852.1,887.1,7,49.2
375,93.8,0,126.6,23.4,852.1,992.6,-61.630252374869,45.7
425,106.3,73.7523465524973,153.5,16.3601118635167,852.1,807.079546550535,7,49.2
425,88.0820854703481,0,153.5,12.4778917155576,852.1,887.1,7,49.2
231.54613268717,212.5,0,166.38598546934,14.3,852.1,880.4,7,33.4
401.8,94.7,0,147.4,10.6174732432941,946.8,852.1,23.9633563138987,54.1
362.6,189,4.76658131866695,170.193324411675,11.6,923.541802830105,755.8,31.4069431820528,55.9
347.978399769895,151.2,0,154.565520011004,15.9,914.081648160314,805.506039455977,27.0191038033469,47.1
362.6,189,0,163.076239738198,11.6,944.7,749.920931091689,1.24638415576621,55.9
286.3,106.358110191745,0,176.618388746085,2.50197229293013,1004.6,803.7,56.301029459068,38
389.9,115.317279372908,0,146.024766565343,22,944.7,798.054351236693,7,59.09
362.6,189,0,164.9,11.6,921.532789719515,755.8,7,22.9
273.099050538905,189,-5.01567207538625,174.9,9.5,944.7,755.8,7,35.1
374,189.2,0,170.1,10.1,891.326998657495,756.7,28,61.09
425,106.3,0,153.5,16.5,852.1,887.1,28,60.29
375,96.2720574533294,0,126.6,23.4,852.1,992.6,28,56.7
475,118.8,-49.6826517101662,181.1,8.9,885.207012242404,781.5,28,68.3
388.6,97.1,0,157.9,15.0650206658781,852.1,925.7,25.7720326555328,50.7
531.3,0,0,141.8,28.2,852.1,887.06554682537,28,56.4
438.761758328206,106.3,0,166.54074257978,16.5,915.689876447369,795.245918106045,28,60.29
381.243311340736,94.7,29.5840974363757,147.4,15.1172084944279,913.193179121218,852.1,28,68.5
362.6,189,0,164.9,11.5340669270333,944.7,721.641401235419,28,71.3
323.7,258.078904215396,0,183.8,10.3,942.7,659.9,28,74.7
458.023414308426,145.470017913382,0,153.9,15.9,1062.96776562943,605,0.586050863329109,52.2
362.6,189,0,164.9,11.6,944.7,755.8,28,71.3
286.3,200.9,23.7143829097578,144.7,15.8512301518895,957.964072098569,803.7,28,67.7
362.6,189,-12.8440144766649,164.9,10.9894927124847,944.7,755.8,105.998949717004,71.3
439,177,6.59689845952466,186,11.8710491981665,884.9,707.9,28,66
389.9,189,0,145.9,15.8647493246342,944.7,755.8,28,74.5
362.6,150.104665399028,29.0270200488249,164.9,11.6,944.7,755.8,28,71.3
337.857328104822,189,0,174.9,9.5,944.7,735.760034309533,28,49.9
374,189.2,0,170.1,10.1,926.1,725.63593056683,56,63.4
313.3,262.2,-11.1699241908551,169.068147165335,7.23272981282999,1046.9,611.8,56,64.9
425,106.3,61.9574208251432,158.283857152136,18.0841013677744,852.1,788.643298676094,56,64.3
425,106.3,46.702808353183,151.4,18.6,936,757.974630237348,28.3382595696534,64.9
475,118.8,0,181.1,8.9,852.1,781.5,90.0837163939904,72.3
425,149.932355094817,0,167.890674676462,16.5,852.1,772.378172568418,56,64.3
388.6,97.1,0,157.9,12.1,852.1,860.240678497012,37.0195914047446,55.2
531.3,0,0,141.8,28.2,858.217109454873,893.7,37.4082729868066,58.8
425,106.3,0,184.821399438161,8.93213183389042,852.1,791.981460967473,82.7645471480984,64.3
401.8,94.7,0,147.4,14.3063486415278,946.8,852.1,65.3864566994132,73.7
362.6,189,0,165.549840940293,8.70578558982838,944.7,755.8,56,77.3
379.5,151.2,14.2336198510226,172.376854699568,15.9,893.723689199358,753.735494304747,56,54.9
362.6,189,0,164.9,7.56341181341999,944.7,752.332132766267,118.436125369742,77.3
393.221830149187,144.727216349548,0,144.7,14.6980338852683,1004.6,750.538500398632,56,72.99
439,177,0,186,6.93670962469805,884.9,707.9,56,71.7
346.123257043575,189,60.9635768468505,142.716768140999,22,944.7,753.554243313545,48.8269317668651,79.4
337.9,189,0,171.865657743682,9.69846944710498,944.7,755.8,56,59.89
343.143413861489,189.2,0,170.1,10.1,926.1,756.7,91,64.9
268.860598668011,262.2,2.44622410350734,175.5,8.6,1046.9,611.8,91,66.6
425,108.842312502381,0,153.5,16.5,961.659550969308,769.919646877379,80.8314019352442,65.2
425,106.3,0,157.840976026251,12.1374268474504,936,803.7,38.3394305618219,66.7
375,74.0240277253948,29.0635354478109,129.085943434014,23.4,852.1,992.6,16.2277166907356,62.5
459.063150258601,117.2,0,137.8,32.2,852.1,840.5,91,70.7
380.654603614535,106.3,0,153.5,16.5,894.682159636073,887.1,57.4550305900981,65.2
474.092593087652,106.3,0,168.704571450922,16.5,852.1,801.360440605831,91,65.2
318.8,212.5,70.2886912750382,155.7,16.0455998431206,852.1,800.576003890496,16.3865757524639,68.1
362.6,189,0,157.13480593033,11.6,963.499656988959,755.8,91,79.3
459.254917333697,151.2,0,153.9,15.9,1055.43831858109,605,91,56.5
362.6,187.935273189559,0,164.9,11.6,944.7,755.8,91,79.3
286.3,167.416860509445,21.5397585694044,144.7,14.5820328788665,1004.6,804.088463294211,91,76.8
405.84840325364,189,58.6525798126572,152.172559524756,22,851.494861370677,773.712176154634,91,82.6
362.6,155.382802590341,0,164.9,11.6,944.7,755.8,91,79.3
337.9,189,0,174.9,9.5,944.7,755.8,72.5169601497408,67.8
222.4,0,96.7,189.3,4.5,967.1,870.3,3,11.58
190.6660572342,60.6239307902985,96.7,183.012317666714,4.58492631896166,1012.87842579949,774.396933615372,28,24.89
222.4,0,96.7,189.3,2.14675956142244,937.753863328901,870.3,57.327709274299,29.45
92.3344954042294,100.487813895241,94.6,197.9,3.55325705599337,947,852.2,3,10.38
233.8,16.4963398685877,94.6,181.33632640294,4.6,947,852.2,14,22.14
233.8,0,69.2602986000989,197.9,1.67302403313691,947,824.125055788923,76.2262035247692,22.84
233.8,0,94.6,162.806851136309,9.72597684496634,1004.01308176594,852.2,56,27.66
233.8,47.8216110230007,94.6,180.137426856249,4.6,947,852.2,100,34.56
194.7,0,100.5,180.136503361453,2.76644491669114,1006.4,828.796331378103,3,12.45
194.7,58.0478957535671,142.04298931085,180.841735069981,7.5,1006.4,742.496839065331,14,24.99
228.869635276781,-10.8633636691782,100.5,165.6,7.5,1024.93455405272,812.315894989186,28,25.72
194.7,0,100.5,165.6,7.5,1006.4,905.9,78.1707387752133,33.96
190.7,5.27971782081139,125.4,162.1,7.8,1090,804,3,15.04
202.202333191324,0,125.4,162.1,7.8,1090,804.647606464128,28,26.4
190.7,80.9421231633385,125.4,162.1,8.62182099639639,980.16284612485,835.228509818143,-21.9503050712297,40.57
219.447492370643,0,121.6,189.703319081227,5.7,956.177149495444,779.3,14,20.92
212.1,-23.6759823492165,121.6,180.3,5.7,1057.6,779.3,28,24.9
201.099050581012,0,121.6,180.3,5.7,1057.6,779.3,56,34.2
212.1,0,121.6,183.511030274597,5.7,1013.08982447412,779.3,59.4456588944065,39.61
230,0,118.3,195.5,6.01448780668239,954.532952861996,758.6,3,10.03
230,0,118.3,189.449751151954,4.6,1029.4,758.6,14,20.08
257.822712783892,-48.4140370986325,118.3,195.5,4.6,1029.4,758.6,100,35.34
200.982657398653,36.865784477335,96.1818093026787,161.9,9.9,1088.1,802.6,-18.500656231799,9.45
190.3,0,125.2,161.9,9.9,1044.07228498842,802.6,-5.29783669692588,22.72
190.3,0,125.2,161.9,9.71231742803001,1004.57839982527,865.540222929991,28,28.47
190.3,0,136.634509714863,157.964170988098,9.9,1088.1,789.210952903778,56,38.56
251.345096898232,-34.5206524343865,125.2,161.9,9.9,1088.1,790.943009751601,100,40.39
166.1,0,163.3,165.458263511767,9.04385923636145,1058.6,797.124675164865,3,10.76
166.1,0,163.3,176.5,4.5,1058.6,780.1,14,25.48
166.1,0,142.947556053785,176.5,5.44980156637185,1006.39805016705,828.550783983151,51.3756611284617,21.54
166.1,0,163.3,176.5,4.5,1058.6,780.1,56,28.63
188.7816815227,39.8393742710409,69.9264325323604,179.008228028411,5.7,1058.7,765.687062448254,3,7.75
168,42.1,180.656251716849,121.8,5.7,1058.7,780.1,28,24.24
168,42.1,163.8,168.265759493399,5.7,1024.66079819547,780.1,41.379854370837,32.85
168,42.1,163.8,185.198493037139,5.7,964.111792208299,780.1,100,39.23
213.7,125.729225051996,24.5,181.7,6.9,973.733660963137,785.4,3,18
213.7,98.1,99.3233408399387,181.7,7.41577326176652,979.930237873673,785.4,14,30.39
213.7,98.1,24.5,181.7,6.9,1065.8,785.4,28,45.71
281.233592735033,98.1,12.3160185271662,156.582951649066,6.9,1065.8,785.4,100,53.9
213.8,51.1225864343819,24.5,181.7,6.7,1066,788.956879721202,3,13.18
206.046751201806,98.1,24.5,181.7,6.7,1066,785.5,14,17.84
213.8,152.699632350946,24.5,171.590576008863,6.44647759259207,1066,785.5,45.4177276031509,49.97
229.7,0,118.2,195.2,2.75182159329509,1028.1,757.6,39.4063443208197,13.36
169.345560477047,12.7872995040012,118.2,195.2,6.1,1028.1,757.6,14,22.32
264.294821220121,0,118.2,195.2,6.05383364611995,989.695555904133,757.6,66.6265507455674,24.54
229.7,0,85.6037070497867,195.2,6.1,1028.1,757.6,56,31.35
229.376750481318,29.160204581029,65.7010903346592,186.7,7,952.700952554057,847,49.5036395848337,19.93
174.951942617126,83.275455296603,94.1,186.7,7.51110540227839,949.9,803.781378827494,14,25.69
238.1,0,102.267661012865,186.7,4.91445417278596,949.9,847,17.4367862814415,30.23
238.1,151.555471026299,94.1,198.416017654565,7,896.097480198547,706.152815306841,100,44.3
250,0,95.7,187.4,7.48347847527627,956.9,861.2,3,13.82
228.188409587769,0,95.7,187.4,5.5,956.9,861.2,14,24.92
200.624066256484,0,95.7,187.4,3.87915763898745,956.9,861.2,28,29.22
331.071603950593,0,95.7,181.584621357836,5.5,956.9,776.241827916379,48.1409869688641,38.33
250,-20.9750816178616,95.7,187.4,5.5,956.9,861.2,100,42.35
212.5,-5.57883471491598,100.4,159.3,6.55880261898622,1007.8,903.6,3,13.54
236.393667382733,0,89.7188765209874,150.85412767361,7.41887451866773,1007.8,903.6,14,26.31
212.5,1.30218460367722,100.4,159.3,8.7,1007.8,903.6,56,42.55
212.5,0,100.4,159.3,8.7,997.696509381357,903.6,100,42.92
181.845191119672,0,100.4,158.915295556166,10.4,1003.8,903.8,-12.9680857293122,13.33
290.761397193007,0,100.4,143.232314465371,10.4,1003.8,903.8,-9.42640674063011,44.4
212,0,124.8,159,7.8,1085.4,799.5,3,19.52
224.423900655391,0,124.8,159,7.8,1034.84213116536,845.762183146897,49.6608957528691,31.35
212,0,124.8,165.734459632322,7.8,1085.4,786.111375660466,28,38.5
212,0,151.641665733418,159,12.1971143203403,1014.0144948609,799.5,78.1671696428324,45.08
212,73.53089875879,83.7890916855421,162.970197224106,7.8,1085.4,788.372256690476,70.3359552661275,47.82
231.8,0,84.9665003476498,174,6.7,1056.4,778.5,3,15.44
190.145291937565,0,121.6,174,6.7,1056.4,778.5,14,26.77
231.8,0,121.6,174,6.7,1056.4,778.5,28,33.73
328.607573885697,-5.78224336660541,60.7608636770353,174,6.7,1056.4,778.5,109.418092120107,42.7
263.231067108016,0,121.6,174,6.7,1056.4,774.154490194866,13.3953932736207,45.84
251.4,0,118.3,183.738119425322,5.8,1028.4,757.7,14,29.93
251.4,28.562222032452,118.3,171.833659582743,5.8,1028.4,757.7,56,36.97
214.188808984977,70.8793076710059,78.955084448796,188.5,5.8,1028.4,757.7,117.170203874643,43.58
251.4,0,118.3,180.866139853333,6.4,1028.4,757.7,3,13.12
251.4,0,118.3,188.5,4.92369583769481,1028.4,723.524683992865,43.3280593346859,24.43
251.4,82.5236014361883,118.3,188.5,6.4,892.951479756024,757.7,28,32.66
251.4,0,118.3,178.338103768409,6.4,1028.4,757.7,100,44.21
181.4,-2.35598824418806,167,169.6,9.34059858537019,1026.83576885273,777.8,21.4336278713481,13.62
181.4,0,167,169.6,7.6,1055.6,774.190431398111,14,21.6
181.4,0,167,169.6,7.6,1043.08991767093,777.8,28,27.77
181.4,0,167,169.6,7.6,1054.39288662395,777.8,59.8276286649258,45.37
182,45.2,122,170.2,8.2,1033.95986128713,778.449448664816,56,43.5
182,72.7249868104546,122,170.2,6.25273825240637,1059.4,729.6261315209,100,48.67
155.060265640708,42.2,124.3,158.3,10.8,1038.47641414776,796.2,3,7.4
121.677854896627,63.7243748336077,124.3,157.883949098827,10.8,1080.8,808.6467228704,14,23.51
168.9,42.2,143.124470723173,158.3,10.0686595917556,1041.85820516083,796.2,28,31.12
168.9,42.2,124.3,158.3,10.8,1080.8,807.158211152116,100,48.15
290.4,0,96.2,168.1,9.4,961.2,865,3,22.5
290.4,0,106.927614744935,168.1,6.64485354753825,957.421006241302,865,14,34.67
277.751991989448,0,96.2,168.1,9.4,967.855494455064,865,45.7844445384831,45.08
288.825269065742,0,95.3598461173058,168.1,9.4,967.026942677056,865,100,48.97
224.100102968115,56.1804574905441,97.4,160.6,11.8,973.9,875.6,3,23.14
277.1,96.4430201960691,97.4,160.6,11.8,982.302624349192,787.142223851259,28,48.28
277.1,0,97.4,160.6,11.8,960.8001608591,875.6,56,51.04
277.1,0,97.4,160.6,8.87389545279215,973.9,875.6,64.6899835929896,55.64
295.7,0,95.6,171.5,8.37094312439783,955.1,834.474428316572,-5.36558412270684,22.95
295.7,0,95.6,171.5,8.97832336003488,955.1,859.2,14,35.23
295.7,0,90.0849628649104,171.5,8.9,955.1,860.782919939038,28,39.94
295.7,0,95.6,169.860558218565,8.9,955.1,859.2,34.9273672313877,48.72
251.8,0,99.9,146.1,12.4,1006,899.8,-5.94081339169243,21.02
251.8,58.3309886240834,81.6020393442829,146.1,12.4,1006,839.133527014037,56,44.14
256.996288291122,0,98.8,158.1,11.5177823402081,987.8,889,-22.957985548881,15.36
281.283394467641,0,58.7168959628809,158.1,12.8,987.8,889,-12.2870324031925,28.68
256.899250269144,0,98.8,158.584651764094,12.8,987.8,889,56,42.03
249.1,0,88.0469737235397,158.1,12.8,987.8,889,100,51.06
280.251767559835,0,112.643823285373,162.542724049038,14.2,987.8,812.953652469953,3,21.78
252.3,65.7460816678204,98.8,146.3,14.2,987.8,854.636881253163,4.44089431008726,42.29
315.208053120036,0,98.8,146.3,14.2,987.8,853.384766649835,28,50.6
350.860607908994,0,98.8,164.091166270322,14.2,987.8,791.54942838047,35.2429418657495,55.83
246.8,0,125.1,143.3,12,1018.07752835322,847.359585457154,3,23.52
246.8,117.298264376405,125.1,162.246832188115,12,909.810659375165,800.9,14,42.22
270.133122554385,-18.3261466164922,125.1,143.3,10.3749257076665,1086.8,808.589156470275,28,52.5
275.1,24.905514393943,14.4615510718288,186.380792537957,2.10611489983306,1053.6,777.5,3,23.8
275.1,0,85.1252585383827,159.5,9.9,1053.6,817.303318875259,22.9240121361562,38.77
297.2,-51.8453049167986,117.5,174.8,9.5,1022.8,773.383137160332,3,21.91
270.071450678194,0,117.5,174.8,9.5,1022.8,753.5,14,36.99
262.053435223915,0,117.5,174.8,6.80770978223856,1022.8,774.761556734487,58.9951642100802,47.4
297.2,0,117.5,174.8,9.5,1022.8,753.5,56,51.96
297.2,0,117.5,174.8,5.50213143995948,1032.73328565534,753.5,100,56.74
213.7,0,166.899701412033,173.761328702221,10.2,999.975630938926,776.4,36.1932239338721,33.73
213.7,0,113.246451160649,154.8,10.2,1053.5,810.242577271752,28,40.15
340.490468860436,0,105.959382536309,154.8,13.3035278172506,1056.61362953281,776.4,10.9966496202603,46.64
213.7,0,169.145945024053,154.8,10.2,1053.5,776.4,100,50.08
213.5,0,174.2,154.6,10.8703957118551,1052.3,763.796059608104,-16.2189247688297,33.7
325.31654189706,0,85.886863771506,154.6,8.69456170051983,1052.3,775.5,83.1078760121164,45.94
241.904099132767,0,174.2,154.6,11.7,1052.3,775.5,28.4254421904021,51.43
213.5,10.6240149660925,174.2,154.6,13.1739369517509,1052.3,775.5,100,59.3
277.2,97.8,40.6794523088219,160.7,11.2,1061.7,782.5,28,63.14
277.2,118.215891350387,62.0013698270041,150.614559256494,10.6553544941228,1061.7,765.933059068467,56,66.82
277.2,137.387854865047,24.5,160.7,11.2,968.025949474076,782.5,100,66.95
239.980364218474,18.0452793967416,120.906350246903,140.8,11.9,1075.7,792.7,-13.205175650799,35.96
218.2,54.6,123.8,140.8,12.7570782005429,1075.7,792.7,28,55.51
218.2,54.6,123.8,160.982956920125,11.9,993.080582674442,792.7,59.9002180181042,61.99
355.790923706826,54.6,57.6342606380163,140.8,11.9,1075.7,792.7,18.9348904202001,63.53
214.9,24.7937834779211,121.9,183.336968619604,3.98197995098468,1023.06229510852,780.6,3,18.02
214.9,53.8,150.604070327815,155.6,14.5208908248087,984.185114727579,780.6,14,38.6
214.9,98.8468336461541,86.2227571405366,155.6,9.6,1014.3,807.736377186844,75.8831844012321,52.2
279.407796476188,53.8,121.9,155.6,9.6,1014.3,780.6,51.6677578457156,56.63
191.643708472333,0,124.1,158.5,11.3,1078.7,794.9,3,15.34
218.9,0,113.115400661208,158.5,11.3,1078.7,794.9,28.4278097566846,26.05
215.013505414104,27.3499709303317,124.1,158.5,11.3,1078.7,820.470067607765,56,37.27
376,0,0,214.6,0,1003.5,762.4,14,25.62
320.286034551006,0,0,214.6,-4.23220285704259,1003.5,750.904825052478,28,31.97
500,0,0,168.894201011411,4,935.793173721796,853,28,67.57
422.077921220752,79.9699125519268,1.95591282249695,145,5.9,1130,745,28,81.75
327.294148591778,156.999472191124,60,195,5.16988734212954,983.115311619747,608.854735526725,129.072610601375,64.02
516,115.241093327705,-12.0410978321897,162,8.2,801,802,-39.4649976590039,41.37
397.032609955521,122.865652143624,0,185,8.97906673679073,920,720,89.7754072489746,56.83
520,0,0,175,9.7719973253339,870,826.58838827908,28,51.02
410.745562582974,0,131.98673364647,158,20,903,768,28,55.55
291.694217516616,50,52.411698330046,200,1.18105655325912,1124.4,642.137253984266,28,39.38
310.502168594489,17.2,158,167,11.9334344653135,967,736.72574867651,28,55.65
333,17.5,163,167,17.9,996,652,21.7115001596632,47.28
408.6149417851,0,0,175,1.71595324262669,1120,724.802022205578,28,52.3
166.891709118457,116,119,184,5.7,833,880,28,29.16
142.071060447266,128,122,167.277397635357,6.4,918.207169232443,879,28,39.4
234,156,0,180.69468768183,5.9,968.854906170388,800.091333236681,28,39.3
285,190,0,163,7.6,1031,685,72.2150599940751,53.58
393.280442719234,119,0,168.448392891305,9,1061,657,28,59
275,180,114.853468565136,162,10.4,830,765,28,76.24
424.308379405026,0,94.1772523388887,151,9,1113.07317729401,655,90.4269206272551,69.84
172.271036815076,0,71.3420530130688,163.8,0,1052.48437357918,900.9,3,14.4
165,55.5564659468843,132.1,175.1,8.6526181174266,1005.8,785.610965901011,3,19.42
78.4136217773913,129.8,118.6,179.9,3.6,1007.3,783.440588145,3,20.73
142.198216493938,107.319634275408,110.717601301521,175.5,7.8,1006.3,746.6,22.5692341181235,14.94
134.172161276528,50.1,173.5,164.8,6.5,1006.2,793.5,3,23.08
167,13.8215826541424,167,177.607042425708,7.9,1045.74549816328,770.1,3,15.52
173.8,93.4,129.721762083726,172.3,9.7,988.45822670221,746.6,3,15.82
190.3,0,125.2,166.6,6.53951071483281,1079,806.684284552957,3,12.55
187.167788511992,47.629031543812,120.7397247369,159.2,11.7,1043.6,771.9,-29.5803001301207,15.61
194.7,-19.285302994462,61.8039716317402,170.2,4.39527909383745,1043.2779309917,901.8,7.02293520420128,12.18
251.4,0,108.463818769868,194.019815433423,5.8,988.998172176745,754.3,3,11.98
168.959364330623,0,143.6,163.8,10.7922516878534,970.58098120169,900.9,14,16.88
216.032685508459,128.5,132.1,175.1,9.19584360350247,954.807224863399,746.6,14,33.09
178,143.392899191825,26.1641443813446,193.345878165553,3.6,1007.3,746.8,14,34.24
167.4,129.9,93.1505422183322,175.5,7.8,1003.62253980895,746.6,14,31.81
132.681776408312,13.6,172.4,178.184911597257,4.1,947.724763345786,856.4,14,29.75
173.5,50.1,132.976522075655,170.543125797847,6.5,1006.2,793.5,14,33.01
167,92.669882103501,84.6477865509266,164,7.9,974.68437383339,825.344702044613,17.2756797897047,32.9
173.8,68.4801643796398,159.9,172.3,13.2166362416259,1007.2,746.6,14,29.55
190.3,0,125.2,166.6,9.9,1071.92031214863,798.9,40.6887975769849,19.42
237.432048448842,0,95.7,182.268172429028,5.3,948.9,838.339274397969,1.79730892216855,24.66
213.5,-14.5971510518826,174.2,170.525662264539,6.60059889307911,1043.6,771.9,16.5397300755339,29.59
222.708868251331,0,100.5,161.412981492208,7.5,998,901.8,14,24.28
251.4,0,118.3,178.63860241116,5.8,1043.6,754.3,14,20.73
137.60046672439,0,143.6,174.274199657817,0,998.190833574058,900.9,28,26.2
165,128.5,132.1,175.1,8.00854886143517,1005.8,746.6,68.1679461962977,46.39
178,114.627922648492,118.6,179.9,3.6,1007.3,746.8,28,39.16
167.4,129.9,128.22683729249,175.5,7.8,969.578554842504,746.6,28,41.2
172.4,13.6,172.4,156.8,11.2028953104336,1006.3,856.4,28,33.69
173.5,50.1,173.5,164.8,6.5,1016.88572364365,793.5,-29.4123461915059,38.2
197.457533261991,93.4,159.9,172.3,9.7,1007.2,746.6,13.4139254641679,37.81
190.3,0,125.2,166.6,6.38030165795954,1079,839.968468102185,28,24.85
208.830802083933,0,95.7,191.8,5.3,948.9,857.2,28,27.22
343.198667454881,0,104.685643379473,159.2,11.7,1046.85026566451,751.583143692495,28,44.64
194.7,0,100.5,170.2,7.5,962.859490955192,901.8,51.8720085517505,37.27
165,0,143.6,163.8,0,1005.6,900.9,56,36.56
165,128.5,132.1,175.1,7.22795321097456,1000.41642693474,746.6,105.682497928281,53.72
178,216.381080997634,33.1448423223792,179.9,6.03419495649132,1007.3,746.8,56,48.59
167.4,129.9,128.6,175.5,7.8,1006.3,746.6,56,51.72
172.4,13.6,172.4,156.8,4.1,1025.39480882135,856.4,56,35.85
196.816300720459,75.4,167,178.995487982259,7.9,1007.3,713.044777902676,60.7954402549904,53.46
173.8,98.0937505417804,159.9,170.354160979219,9.7,1002.85792867675,746.6,56,48.99
190.3,0,125.2,166.6,9.9,1057.62080761195,798.9,6.52061658335261,31.72
353.126502024995,0,57.061501490799,191.8,5.3,948.9,743.454868647265,56,39.64
213.5,0,174.2,159.2,11.7,1043.6,771.9,56,51.26
251.4,21.7029535165236,118.3,192.9,5.8,1043.6,675.173806946437,56,39.27
165,0,143.6,163.8,0,1105.94959895301,789.449493871602,50.4396864883766,37.96
250.911028150371,128.5,62.7209380374304,169.427931642694,8.1,1005.8,746.6,100,55.02
178,129.8,118.6,179.9,3.6,1007.3,746.8,100,49.99
172.4,-5.76943053958751,172.4,176.131674504562,4.1,951.12855270255,856.4,100,37.68
173.5,29.5120142000091,173.5,164.8,6.5,1005.8304125257,793.5,100,56.06
167,77.0418326759089,167,164,6.86516939213783,1007.3,770.1,100,56.81
173.8,121.723722637671,115.695264782313,172.3,9.18258770688002,1007.2,746.6,92.3311469734722,50.94
250,0,95.7,168.599275399527,9.39814861385624,1002.17393255151,857.2,14.0384367722207,41.16
213.5,0,175.729719287253,159.2,11.7,1044.40464302682,771.9,43.0216963424794,52.96
264.443759964309,12.1555300928352,100.5,170.2,7.5,943.189904344103,901.8,71.0552968427293,44.28
251.4,0,131.833151513618,192.9,5.8,976.579238663287,754.3,78.1508921504449,40.15
446,24,79,162,11.6,967,712,28,57.03
287.369440017757,90.7522227531329,79,162,10.3,967,787.508061755274,22.6667526428365,53.39
287.726985666751,168.733459708901,79,162,11.6,967,712,19.5326570231389,35.36
299.762080304395,24,112.872317169711,178.062271843763,11.6,979.85821842481,712,3,25.02
446,-113.554150982918,79,162,11.6,967,868.307869815703,3,23.35
446,24,79,162,10.8036627140034,967,712,7,39.3
243.367805365164,129.683551713356,79,162,11.6,967,781.87597665588,56,56.14
342.237226153502,128.69114126499,50.3917351108996,162,11.6,967,712,56,55.25
446,-10.4251047195606,79,162,10.3,1029.03482275025,743.990304208023,56,54.77
259.954504060391,90.0915953309147,94,157,12.2393734076965,938,787.672970749661,28,46.68
279.590579200419,20,94,157,14.3,967.988511295646,845,-46.2260312851466,22.75
387,-66.1211873539778,94,159.066682457845,13.9,965.408083428933,845,3,25.51
303.861695700851,11.9953050813916,94,157,14.9884596981133,938,853.445531911888,-11.7963213250171,34.77
387,20,94,157,14.3,938,845,7,36.84
290.651882827833,20,80.818122316543,171.303488506659,7.21494726573923,938.263009857237,845,7,41.67
387,20,94,157,13.3637768495609,934.576291096052,845,56,56.34
387,20,94,157,13.3291339912646,938,804.79516065314,56,47.97
387,49.0572531865174,94,157,11.6,938,771.339399284471,56,61.46
491,26,25.6341118955421,210,3.9,882,699,28,55.55
491,26,123,201.832931062911,3.9,822,665.075762748887,28,57.92
491,26,123,210,3.06744453736207,882,699,3,25.61
491,-105.336527906563,123,210,3.9,882,731.663073295612,7,33.49
491,26,123,201,10.9413716833166,822,663.827329604587,-15.7834000457425,29.55
491,26,-30.9353132714732,201,3.9,971.025994720079,699,55.1115086399841,37.92
491,26,123,201,3.9,822,669.369825721957,81.0696775976013,61.86
424,22,97.0480137729044,199.329889370117,8.5,822,750,106.939685392102,62.05
424,22,89.7722966738012,178,11.501369903109,882,750,13.221654386661,32.01
261.171879639153,22,132,191.658296139655,8.5,957.925344655472,750,38.1045923231896,39
424,22,132,178,8.5,887.888761673519,750,56,65.7
424,22,132,168,18.7335911390292,822,750,3,32.11
424,22,132,168,8.9,918.603170037493,750,7,40.29
424,22,124.612735592012,180.673870753286,16.8609737910905,822,750,56,74.36
202,11,82.6233733797532,206,1.7,976.687122741698,801,108.65012750222,21.97
202,11,141,204.176672759261,1.7,942,751.051724389469,36.8487643626488,9.85
281.142326975392,15,141,189.983159167339,5.5,842,817.368921956051,28,43.73
199.480792859557,108.020518834014,141,179,5.5,842,801,-39.9065249827869,13.4
284,15,56.6905974902729,179,5.5,1014.75462030964,801,7,24.13
359,19,141,154,10.9,942,787.324168694513,28,62.94
300.107108216189,69.7777228263383,141,154,10.9,942,789.708127749582,25.7317947862043,59.49
359,19,141,154,16.3897000445374,942,801,3,25.12
359,19,141,162.493659777986,10.9,942,801,3,23.64
359,-57.023087601962,141,154,10.9,1007.60425992427,801,7,35.75
359,19,141,154,10.9,942,801,20.2955771921334,38.61
359,19,141,154,10.9,971.563344337537,801,56,68.75
436,0,5.4877129399778,218,0,946.059200632992,709.114434186024,28,23.85
289,0,5.35979914422388,187.580436347485,0,978.476772559305,895.3,90,32.07
289,0,0,192,0,913.2,895.3,3,11.65
393,0,0,192,0,1017.22608921002,785.6,90,48.85
399.746673562965,0,0,207.324525255561,0,940.6,785.6,28,39.6
480,0,0,192,0,936.2,712.2,28,43.94
480,0,-3.19961648864385,191.331673186938,0,936.2,771.35473052723,7,34.57
480,0,0,202.810921506618,0,974.452100429864,712.2,40.198079824164,24.4
329.602066281755,0,0,192,0,931.2,842.6,4.31004375932107,15.62
255,0,0,192,0,889.8,945,90,21.86
205.819364296085,140.410741011193,0,192,5.68699609565443,889.8,852.869006744214,7,10.22
255,43.3082309357548,0,192,0,889.8,945,28,18.75
333,0,0,192,0,931.2,884.667388710929,56.3639469407122,23.4
393,0,0,192,0,940.6,785.6,7,27.74
272.851938798544,0,82.4375093098553,192,0,889.8,858.430154444766,-18.1637691968665,8.2
158.8,238.2,0,185.7,0,1040.6,734.3,7,9.62
214.608453352463,141.675994624122,0,185.7,0,1072.46817209928,724.3,7,17.24
272.8,181.9,0,185.7,0,973.383786025467,714.3,7,19.77
239.6,359.4,-46.7004279885921,185.7,6.7041500208183,941.6,664.3,28,39.44
220.8,147.2,0,185.7,0,1055,744.3,28,25.75
397,0,0,185.7,0,1040.6,734.3,28,33.08
279.971814000309,0,0,189.672564032471,0,1047.8,810.389481284575,7,24.07
210.7,97.7109619500785,153.353325439343,185.7,8.25113716462507,977,689.3,7,21.82
295.8,78.2846333815395,0,185.7,3.29587857099881,984.252063250853,776.273719740493,7,14.84
235.632412234449,170.3,0,185.7,0,997.494602097995,724.3,28,32.05
203.5,135.7,0,185.7,0,1076.2,759.3,7,11.96
397,-29.5395618510744,39.6759787553292,185.7,0,1053.02358713435,734.3,7.44573070442188,25.45
381.4,-70.2413488958512,0,185.7,0,1104.6,784.3,32.5976540298475,22.49
295.8,0,0,185.7,0,1091.4,804.716208994947,28,25.22
124.963636390174,342.1,22.6297238598413,185.7,4.29643464783336,955.8,674.3,38.8041980306936,39.7
238.1,0,38.2462120524244,185.7,0,1118.8,784.178461299497,28,17.58
339.2,0,0,189.221153648428,0,1068.23181954169,754.3,30.6004487307634,21.18
104.807852198283,203.5,-3.59792836015084,185.7,-0.26298414820205,1076.2,759.3,29.3095736890088,18.2
193.5,149.129505304797,89.2429436440198,185.7,0,998.2,704.3,7,17.2
203.5,140.817509800471,0,185.7,0,1038.67502384785,759.3,28,22.63
290.2,193.5,0,185.7,6.92865567568926,998.2,689.509962346072,7,21.86
181.9,132.057205297131,0,185.7,0,1012.4,820.061853907386,7,12.37
216.7256496386,155.5,0,185.7,0,1008.64884999955,758.578805260192,63.0805041971743,25.73
210.7,149.803520262596,0,185.7,0,1004.92836734491,814.084038460515,28,37.81
290.2,186.711607142571,0,185.7,2.93852462031308,998.2,704.3,28,33.04
238.2,158.8,-1.6501301104343,185.7,0,1040.6,734.3,60.5246864586022,26.91
186.2,36.1993813849479,0,190.999979154654,-1.18979452265043,1083.4,827.87124087194,7,8
339.2,0,27.3800089256938,185.7,0,1045.10119555106,754.3,28,31.9
251.53112165683,0,0,185.7,0,1118.8,789.3,7,10.34
276.999940825156,26.9968335564537,74.7800063842035,185.7,0,1047.8,732.741858297099,28,37.44
253.069813759323,0,0,185.7,0,1111.6,784.3,38.1775356429043,11.48
316.1,210.7,0,185.7,0,977,681.482599500467,7,24.44
261.647666976749,66.4574751262724,0,185.7,0,1083.4,764.3,28,17.6
170.3,155.5,0,185.7,0,1026.6,724.3,7,10.73
272.8,139.225399091029,0,185.7,0,1012.4,728.880103390806,3.84700358646549,31.38
339,27.0322571085422,37.795855217724,177.849483127648,7.98227580553012,968,781,-3.96389474310693,13.22
339,0,0,197,1.90536852521883,968,781,7,20.97
339,40.9912057656057,0,197,3.46962720109822,968,796.75426734463,27.6928349773574,27.04
339,0,0,197.770577265965,0,1041.09105740492,781,90,35.17
336.653324887455,0,37.6947751147643,198.524003334034,0,968,775.192661432152,180,36.45
339,27.0702959273763,0,197,2.48075642556046,968,781,365,38.89
236,0,0,194,0,994.902002799645,885,28,18.42
236,0,0,194,0.637769963404465,968,885,90,21.95
236,0,0,193,0,968,876.956811326766,69.8346618766867,24.1
236,0,53.0282087979906,222.277519036394,0,973.722520581777,753.812993755131,365,25.08
258.182092102182,86.9333993225958,0,191,0,968,829.684384271615,88.2297942086615,21.26
328.61608619158,0,0,191,0,968,855.708632083509,3,11.36
277,-28.7860419976707,37.7210187743326,196.393781902976,0,968,856,180,32.33
277,40.1155419471163,-5.23029439064066,191,0,968,842.750087660446,360,33.7
254,0,0,198,0,968,863,3,9.31
240.724003572876,0,14.2125224894127,198,0,968,863,90,26.94
254,0,0,195.012090784952,1.53592941179946,968,863,79.2321774873232,27.63
262.870826626278,0,70.1004221733101,193,0,968,812,180,34.49
308.798359952299,76.7324204377843,0,193,0,997.851067951812,763.275213277774,110.918778792102,36.15
200,0,0,180,0,1125,826.073347501649,7,7.84
276.375981027168,0,0,180,0,1030.9100929354,827.189488816851,28,12.25
225,99.4523534797122,0,181,1.43699380699036,980.712812516947,833,7,11.17
325,0,32.1838770705869,184,3.14867717024742,1063,783,28,30.57
275,0,0,182.629053988208,2.71806893629235,1088,794.403208349571,28,24.5
300,0,0,184.23227971264,0,1073.71109491518,795,28,26.85
375,30.9716491700939,-21.3364054370725,186,0,1038,758,7,26.06
375,0,17.8882588392629,186,0,990.82434762963,778.43777406046,28,38.21
400,-3.3754872181742,0,187,0,1041.03876409464,745,7,30.14
250,0,0,185.21883067311,0,1100,796.116184077877,28,20.87
268.102733424327,0,77.7482505451543,178.137232178395,5.09923895468605,1036.72201416511,810.826275206759,7,20.28
203.5,239.555218080909,0,203.5,2.45193117420659,963.4,630,7,19.54
250.2,166.8,0,203.5,1.74619103611227,971.316868804662,694.1,90,47.71
214.57499696975,236,-25.703014309354,192,0,941.312314860371,781.2,90,43.38
141.3,212,0,203.5,-0.637961830840726,971.8,745.508605043202,82.370706794964,29.89
122.6,183.9,0,204.605882131904,0,958.2,800.1,90,33.19
204.467365219599,122.6,0,201.201147030304,0,959.2,800,3,4.9
102,153,0,192,0,887,942,80.7972254236047,25.46
181.543926025608,183.9,-25.8362993783192,203.5,0,958.2,800.1,71.7554126845562,24.29
166.8,250.2,9.62440534499907,196.360481938485,0,975.6,724.376993893178,51.8470820592037,33.95
175.964673091383,133,0,192,0,965.4,824.785731839769,-9.53831521264533,11.41
108.3,162.4,26.7620544419274,203.5,0,908.000760898841,849,28,20.59
181.085687375343,203.5,0,187.965525008655,0,965.4,770.923570594024,7,25.89
149.281552678602,162.4,-8.73871550559731,203.5,0,938.2,849,90,29.23
150.288008948512,173,0,192,0,909.8,891.9,90,31.02
215.261985254165,166.8,0,203.5,3.73954541998697,938.92968518626,765.385775904462,50.4120458460597,19.35
173,116,0,201.17348154169,0,946.8,856.8,7,11.39
192,67.0706174729291,92.4870139679486,192,3.1672586036346,929.8,836.563575448073,35.8682824642741,12.79
192,288,0,192,0,959.265245202337,716.1,28,39.32
153,102,0,192,4.46755757541257,888,894.352030837549,30.2422263098875,4.78
288,192,0,192,0,932,738.923436229462,-33.1907359421073,16.11
305.3,209.239877091733,0,203.5,0,965.4,631,28,43.38
236,157,8.29785813476378,192,0,972.6,749.1,15.0697306432141,20.42
173,116,0,192,2.31494910630162,946.8,856.8,22.887524795185,6.94
236,157,0,192,0,972.6,749.1,3,13.57
183.9,122.6,0,203.5,0,959.2,799.97750733663,95.8186992495896,32.53
166.8,147.691111560391,0,198.222357987843,0,975.6,814.048594639884,7,15.75
102,153,0,192,0,887,942,28,17.28
173,116,20.5179039095976,192,0,946.8,856.8,28,24.28
183.9,113.556548876109,0,183.737889052985,0,1018.69850879363,800,28,24.05
133,200,0,192,0,952.630241734342,839.2,90,36.59
225.760892091407,288,-41.5208654528774,203.836858569947,0,929.8,716.1,128.332799416938,50.73
133,200,0,192,0,927.4,851.636979972075,7,13.66
305.3,203.5,-28.4265520429268,212.709469425187,0.279961150934374,965.4,631,3,14.14
236,157,0,192,0,972.6,749.1,90.2665422588396,47.78
152.243337961776,162.4,0,203.5,0.188402251227413,938.2,849,3,2.33
157,236,0,196.36404971335,0,935.4,781.2,28.9506126482925,16.89
169.301336579859,192,0,216.431535920319,0.478538056601026,932,717.8,101.420782151864,23.52
212,141.3,0,203.5,0,944.472001695017,750,3,6.81
153,102,0,192,0,888,940.004562254713,28,17.96
203.5,114.271390774327,85.7037407565117,190.618333439713,0,963.4,765.946202068846,28,41.68
133,200,3.57457083543439,192,4.57095908056379,927.4,839.2,-15.0439360542618,6.88
288,172.094943727706,0,192,5.96606481362686,932,717.8,90,50.53
250.2,118.896087308778,16.0060488197433,217.603140443929,0,977.6,694.1,3,9.73
136.117846958792,183.9,0,205.231092377091,-0.175610140241332,961.512221490883,800.1,3,3.32
153,126.879294184534,0,192,0,888,943.1,90,26.32
200,133,0,192,3.41707900276449,965.4,806.2,124.516752053626,43.25
199.437767884467,75.9614057658806,0,192,0,943.51589090159,891.9,3,6.28
173,116,22.913947393351,183.920609090401,0,950.130086335065,856.8,90,32.1
250.2,153.164276695449,0,187.354338295012,3.43165644870903,1026.67083297681,694.1,28,36.96
305.3,203.5,0,205.29839655729,0,909.403710778847,717.925983998561,90,54.6
192,115.285992318291,26.1987809306616,192,0,929.8,832.136690439168,43.5611314992213,21.48
143.130609670983,236,-12.2311528116116,195.459077016722,3.11931203073069,935.4,781.2,3,9.69
153,88.659783255762,0,192,3.12788253515727,888,943.1,23.6891265651046,8.37
270.917630691719,118.342592646927,0,203.5,0,971.8,752.759210928401,90,39.66
182.403728724454,173,15.2776665979938,202.318866640141,3.06721927724556,899.408980229215,805.354395456956,31.4195047940709,10.09
122.6,183.9,0,203.5,0,958.2,795.092365048806,7,10.35
182.991739006992,250.2,0,203.5,-0.611827272827834,975.6,692.6,90,43.57
203.5,305.3,0,203.5,5.19532778351071,963.4,626.75771339448,90,51.86
310,0,0,195.748881809255,0,1012,807.029433630366,32.4812092495575,11.85
310,0,41.2582360302774,192,0,947.99037607628,830,7,17.24
310,7.35192043811242,0,178.460949940164,0,1012,830,90,35.76
310,0,0,192,1.24909168136566,996.778193356856,830,57.3495207087548,38.7
277.393073035598,28.1418623567912,0,192,0,1025,821,3,14.31
325.512090910027,0,0,192,3.87975884461897,988.760990403266,806.967531523851,7,17.44
331,0,14.3318038063155,183.345808464069,0,1025,821,28,31.74
331,23.5566481002179,-15.0859089219499,189.18983756823,0,987.78141016315,821,90,37.91
331,0,49.009582421416,192,0,1025,746.128218240362,68.7939750429463,39.38
349,0,0,181.914496205612,0,1056,809,27.9707433641217,15.87
349,0,0,192,-0.150205622654799,1056,809,-4.87516433600136,9.01
349,73.9242393517479,0,192,0,957.167236187757,809,90,40.66
349,0,0,178.030280586119,0,1056,809,120,40.86
297,129.0250551017,0,190.689161023756,0,996.737763292817,734,7,30.96
480,0,-1.17024730605854,192,3.71431601125755,967.99040225431,757.738080492186,28,43.89
480,51.0606096701069,0,192,0,936,721,69.7198768218048,54.28
305.176852540153,0,0,186,0,1104,774,7,14.5
322.545178942686,0,0,201.14357906977,0.102712588608473,982.883659983329,774,28,22.44
500,-75.3964147540203,0,198.21877522337,0,1125,613,1,12.64
500,-53.0830825548964,0,187.957061631382,0,1125,643.316941743564,3,26.06
296.661853184189,109.05227500494,0,201.307237266611,-2.01136633638327,1125,613,7,33.21
303.681017475837,0,48.6151322447445,200,0,1125,673.996468555982,14,36.94
446.075680909502,0,0,173,2.87843181207861,1125,696.07737559034,7,52.61
540,0,0,173,5.45012406809982,1125,613,90,69.66
540,0,0,173,0,1138.57301129507,613,180,71.62
540,3.89806997806732,-66.1838764268001,198.846658600018,-4.65164878618038,1125,613,270,74.17
275.39941741135,0,88.6756876403134,203,3.05413105646348,954.200019908234,775,7,18.13
318.667868265776,0,0,203,0,980.09317424838,793.641088036227,14,22.53
373.553032804661,0,0,203,0,974,775,41.757017996249,27.34
245.224230985604,108.262500464111,0,203,3.4566095288799,974,742.492718312588,56,29.98
337.821756643635,-1.68836106811867,36.3349039665823,203,1.49482678129653,968.788753983068,754.126312119271,90,31.35
315.664464302561,0,0,203,0,974,818.528933448123,180,32.72
385,0,0,186,0,966,763,3,14.7
362.615171865035,0,0,186,0,966,819.202690232648,7,23.22
356.246177534333,0,0,192.309325624397,0,1038.21168475542,763,74.9403880688111,27.92
385,0,0,186,4.44703793503881,1041.49715001814,763,28,31.35
331,-7.15555150626809,0,192,0,1002.39598448806,825,180,39
331,0,-33.6983563404953,207.945262109601,0,978,825,360,41.24
331,0,0,192,0,978,825,3,13.52
382,30.0082403409906,0,186,2.01806587345519,961.226648867267,799.965687645706,7,24
372.511569448802,0,0,190.811981199146,0,1024.0533795178,739,28,37.42
274.57277277878,0,0,183.643116653678,0,1111,784,7,11.47
291.990846461475,0,0,186,0,1104,774,42.9677969959174,22.44
237.007164491982,0,50.6855764862008,185,3.75119821532089,1016.52314865617,839.641117155148,47.2338764560365,21.16
363.141141007239,0,0,185,0,1069,754,28,31.84
278.998607476759,55.0919220525634,0,185,0,1069,769,7,14.8
245.126315485033,114.062705564277,0,185,3.35616202702473,967.00632553195,775.079614582601,28,25.18
264.456453389016,0,0,185,-1.0924620856357,1118,789,46.1802534167531,17.54
297.458678419029,0,0,194.551179074022,-1.94036719996548,1085,765,28,21.65
296,0,6.86542906693237,192,0,1085,765,90,29.39
297.831148181289,0,0,192,0,1018.41821302981,825,3,13.52
329.777168843991,0,0,192,0,978,825,7,16.26
331,0,0,189.598381147219,0,978,825,92.566761869456,31.45
349,0,-26.820380527524,192,0,1047,806,7,18.13
349,0,0,182.592239730384,0,1047,769.437122027802,90,39.49
349,0,0,192,0,1047,754.95311644911,180,41.05
349,0,0,192,0,1047,791.077086673185,105.393991233681,42.13
302,0,25.9186398296317,191.733257589612,0,1032.439792121,810.251035301379,14,18.13
240.217800992776,89.2091560770589,0,203,0,974,783.404928479924,180,26.74
500,-23.2135311502267,0,196.512642231438,0,1125,613,90,47.22
500,0,0,182.038709486392,0,1125,613,43.5533364290779,55.16
344.478784210548,120.549773410826,0,189.47915206303,0,1125,613,3,41.64
252,20.7834486457502,0,185,0,1111,784,7,13.71
277.81977692585,0,0,185,0,1111,784,28,19.69
339,0,0,185,0,1072.16490908755,754,29.1352384988062,31.65
466.387009285492,0,0,192,0,940,758,28,39.58
393,31.6897004709743,0,187.272838529367,0,1006.60396133323,758,90,48.79
370.506329530199,0,0,185,0,1084.08896019287,739,-11.520097651805,24
252,0,31.0590497056448,182.034774586866,0,1111,784,43.8071495848477,11.47
310,0,0,192,0,970,850,37.5420800130393,14.99
371.604905336831,0,46.7911562850121,192,0,970,781.065343568687,28,27.92
310,83.1740717089637,0,172.836141585473,5.15796836188172,970,850,73.1532908263649,37.33
262.109541729895,0,-0.577788721801784,192,0,1010.70127832166,850,93.1018720412897,38.11
525,0,-36.3956165725387,189,0,1125,613,3,33.8
525,0,-8.79610842303463,189,0,1125,613,22.990958239999,42.42
525,-16.3008122442731,0,189,0,1125,613,28,55.94
525,35.7254012333909,0,189,5.7268018943469,1016.34023947038,613,270,67.11
247.498984843882,0,97.2963736019326,186.894905633335,6.77525264982952,974,800,14,20.77
309.434967768435,61.953826032629,0,203,0,974,763.816182844951,28,25.18
322,0,6.69495769412769,200.219186588595,0,974,800,180,29.59
302,0,0,203,0,986.045184692224,817,51.9786487745575,21.75
397,0,0,192.230414367064,-0.90844912930603,1040,734,28,39.09
303.622796715382,0,135.85133241019,192,7.48413597349163,936,721,3,24.39
372.391686415955,0,0,146,0,1144.94743578897,821.308853571961,74.0071835449012,50.51
327.33777823995,105,51.8555208665954,203.10698264099,9,904,680,53.5709175728852,37.17
175.992065467552,190,148,179,19,838,741,28,33.76
224.814862921944,144,74.9628966678989,220,10,911.293370912444,658,28,16.5
310.113754404906,140,0,214,6,895,722,28,33.42
374,64.2382006626837,0,190,7,1013,730,28,39.05
159,149,116,181.58256197861,15,953,720,28,27.68
226.652860990615,239,0,204.451877287254,4.65657262280037,919.233161565335,684,76.0100267445142,26.86
305,0,100,196,10,959,705,28,30.12
279.233061706562,0,130.146601975286,167,12,991,772,-26.1782017762426,15.57
142,167,86.8846301916849,174,11,946.845503928764,798.168347783475,28,44.61
278.954065352161,137,108.900572644076,181.401066118442,7.90414333555889,948.504190023501,655,43.5585745616461,53.52
321,167.678407091677,0,191.659601983459,5,870,774,28,57.21
252,97,76,194,8,835,821,28,33.4
165,0,150,201.178873841095,2.07170245183782,1006.17255737348,729,58.8322694066783,18.03
156,243,0,180.312903333721,3.5737323993178,1022,698,28,37.36
160,188,146,203,11,829,739.464378184472,28,32.84
298,0,105.61772458141,186,6,879,819.391652421199,28,42.64
318,0,126,210,6,861,729.117921276427,105.41116441816,40.06
326,166,0,166.890598338072,9,974.781455239777,790,28,61.23
305.801358944263,130.928228513648,53.1011109537414,193,11,801,792.739991906102,55.8734982414116,40.87
132,207,161,179,5,903.655458781542,736,28,33.3
322,149,0,186,8,986.799445015795,709,28,52.42
164,0,120.503174389058,174.570537859865,13,976.343270710119,867.758270963719,28,15.09
321,1.53572674074989,128,169.692855670668,11.0143234309856,984.922680044245,780,33.8736683167912,37.26
348.590807307817,31.8056550433165,53.6583443720266,178.136686416519,7,908,829,28,42.13
291.12327879219,57.996005654861,86,195,6,878.086485745753,790,28,41.54
160,250,0,168,9.80709913522363,1049,688,28,39.45
200.062448164073,260,0,166.853999746139,13,908.852996217055,827,28,37.91
191.712339539865,100,78,179.849791019438,9,991.904494412799,763.876340687515,28,32.4
213.48412525956,92,71,190.486704623079,6.92797673689324,966.843403589342,776.35205976724,28,28.63
313,0,121.283010078109,178,8,1038.68622138533,689,-1.44735511276874,36.8
155,42.8881704717896,137.640793130096,193,9,1047,697,28,18.28
146,266.218803472235,0,202,3,827,799.856255773129,28,33.06
300.487762590371,0,104.374576772842,221,11,819,778,28,31.42
167.796876099791,210,0,190.908847351845,3,949,795,89.8917836211041,31.03
313,165.049672882605,0,178,8,867,815.155577119855,43.9908230568561,44.39
153,140.327533297952,56.5517762908984,178,8,1002,794.578978299898,28,25.56
140,158.350414760776,90.8404959061367,182.54049863041,7,941.400578484759,773.683420004136,28,36.44
149,236,0,176,13,847,893,28,32.96
153,145,113,178,8,867,846.065576721865,28,26.23
205.064061240864,145,0,178,8,1000,822,0.505333489117254,19.01
262,111,86,195,4.60607419171795,946.849332651674,730.217026418684,89.6255288162916,33.72
231.077782998237,0,102.93223332241,172.916404596192,11,967.604041074088,858.783973237898,28,8.54
151,173.071864008706,146.732194018057,167,16,993.069405526863,678,-61.482801485233,13.46
273,0,90,199,11,947.537476536738,762,28,32.24
149,119.270166811372,118.764512751023,183,7,953,780,2.41916219934005,23.52
313,106.234465470891,57.6703151129346,178,10,932.054817670925,754.87127535862,79.8519896854645,52.44
284,120,0,172.098090986982,7,1004.20959178842,794,28,40.93
336,0,0,172.126844887964,4.11725065327163,986,859.79652179541,93.1011436681373,44.86
215.931333752324,36.5656816857852,134,181,11,979,747.835992785666,28,13.2
150,310.666572895458,0,174,12,1014.77293884067,675,28,37.43
144,91.0184442692025,133,192,8,901.170050171013,805,28,29.87
321.812404311854,170,0,195,4.53286971139451,918.354256668886,693.820290915469,28,56.61
155,0,143,192.143353101026,9,1075.59612096653,697,28,12.46
155,183,0,193,0.926560338500286,956.880582831275,834.802412713704,72.5450220682351,23.79
190.433179120289,0,166,180,10,961,805,28,13.29
266,112,87,178,10,910,794.782830141459,65.7770551512431,39.42
313,145,0,127,8,1000,895.79344480299,28,44.52
148,0,166.836758316169,181,15,892.312026166913,884,28,15.52
284.561538957798,0,107,172.353693878208,13,953,828.271729145395,28,35.86
282.55728217875,145,64.691295401666,177.458202795041,8,1002,689,28,41.05
155,184,75.8930233914616,210.631738311503,3.4013107562336,933.571710882475,699,63.9455341556089,28.99
255.659283317098,69.726485583411,0,171,2,1000,874.390701940804,33.0906830710622,26.92
145,0,180.771513309044,198.472592219172,8,824,867.65934906863,-3.33117667135208,10.54
313,0,0,178,8,1056.20742948876,822,28,25.1
155,0,143,193,9,928.748935052545,868,28,9.74
162,207,172,216,7.18123381695337,829.728682030133,671.652423754392,28,39.84
136,196,71.0666403587748,199,6,847,783,28,26.97
164,163,128,197,8,961,641,28,27.23
157,214,152,192.939139977388,9,819,704,28,33.05
149,153,194,197.323557722933,8,926.048578017465,623,5.19126059136294,24.58
135,174.28359764439,109.705693659093,202.641328369049,6,965,643,28,21.91
159,209,161,201,7,848,694.885112116526,24.6459975941904,30.88
144,-31.2264568399485,195,165.816748813894,6,1021,852.826910218562,28,15.34
154,174,185,228,7,845,612,28,24.34
156,178,187,196.690945529608,11.7783791393447,834.882238420566,696.149325282886,28,29.41
362.730161381838,0,113,178.5,8,1001.9,688.7,28,36.8
145.9,230.5,0,202.5,3.4,827,871.8,28,32.72
262.073729192103,0,106.7,221.4,-0.611254961216036,928.486279321958,778.4,28,31.42
133.1,118.376268616687,60.2598239038237,195.7,3.1,981.211592309325,795.3,28,28.94
313.3,145,0,178.5,8.65532179901196,867.2,824,25.8992037374492,40.93
139.9,155.196219071255,103.3,187.393507832445,6.88835045681838,974.067826842881,753.4,28,36.44
299.8,0,119.8,211.5,9.9,878.2,727.6,75.6957003432617,23.84
153.1,145,87.483113290135,191.318874911805,7.08661572622469,867.2,824,28,26.23
148.1,0,136.6,158.1,10.5019671382153,1001.8,830.1,-12.2119877623572,17.96
152.7,144.7,0,172.654179225879,8,999.7,872.724155070497,28,19.01
261.9,110.593492757657,86.1,195.4,5,895.2,732.6,60.4038178971403,33.72
158.4,128.48099955723,128.173136262841,199.382467212016,11,897.7,712.9,-49.7148570668793,8.54
200.260745781492,0,155.852398556852,166.7,15.6,1074.5,759.148440920879,28,13.46
272.6,0,110.987807325203,198.7,10.6,931.3,762.2,116.064242408802,32.25
149,117.6,91.7,182.9,7.1,953.4,780.3,19.1063574110979,23.52
343.870777241176,100.6,37.2167231001564,168.221576498021,10.4,931.488863330824,762.9,28,49.77
303.348701293578,119.7,0,168.3,7.2,970.4,794.2,35.388509101115,40.93
336.5,0,0,181.9,3.4,1023.41846601365,816.8,28,44.87
205.733570011616,0,133.6,180.8,7.71430421091642,979.5,811.5,28,13.2
143.7,170.2,132.6,188.664587059822,8.61319213223913,814.1,805.3,28,29.87
330.5,222.481565300827,0,189.423562933635,8.1,811,765.041101209211,89.9258552877108,56.62
154.8,83.5057721586167,142.8,193.3,4.97132504821603,1013.78855465931,696.7,28,12.46
154.8,183.4,0,193.3,5.36330209661872,930.59216295184,803.424291890557,28,23.79
134.7,0,165.236087242842,180.2,10,961,804.9,7.59352993114007,13.29
266.2,112.3,87.5,179.870854150148,10.4,943.965776005547,761.572062470778,28,39.42
314,145.3,113.2,184.188778273177,11.9771702379228,869.1,690.2,28,46.23
312.7,144.7,0,127.3,8,999.7,822.2,-61.9078140765851,44.52
145.7,172.6,0,181.9,3.91537362669368,985.8,814.773909086266,11.4113133622955,23.74
157.266998404351,136.3,106.2,178.1,7.5,976.324649622984,774.3,28.8730045092212,26.15
148.1,0,182.1,181.4,15,838.9,884.3,28,15.53
277,87.7664233090411,91,199.407514915787,4.64041951837095,996.768108696661,665.6,84.8200459645076,43.58
313.3,145,0,178.5,4.35565125073409,1001.9,762.766447046561,29.1691305647179,41.05
195.266375182553,132.036731198609,143.2,193.8,8.62234496420822,879.6,698.5,49.3942770506998,28.99
289,133.7,54.7513740095274,194.9,5.43987554403725,924.1,760.1,28,46.25
145.4,0,178.9,201.7,7.8,966.654088697486,773.144551097894,29.0980229660639,10.54
188.092026179303,161.6,66.1505137764983,188.228711412702,10.4,929.077183506113,731.308271668164,16.3518211674416,29.07
141.31191938059,0,142.8,193.3,6.54483278715384,877.2,867.7,28,9.74
272.8,152.932384266852,54.4527403998339,209.7,9,846.452746632713,697.912501082724,28,37.17
162,190.1,148.1,178.8,18.8,838.1,741.4,28,33.76
153.6,144.2,112.3,220.1,10.1,923.2,657.9,28,16.5
146.5,114.6,85.5344408828991,201.9,8.8,860,829.5,28,19.99
151.8,178.1,138.7,173.526882369752,18.3,944,694.6,28,36.35
309.9,142.8,111.2,167.8,22.1,913.9,704.827563469313,28,38.22
143.6,0,115.367633826897,158.4,7.78144465806355,1072.95982309894,844.5,28,15.42
309.715099072414,139.9,0,213.5,2.58658478474973,904.530167909786,722.5,28,33.42
304.8,0,99.6,196,9.8,959.4,705.2,28,30.12
150.9,0,156.125218373302,166.6,11.6,991.2,846.173897193031,28,15.57
141.9,196.438030422942,129.7,171.867922103759,11.084753399172,882.6,785.3,28,44.61
297.8,137.2,106.9,201.3,6,878.4,683.652310357032,28,53.52
321.3,162.327408130469,0,190.5,4.6,870,774,28,57.22
366,187,0,191.3,10.1791306271968,824.3,756.9,28,65.91
279.8,128.9,100.4,172.4,9.5,825.1,842.825330672886,28,52.83
252.1,123.515380000433,75.6,193.8,8.3,835.5,821.4,28,33.4
155.6,224.24290344387,0,180.3,4.34811824610941,1072.49888057646,697.7,45.3413165665611,37.36
160.2,188,146.4,201.70633479791,11.3,828.7,709.7,28,35.31
298.1,0,87.9798631868362,194.958827011052,6.1,879,815.2,166.997436770208,42.64
317.9,0,129.591959027264,209.7,5.7,860.5,736.6,28,40.06
325.6,166.4,0,174,8.9,893.781086316023,802.005370910793,28,61.24
355.9,0,141.6,187.925242504409,11,801.4,821.50999963263,28,40.87
132,108.326905923335,130.613632011558,178.9,5.5,1015.46729507119,735.6,28,33.31
322.5,148.6,0,183.105144392838,6.90857950540773,951,709.5,28,52.43
180.201136225297,0,200.1,181.2,10.741385110944,849.3,846,28,15.09
321.4,0,127.9,182.5,6.47453039242828,984.284224408618,728.117172020726,70.1694093128216,37.27
139.7,163.9,82.199563859683,186.786715862115,7.87659772055179,868.6,836.314868304295,28,35.23
390.88369885488,73.630276051408,0,177.4,7,907.9,829.5,28,42.14
298.2,0,107,209.7,11.1,879.6,744.2,28,31.88
264.5,111,86.5,195.5,5.9,969.575228176273,690.392646781941,28,41.54
166,259.7,0,183.36365826026,12.7,858.8,797.935444713578,28,37.92
299.976878847492,116,90.3,179.6,8.9,870.1,758.324916206864,28,44.28
148.5,139.4,108.6,192.7,6.1,935.786297888205,780,28,23.7
301.679803756997,100.5,78.3,200.6,5.28080563742765,864.5,761.5,28,32.4
