nan,0.0000,0.0000,nan,2.5000,1055.0000,676.0000,28.0000,61.8900
nan,142.5000,0.0000,nan,0.0000,932.0000,594.0000,270.0000,40.2700
332.5000,142.5000,0.0000,nan,0.0000,932.0000,594.0000,365.0000,41.0500
nan,132.4000,0.0000,nan,0.0000,978.4000,825.5000,360.0000,44.3000
nan,95.0000,nan,nan,0.0000,nan,594.0000,365.0000,43.7000
266.0000,nan,nan,nan,0.0000,932.0000,nan,nan,45.8500
475.0000,0.0000,0.0000,nan,0.0000,932.0000,nan,28.0000,39.2900
198.6000,132.4000,0.0000,nan,nan,978.4000,825.5000,90.0000,38.0700
nan,132.4000,0.0000,192.0000,0.0000,978.4000,825.5000,28.0000,28.0200
427.5000,47.5000,0.0000,228.0000,0.0000,932.0000,594.0000,270.0000,43.0100
190.0000,190.0000,0.0000,228.0000,0.0000,932.0000,670.0000,90.0000,42.3300
304.0000,nan,0.0000,nan,0.0000,932.0000,nan,28.0000,47.8100
380.0000,nan,0.0000,228.0000,0.0000,932.0000,nan,90.0000,52.9100
139.6000,209.4000,0.0000,192.0000,0.0000,nan,806.9000,90.0000,39.3600
342.0000,nan,0.0000,228.0000,0.0000,932.0000,670.0000,365.0000,56.1400
380.0000,95.0000,0.0000,228.0000,0.0000,nan,nan,90.0000,40.5600
139.6000,209.4000,nan,192.0000,nan,1047.0000,806.9000,3.0000,8.0600
139.6000,209.4000,nan,192.0000,0.0000,nan,806.9000,180.0000,44.2100
380.0000,0.0000,0.0000,228.0000,0.0000,932.0000,670.0000,270.0000,53.3000
380.0000,nan,0.0000,228.0000,0.0000,932.0000,594.0000,270.0000,41.1500
342.0000,38.0000,nan,228.0000,nan,932.0000,670.0000,180.0000,52.1200
475.0000,0.0000,0.0000,228.0000,0.0000,932.0000,nan,7.0000,38.6000
266.0000,nan,nan,228.0000,nan,nan,nan,365.0000,52.9100
198.6000,nan,0.0000,192.0000,0.0000,978.4000,825.5000,nan,41.7200
475.0000,nan,0.0000,nan,nan,932.0000,594.0000,270.0000,42.1300
190.0000,nan,0.0000,228.0000,nan,932.0000,670.0000,365.0000,53.6900
237.5000,237.5000,0.0000,228.0000,nan,932.0000,594.0000,270.0000,38.4100
332.5000,142.5000,0.0000,228.0000,nan,932.0000,nan,90.0000,37.7200
237.5000,237.5000,nan,228.0000,0.0000,932.0000,nan,180.0000,36.2500
nan,38.0000,0.0000,nan,0.0000,932.0000,670.0000,90.0000,50.4600
427.5000,nan,0.0000,228.0000,nan,932.0000,594.0000,nan,43.7000
380.0000,nan,nan,228.0000,nan,932.0000,670.0000,180.0000,53.1000
427.5000,47.5000,nan,228.0000,0.0000,932.0000,nan,90.0000,41.5400
427.5000,nan,0.0000,228.0000,0.0000,932.0000,nan,7.0000,35.0800
380.0000,95.0000,0.0000,228.0000,0.0000,932.0000,nan,180.0000,40.7600
380.0000,95.0000,0.0000,228.0000,0.0000,nan,594.0000,7.0000,32.8200
nan,nan,nan,nan,0.0000,932.0000,nan,nan,46.9300
304.0000,nan,0.0000,228.0000,0.0000,nan,670.0000,90.0000,49.1900
139.6000,209.4000,nan,nan,0.0000,1047.0000,806.9000,7.0000,14.5900
198.6000,132.4000,0.0000,nan,0.0000,nan,nan,7.0000,14.6400
475.0000,nan,0.0000,228.0000,0.0000,932.0000,nan,nan,41.9300
304.0000,76.0000,nan,nan,0.0000,932.0000,670.0000,nan,50.9500
332.5000,142.5000,nan,228.0000,0.0000,nan,nan,nan,33.0200
304.0000,76.0000,nan,nan,0.0000,932.0000,670.0000,nan,54.3800
266.0000,114.0000,nan,nan,nan,932.0000,670.0000,270.0000,51.7300
190.0000,190.0000,0.0000,228.0000,nan,932.0000,670.0000,270.0000,50.6600
nan,nan,0.0000,228.0000,0.0000,932.0000,670.0000,nan,55.0600
139.6000,209.4000,0.0000,192.0000,0.0000,1047.0000,806.9000,360.0000,44.7000
nan,142.5000,nan,228.0000,0.0000,nan,594.0000,nan,30.2800
nan,190.0000,0.0000,228.0000,0.0000,932.0000,670.0000,nan,40.8600
485.0000,0.0000,nan,nan,0.0000,1120.0000,nan,28.0000,71.9900
nan,262.2000,0.0000,nan,nan,1046.9000,nan,3.0000,28.8000
425.0000,nan,0.0000,nan,nan,nan,803.7000,nan,36.3000
475.0000,118.8000,nan,nan,8.9000,852.1000,nan,3.0000,37.8000
469.0000,117.2000,0.0000,137.8000,32.2000,852.1000,840.5000,3.0000,40.2000
425.0000,nan,nan,153.5000,16.5000,nan,nan,3.0000,33.4000
388.6000,nan,0.0000,157.9000,nan,nan,925.7000,3.0000,28.1000
425.0000,nan,0.0000,153.5000,16.5000,852.1000,nan,nan,33.4000
318.8000,212.5000,0.0000,155.7000,nan,852.1000,880.4000,3.0000,25.2000
401.8000,94.7000,0.0000,147.4000,nan,946.8000,852.1000,3.0000,41.1000
362.6000,nan,0.0000,164.9000,11.6000,944.7000,nan,3.0000,35.3000
323.7000,282.8000,0.0000,183.8000,10.3000,nan,659.9000,nan,28.3000
362.6000,nan,0.0000,nan,11.6000,944.7000,nan,nan,35.3000
286.3000,nan,0.0000,nan,11.2000,1004.6000,803.7000,3.0000,24.4000
362.6000,189.0000,0.0000,nan,11.6000,944.7000,755.8000,3.0000,35.3000
389.9000,189.0000,0.0000,145.9000,22.0000,944.7000,nan,3.0000,40.6000
nan,nan,0.0000,164.9000,11.6000,944.7000,755.8000,nan,35.3000
337.9000,189.0000,0.0000,nan,9.5000,944.7000,755.8000,nan,24.1000
374.0000,189.2000,0.0000,170.1000,10.1000,926.1000,756.7000,7.0000,46.2000
425.0000,106.3000,nan,153.5000,16.5000,852.1000,887.1000,7.0000,49.2000
375.0000,93.8000,0.0000,126.6000,23.4000,852.1000,992.6000,nan,45.7000
425.0000,106.3000,nan,153.5000,nan,852.1000,nan,7.0000,49.2000
425.0000,nan,0.0000,153.5000,nan,852.1000,887.1000,7.0000,49.2000
nan,212.5000,0.0000,nan,14.3000,852.1000,880.4000,7.0000,33.4000
401.8000,94.7000,0.0000,147.4000,nan,946.8000,852.1000,nan,54.1000
362.6000,189.0000,nan,nan,11.6000,nan,755.8000,nan,55.9000
nan,151.2000,0.0000,nan,15.9000,nan,nan,nan,47.1000
362.6000,189.0000,0.0000,nan,11.6000,944.7000,nan,nan,55.9000
286.3000,nan,0.0000,nan,nan,1004.6000,803.7000,nan,38.0000
389.9000,nan,0.0000,nan,22.0000,944.7000,nan,7.0000,59.0900
362.6000,189.0000,0.0000,164.9000,11.6000,nan,755.8000,7.0000,22.9000
nan,189.0000,nan,174.9000,9.5000,944.7000,755.8000,7.0000,35.1000
374.0000,189.2000,0.0000,170.1000,10.1000,nan,756.7000,28.0000,61.0900
425.0000,106.3000,0.0000,153.5000,16.5000,852.1000,887.1000,28.0000,60.2900
375.0000,nan,0.0000,126.6000,23.4000,852.1000,992.6000,28.0000,56.7000
475.0000,118.8000,nan,181.1000,8.9000,nan,781.5000,28.0000,68.3000
388.6000,97.1000,0.0000,157.9000,nan,852.1000,925.7000,nan,50.7000
531.3000,0.0000,0.0000,141.8000,28.2000,852.1000,nan,28.0000,56.4000
nan,106.3000,0.0000,nan,16.5000,nan,nan,28.0000,60.2900
nan,94.7000,nan,147.4000,nan,nan,852.1000,28.0000,68.5000
362.6000,189.0000,0.0000,164.9000,nan,944.7000,nan,28.0000,71.3000
323.7000,nan,0.0000,183.8000,10.3000,942.7000,659.9000,28.0000,74.7000
nan,nan,0.0000,153.9000,15.9000,nan,605.0000,nan,52.2000
362.6000,189.0000,0.0000,164.9000,11.6000,944.7000,755.8000,28.0000,71.3000
286.3000,200.9000,nan,144.7000,nan,nan,803.7000,28.0000,67.7000
362.6000,189.0000,nan,164.9000,nan,944.7000,755.8000,nan,71.3000
439.0000,177.0000,nan,186.0000,nan,884.9000,707.9000,28.0000,66.0000
389.9000,189.0000,0.0000,145.9000,nan,944.7000,755.8000,28.0000,74.5000
362.6000,nan,nan,164.9000,11.6000,944.7000,755.8000,28.0000,71.3000
nan,189.0000,0.0000,174.9000,9.5000,944.7000,nan,28.0000,49.9000
374.0000,189.2000,0.0000,170.1000,10.1000,926.1000,nan,56.0000,63.4000
313.3000,262.2000,nan,nan,nan,1046.9000,611.8000,56.0000,64.9000
425.0000,106.3000,nan,nan,nan,852.1000,nan,56.0000,64.3000
425.0000,106.3000,nan,151.4000,18.6000,936.0000,nan,nan,64.9000
475.0000,118.8000,0.0000,181.1000,8.9000,852.1000,781.5000,nan,72.3000
425.0000,nan,0.0000,nan,16.5000,852.1000,nan,56.0000,64.3000
388.6000,97.1000,0.0000,157.9000,12.1000,852.1000,nan,nan,55.2000
531.3000,0.0000,0.0000,141.8000,28.2000,nan,893.7000,nan,58.8000
425.0000,106.3000,0.0000,nan,nan,852.1000,nan,nan,64.3000
401.8000,94.7000,0.0000,147.4000,nan,946.8000,852.1000,nan,73.7000
362.6000,189.0000,0.0000,nan,nan,944.7000,755.8000,56.0000,77.3000
379.5000,151.2000,nan,nan,15.9000,nan,nan,56.0000,54.9000
362.6000,189.0000,0.0000,164.9000,nan,944.7000,nan,nan,77.3000
nan,nan,0.0000,144.7000,nan,1004.6000,nan,56.0000,72.9900
439.0000,177.0000,0.0000,186.0000,nan,884.9000,707.9000,56.0000,71.7000
nan,189.0000,nan,nan,22.0000,944.7000,nan,nan,79.4000
337.9000,189.0000,0.0000,nan,nan,944.7000,755.8000,56.0000,59.8900
nan,189.2000,0.0000,170.1000,10.1000,926.1000,756.7000,91.0000,64.9000
nan,262.2000,nan,175.5000,8.6000,1046.9000,611.8000,91.0000,66.6000
425.0000,nan,0.0000,153.5000,16.5000,nan,nan,nan,65.2000
425.0000,106.3000,0.0000,nan,nan,936.0000,803.7000,nan,66.7000
375.0000,nan,nan,nan,23.4000,852.1000,992.6000,nan,62.5000
nan,117.2000,0.0000,137.8000,32.2000,852.1000,840.5000,91.0000,70.7000
nan,106.3000,0.0000,153.5000,16.5000,nan,887.1000,nan,65.2000
nan,106.3000,0.0000,nan,16.5000,852.1000,nan,91.0000,65.2000
318.8000,212.5000,nan,155.7000,nan,852.1000,nan,nan,68.1000
362.6000,189.0000,0.0000,nan,11.6000,nan,755.8000,91.0000,79.3000
nan,151.2000,0.0000,153.9000,15.9000,nan,605.0000,91.0000,56.5000
362.6000,nan,0.0000,164.9000,11.6000,944.7000,755.8000,91.0000,79.3000
286.3000,nan,nan,144.7000,nan,1004.6000,nan,91.0000,76.8000
nan,189.0000,nan,nan,22.0000,nan,nan,91.0000,82.6000
362.6000,nan,0.0000,164.9000,11.6000,944.7000,755.8000,91.0000,79.3000
337.9000,189.0000,0.0000,174.9000,9.5000,944.7000,755.8000,nan,67.8000
222.4000,0.0000,96.7000,189.3000,4.5000,967.1000,870.3000,3.0000,11.5800
nan,nan,96.7000,nan,nan,nan,nan,28.0000,24.8900
222.4000,0.0000,96.7000,189.3000,nan,nan,870.3000,nan,29.4500
nan,nan,94.6000,197.9000,nan,947.0000,852.2000,3.0000,10.3800
233.8000,nan,94.6000,nan,4.6000,947.0000,852.2000,14.0000,22.1400
233.8000,0.0000,nan,197.9000,nan,947.0000,nan,nan,22.8400
233.8000,0.0000,94.6000,nan,nan,nan,852.2000,56.0000,27.6600
233.8000,nan,94.6000,nan,4.6000,947.0000,852.2000,100.0000,34.5600
194.7000,0.0000,100.5000,nan,nan,1006.4000,nan,3.0000,12.4500
194.7000,nan,nan,nan,7.5000,1006.4000,nan,14.0000,24.9900
nan,nan,100.5000,165.6000,7.5000,nan,nan,28.0000,25.7200
194.7000,0.0000,100.5000,165.6000,7.5000,1006.4000,905.9000,nan,33.9600
190.7000,nan,125.4000,162.1000,7.8000,1090.0000,804.0000,3.0000,15.0400
nan,0.0000,125.4000,162.1000,7.8000,1090.0000,nan,28.0000,26.4000
190.7000,nan,125.4000,162.1000,nan,nan,nan,nan,40.5700
nan,0.0000,121.6000,nan,5.7000,nan,779.3000,14.0000,20.9200
212.1000,nan,121.6000,180.3000,5.7000,1057.6000,779.3000,28.0000,24.9000
nan,0.0000,121.6000,180.3000,5.7000,1057.6000,779.3000,56.0000,34.2000
212.1000,0.0000,121.6000,nan,5.7000,nan,779.3000,nan,39.6100
230.0000,0.0000,118.3000,195.5000,nan,nan,758.6000,3.0000,10.0300
230.0000,0.0000,118.3000,nan,4.6000,1029.4000,758.6000,14.0000,20.0800
nan,nan,118.3000,195.5000,4.6000,1029.4000,758.6000,100.0000,35.3400
nan,nan,nan,161.9000,9.9000,1088.1000,802.6000,nan,9.4500
190.3000,0.0000,125.2000,161.9000,9.9000,nan,802.6000,nan,22.7200
190.3000,0.0000,125.2000,161.9000,nan,nan,nan,28.0000,28.4700
190.3000,0.0000,nan,nan,9.9000,1088.1000,nan,56.0000,38.5600
nan,nan,125.2000,161.9000,9.9000,1088.1000,nan,100.0000,40.3900
166.1000,0.0000,163.3000,nan,nan,1058.6000,nan,3.0000,10.7600
166.1000,0.0000,163.3000,176.5000,4.5000,1058.6000,780.1000,14.0000,25.4800
166.1000,0.0000,nan,176.5000,nan,nan,nan,nan,21.5400
166.1000,0.0000,163.3000,176.5000,4.5000,1058.6000,780.1000,56.0000,28.6300
nan,nan,nan,nan,5.7000,1058.7000,nan,3.0000,7.7500
168.0000,42.1000,nan,121.8000,5.7000,1058.7000,780.1000,28.0000,24.2400
168.0000,42.1000,163.8000,nan,5.7000,nan,780.1000,nan,32.8500
168.0000,42.1000,163.8000,nan,5.7000,nan,780.1000,100.0000,39.2300
213.7000,nan,24.5000,181.7000,6.9000,nan,785.4000,3.0000,18.0000
213.7000,98.1000,nan,181.7000,nan,nan,785.4000,14.0000,30.3900
213.7000,98.1000,24.5000,181.7000,6.9000,1065.8000,785.4000,28.0000,45.7100
nan,98.1000,nan,nan,6.9000,1065.8000,785.4000,100.0000,53.9000
213.8000,nan,24.5000,181.7000,6.7000,1066.0000,nan,3.0000,13.1800
nan,98.1000,24.5000,181.7000,6.7000,1066.0000,785.5000,14.0000,17.8400
213.8000,nan,24.5000,nan,nan,1066.0000,785.5000,nan,49.9700
229.7000,0.0000,118.2000,195.2000,nan,1028.1000,757.6000,nan,13.3600
nan,nan,118.2000,195.2000,6.1000,1028.1000,757.6000,14.0000,22.3200
nan,0.0000,118.2000,195.2000,nan,nan,757.6000,nan,24.5400
229.7000,0.0000,nan,195.2000,6.1000,1028.1000,757.6000,56.0000,31.3500
nan,nan,nan,186.7000,7.0000,nan,847.0000,nan,19.9300
nan,nan,94.1000,186.7000,nan,949.9000,nan,14.0000,25.6900
238.1000,0.0000,nan,186.7000,nan,949.9000,847.0000,nan,30.2300
238.1000,nan,94.1000,nan,7.0000,nan,nan,100.0000,44.3000
250.0000,0.0000,95.7000,187.4000,nan,956.9000,861.2000,3.0000,13.8200
nan,0.0000,95.7000,187.4000,5.5000,956.9000,861.2000,14.0000,24.9200
nan,0.0000,95.7000,187.4000,nan,956.9000,861.2000,28.0000,29.2200
nan,0.0000,95.7000,nan,5.5000,956.9000,nan,nan,38.3300
250.0000,nan,95.7000,187.4000,5.5000,956.9000,861.2000,100.0000,42.3500
212.5000,nan,100.4000,159.3000,nan,1007.8000,903.6000,3.0000,13.5400
nan,0.0000,nan,nan,nan,1007.8000,903.6000,14.0000,26.3100
212.5000,nan,100.4000,159.3000,8.7000,1007.8000,903.6000,56.0000,42.5500
212.5000,0.0000,100.4000,159.3000,8.7000,nan,903.6000,100.0000,42.9200
nan,0.0000,100.4000,nan,10.4000,1003.8000,903.8000,nan,13.3300
nan,0.0000,100.4000,nan,10.4000,1003.8000,903.8000,nan,44.4000
212.0000,0.0000,124.8000,159.0000,7.8000,1085.4000,799.5000,3.0000,19.5200
nan,0.0000,124.8000,159.0000,7.8000,nan,nan,nan,31.3500
212.0000,0.0000,124.8000,nan,7.8000,1085.4000,nan,28.0000,38.5000
212.0000,0.0000,nan,159.0000,nan,nan,799.5000,nan,45.0800
212.0000,nan,nan,nan,7.8000,1085.4000,nan,nan,47.8200
231.8000,0.0000,nan,174.0000,6.7000,1056.4000,778.5000,3.0000,15.4400
nan,0.0000,121.6000,174.0000,6.7000,1056.4000,778.5000,14.0000,26.7700
231.8000,0.0000,121.6000,174.0000,6.7000,1056.4000,778.5000,28.0000,33.7300
nan,nan,nan,174.0000,6.7000,1056.4000,778.5000,nan,42.7000
nan,0.0000,121.6000,174.0000,6.7000,1056.4000,nan,nan,45.8400
251.4000,0.0000,118.3000,nan,5.8000,1028.4000,757.7000,14.0000,29.9300
251.4000,nan,118.3000,nan,5.8000,1028.4000,757.7000,56.0000,36.9700
nan,nan,nan,188.5000,5.8000,1028.4000,757.7000,nan,43.5800
251.4000,0.0000,118.3000,nan,6.4000,1028.4000,757.7000,3.0000,13.1200
251.4000,0.0000,118.3000,188.5000,nan,1028.4000,nan,nan,24.4300
251.4000,nan,118.3000,188.5000,6.4000,nan,757.7000,28.0000,32.6600
251.4000,0.0000,118.3000,nan,6.4000,1028.4000,757.7000,100.0000,44.2100
181.4000,nan,167.0000,169.6000,nan,nan,777.8000,nan,13.6200
181.4000,0.0000,167.0000,169.6000,7.6000,1055.6000,nan,14.0000,21.6000
181.4000,0.0000,167.0000,169.6000,7.6000,nan,777.8000,28.0000,27.7700
181.4000,0.0000,167.0000,169.6000,7.6000,nan,777.8000,nan,45.3700
182.0000,45.2000,122.0000,170.2000,8.2000,nan,nan,56.0000,43.5000
182.0000,nan,122.0000,170.2000,nan,1059.4000,nan,100.0000,48.6700
nan,42.2000,124.3000,158.3000,10.8000,nan,796.2000,3.0000,7.4000
nan,nan,124.3000,nan,10.8000,1080.8000,nan,14.0000,23.5100
168.9000,42.2000,nan,158.3000,nan,nan,796.2000,28.0000,31.1200
168.9000,42.2000,124.3000,158.3000,10.8000,1080.8000,nan,100.0000,48.1500
290.4000,0.0000,96.2000,168.1000,9.4000,961.2000,865.0000,3.0000,22.5000
290.4000,0.0000,nan,168.1000,nan,nan,865.0000,14.0000,34.6700
nan,0.0000,96.2000,168.1000,9.4000,nan,865.0000,nan,45.0800
nan,0.0000,nan,168.1000,9.4000,nan,865.0000,100.0000,48.9700
nan,nan,97.4000,160.6000,11.8000,973.9000,875.6000,3.0000,23.1400
277.1000,nan,97.4000,160.6000,11.8000,nan,nan,28.0000,48.2800
277.1000,0.0000,97.4000,160.6000,11.8000,nan,875.6000,56.0000,51.0400
277.1000,0.0000,97.4000,160.6000,nan,973.9000,875.6000,nan,55.6400
295.7000,0.0000,95.6000,171.5000,nan,955.1000,nan,nan,22.9500
295.7000,0.0000,95.6000,171.5000,nan,955.1000,859.2000,14.0000,35.2300
295.7000,0.0000,nan,171.5000,8.9000,955.1000,nan,28.0000,39.9400
295.7000,0.0000,95.6000,nan,8.9000,955.1000,859.2000,nan,48.7200
251.8000,0.0000,99.9000,146.1000,12.4000,1006.0000,899.8000,nan,21.0200
251.8000,nan,nan,146.1000,12.4000,1006.0000,nan,56.0000,44.1400
nan,0.0000,98.8000,158.1000,nan,987.8000,889.0000,nan,15.3600
nan,0.0000,nan,158.1000,12.8000,987.8000,889.0000,nan,28.6800
nan,0.0000,98.8000,nan,12.8000,987.8000,889.0000,56.0000,42.0300
249.1000,0.0000,nan,158.1000,12.8000,987.8000,889.0000,100.0000,51.0600
nan,0.0000,nan,nan,14.2000,987.8000,nan,3.0000,21.7800
252.3000,nan,98.8000,146.3000,14.2000,987.8000,nan,nan,42.2900
nan,0.0000,98.8000,146.3000,14.2000,987.8000,nan,28.0000,50.6000
nan,0.0000,98.8000,nan,14.2000,987.8000,nan,nan,55.8300
246.8000,0.0000,125.1000,143.3000,12.0000,nan,nan,3.0000,23.5200
246.8000,nan,125.1000,nan,12.0000,nan,800.9000,14.0000,42.2200
nan,nan,125.1000,143.3000,nan,1086.8000,nan,28.0000,52.5000
275.1000,nan,nan,nan,nan,1053.6000,777.5000,3.0000,23.8000
275.1000,0.0000,nan,159.5000,9.9000,1053.6000,nan,nan,38.7700
297.2000,nan,117.5000,174.8000,9.5000,1022.8000,nan,3.0000,21.9100
nan,0.0000,117.5000,174.8000,9.5000,1022.8000,753.5000,14.0000,36.9900
nan,0.0000,117.5000,174.8000,nan,1022.8000,nan,nan,47.4000
297.2000,0.0000,117.5000,174.8000,9.5000,1022.8000,753.5000,56.0000,51.9600
297.2000,0.0000,117.5000,174.8000,nan,nan,753.5000,100.0000,56.7400
213.7000,0.0000,nan,nan,10.2000,nan,776.4000,nan,33.7300
213.7000,0.0000,nan,154.8000,10.2000,1053.5000,nan,28.0000,40.1500
nan,0.0000,nan,154.8000,nan,nan,776.4000,nan,46.6400
213.7000,0.0000,nan,154.8000,10.2000,1053.5000,776.4000,100.0000,50.0800
213.5000,0.0000,174.2000,154.6000,nan,1052.3000,nan,nan,33.7000
nan,0.0000,nan,154.6000,nan,1052.3000,775.5000,nan,45.9400
nan,0.0000,174.2000,154.6000,11.7000,1052.3000,775.5000,nan,51.4300
213.5000,nan,174.2000,154.6000,nan,1052.3000,775.5000,100.0000,59.3000
277.2000,97.8000,nan,160.7000,11.2000,1061.7000,782.5000,28.0000,63.1400
277.2000,nan,nan,nan,nan,1061.7000,nan,56.0000,66.8200
277.2000,nan,24.5000,160.7000,11.2000,nan,782.5000,100.0000,66.9500
nan,nan,nan,140.8000,11.9000,1075.7000,792.7000,nan,35.9600
218.2000,54.6000,123.8000,140.8000,nan,1075.7000,792.7000,28.0000,55.5100
218.2000,54.6000,123.8000,nan,11.9000,nan,792.7000,nan,61.9900
nan,54.6000,nan,140.8000,11.9000,1075.7000,792.7000,nan,63.5300
214.9000,nan,121.9000,nan,nan,nan,780.6000,3.0000,18.0200
214.9000,53.8000,nan,155.6000,nan,nan,780.6000,14.0000,38.6000
214.9000,nan,nan,155.6000,9.6000,1014.3000,nan,nan,52.2000
nan,53.8000,121.9000,155.6000,9.6000,1014.3000,780.6000,nan,56.6300
nan,0.0000,124.1000,158.5000,11.3000,1078.7000,794.9000,3.0000,15.3400
218.9000,0.0000,nan,158.5000,11.3000,1078.7000,794.9000,nan,26.0500
nan,nan,124.1000,158.5000,11.3000,1078.7000,nan,56.0000,37.2700
376.0000,0.0000,0.0000,214.6000,0.0000,1003.5000,762.4000,14.0000,25.6200
nan,0.0000,0.0000,214.6000,nan,1003.5000,nan,28.0000,31.9700
500.0000,0.0000,0.0000,nan,4.0000,nan,853.0000,28.0000,67.5700
nan,nan,nan,145.0000,5.9000,1130.0000,745.0000,28.0000,81.7500
nan,nan,60.0000,195.0000,nan,nan,nan,nan,64.0200
516.0000,nan,nan,162.0000,8.2000,801.0000,802.0000,nan,41.3700
nan,nan,0.0000,185.0000,nan,920.0000,720.0000,nan,56.8300
520.0000,0.0000,0.0000,175.0000,nan,870.0000,nan,28.0000,51.0200
nan,0.0000,nan,158.0000,20.0000,903.0000,768.0000,28.0000,55.5500
nan,50.0000,nan,200.0000,nan,1124.4000,nan,28.0000,39.3800
nan,17.2000,158.0000,167.0000,nan,967.0000,nan,28.0000,55.6500
333.0000,17.5000,163.0000,167.0000,17.9000,996.0000,652.0000,nan,47.2800
nan,0.0000,0.0000,175.0000,nan,1120.0000,nan,28.0000,52.3000
nan,116.0000,119.0000,184.0000,5.7000,833.0000,880.0000,28.0000,29.1600
nan,128.0000,122.0000,nan,6.4000,nan,879.0000,28.0000,39.4000
234.0000,156.0000,0.0000,nan,5.9000,nan,nan,28.0000,39.3000
285.0000,190.0000,0.0000,163.0000,7.6000,1031.0000,685.0000,nan,53.5800
nan,119.0000,0.0000,nan,9.0000,1061.0000,657.0000,28.0000,59.0000
275.0000,180.0000,nan,162.0000,10.4000,830.0000,765.0000,28.0000,76.2400
nan,0.0000,nan,151.0000,9.0000,nan,655.0000,nan,69.8400
nan,0.0000,nan,163.8000,0.0000,nan,900.9000,3.0000,14.4000
165.0000,nan,132.1000,175.1000,nan,1005.8000,nan,3.0000,19.4200
nan,129.8000,118.6000,179.9000,3.6000,1007.3000,nan,3.0000,20.7300
nan,nan,nan,175.5000,7.8000,1006.3000,746.6000,nan,14.9400
nan,50.1000,173.5000,164.8000,6.5000,1006.2000,793.5000,3.0000,23.0800
167.0000,nan,167.0000,nan,7.9000,nan,770.1000,3.0000,15.5200
173.8000,93.4000,nan,172.3000,9.7000,nan,746.6000,3.0000,15.8200
190.3000,0.0000,125.2000,166.6000,nan,1079.0000,nan,3.0000,12.5500
nan,nan,nan,159.2000,11.7000,1043.6000,771.9000,nan,15.6100
194.7000,nan,nan,170.2000,nan,nan,901.8000,nan,12.1800
251.4000,0.0000,nan,nan,5.8000,nan,754.3000,3.0000,11.9800
nan,0.0000,143.6000,163.8000,nan,nan,900.9000,14.0000,16.8800
nan,128.5000,132.1000,175.1000,nan,nan,746.6000,14.0000,33.0900
178.0000,nan,nan,nan,3.6000,1007.3000,746.8000,14.0000,34.2400
167.4000,129.9000,nan,175.5000,7.8000,nan,746.6000,14.0000,31.8100
nan,13.6000,172.4000,nan,4.1000,nan,856.4000,14.0000,29.7500
173.5000,50.1000,nan,nan,6.5000,1006.2000,793.5000,14.0000,33.0100
167.0000,nan,nan,164.0000,7.9000,nan,nan,nan,32.9000
173.8000,nan,159.9000,172.3000,nan,1007.2000,746.6000,14.0000,29.5500
190.3000,0.0000,125.2000,166.6000,9.9000,nan,798.9000,nan,19.4200
nan,0.0000,95.7000,nan,5.3000,948.9000,nan,nan,24.6600
213.5000,nan,174.2000,nan,nan,1043.6000,771.9000,nan,29.5900
nan,0.0000,100.5000,nan,7.5000,998.0000,901.8000,14.0000,24.2800
251.4000,0.0000,118.3000,nan,5.8000,1043.6000,754.3000,14.0000,20.7300
nan,0.0000,143.6000,nan,0.0000,nan,900.9000,28.0000,26.2000
165.0000,128.5000,132.1000,175.1000,nan,1005.8000,746.6000,nan,46.3900
178.0000,nan,118.6000,179.9000,3.6000,1007.3000,746.8000,28.0000,39.1600
167.4000,129.9000,nan,175.5000,7.8000,nan,746.6000,28.0000,41.2000
172.4000,13.6000,172.4000,156.8000,nan,1006.3000,856.4000,28.0000,33.6900
173.5000,50.1000,173.5000,164.8000,6.5000,nan,793.5000,nan,38.2000
nan,93.4000,159.9000,172.3000,9.7000,1007.2000,746.6000,nan,37.8100
190.3000,0.0000,125.2000,166.6000,nan,1079.0000,nan,28.0000,24.8500
nan,0.0000,95.7000,191.8000,5.3000,948.9000,857.2000,28.0000,27.2200
nan,0.0000,nan,159.2000,11.7000,nan,nan,28.0000,44.6400
194.7000,0.0000,100.5000,170.2000,7.5000,nan,901.8000,nan,37.2700
165.0000,0.0000,143.6000,163.8000,0.0000,1005.6000,900.9000,56.0000,36.5600
165.0000,128.5000,132.1000,175.1000,nan,nan,746.6000,nan,53.7200
178.0000,nan,nan,179.9000,nan,1007.3000,746.8000,56.0000,48.5900
167.4000,129.9000,128.6000,175.5000,7.8000,1006.3000,746.6000,56.0000,51.7200
172.4000,13.6000,172.4000,156.8000,4.1000,nan,856.4000,56.0000,35.8500
nan,75.4000,167.0000,nan,7.9000,1007.3000,nan,nan,53.4600
173.8000,nan,159.9000,nan,9.7000,nan,746.6000,56.0000,48.9900
190.3000,0.0000,125.2000,166.6000,9.9000,nan,798.9000,nan,31.7200
nan,0.0000,nan,191.8000,5.3000,948.9000,nan,56.0000,39.6400
213.5000,0.0000,174.2000,159.2000,11.7000,1043.6000,771.9000,56.0000,51.2600
251.4000,nan,118.3000,192.9000,5.8000,1043.6000,nan,56.0000,39.2700
165.0000,0.0000,143.6000,163.8000,0.0000,nan,nan,nan,37.9600
nan,128.5000,nan,nan,8.1000,1005.8000,746.6000,100.0000,55.0200
178.0000,129.8000,118.6000,179.9000,3.6000,1007.3000,746.8000,100.0000,49.9900
172.4000,nan,172.4000,nan,4.1000,nan,856.4000,100.0000,37.6800
173.5000,nan,173.5000,164.8000,6.5000,nan,793.5000,100.0000,56.0600
167.0000,nan,167.0000,164.0000,nan,1007.3000,770.1000,100.0000,56.8100
173.8000,nan,nan,172.3000,nan,1007.2000,746.6000,nan,50.9400
250.0000,0.0000,95.7000,nan,nan,nan,857.2000,nan,41.1600
213.5000,0.0000,nan,159.2000,11.7000,nan,771.9000,nan,52.9600
nan,nan,100.5000,170.2000,7.5000,nan,901.8000,nan,44.2800
251.4000,0.0000,nan,192.9000,5.8000,nan,754.3000,nan,40.1500
446.0000,24.0000,79.0000,162.0000,11.6000,967.0000,712.0000,28.0000,57.0300
nan,nan,79.0000,162.0000,10.3000,967.0000,nan,nan,53.3900
nan,nan,79.0000,162.0000,11.6000,967.0000,712.0000,nan,35.3600
nan,24.0000,nan,nan,11.6000,nan,712.0000,3.0000,25.0200
446.0000,nan,79.0000,162.0000,11.6000,967.0000,nan,3.0000,23.3500
446.0000,24.0000,79.0000,162.0000,nan,967.0000,712.0000,7.0000,39.3000
nan,nan,79.0000,162.0000,11.6000,967.0000,nan,56.0000,56.1400
nan,nan,nan,162.0000,11.6000,967.0000,712.0000,56.0000,55.2500
446.0000,nan,79.0000,162.0000,10.3000,nan,nan,56.0000,54.7700
nan,nan,94.0000,157.0000,nan,938.0000,nan,28.0000,46.6800
nan,20.0000,94.0000,157.0000,14.3000,nan,845.0000,nan,22.7500
387.0000,nan,94.0000,nan,13.9000,nan,845.0000,3.0000,25.5100
nan,nan,94.0000,157.0000,nan,938.0000,nan,nan,34.7700
387.0000,20.0000,94.0000,157.0000,14.3000,938.0000,845.0000,7.0000,36.8400
nan,20.0000,nan,nan,nan,nan,845.0000,7.0000,41.6700
387.0000,20.0000,94.0000,157.0000,nan,nan,845.0000,56.0000,56.3400
387.0000,20.0000,94.0000,157.0000,nan,938.0000,nan,56.0000,47.9700
387.0000,nan,94.0000,157.0000,11.6000,938.0000,nan,56.0000,61.4600
491.0000,26.0000,nan,210.0000,3.9000,882.0000,699.0000,28.0000,55.5500
491.0000,26.0000,123.0000,nan,3.9000,822.0000,nan,28.0000,57.9200
491.0000,26.0000,123.0000,210.0000,nan,882.0000,699.0000,3.0000,25.6100
491.0000,nan,123.0000,210.0000,3.9000,882.0000,nan,7.0000,33.4900
491.0000,26.0000,123.0000,201.0000,nan,822.0000,nan,nan,29.5500
491.0000,26.0000,nan,201.0000,3.9000,nan,699.0000,nan,37.9200
491.0000,26.0000,123.0000,201.0000,3.9000,822.0000,nan,nan,61.8600
424.0000,22.0000,nan,nan,8.5000,822.0000,750.0000,nan,62.0500
424.0000,22.0000,nan,178.0000,nan,882.0000,750.0000,nan,32.0100
nan,22.0000,132.0000,nan,8.5000,nan,750.0000,nan,39.0000
424.0000,22.0000,132.0000,178.0000,8.5000,nan,750.0000,56.0000,65.7000
424.0000,22.0000,132.0000,168.0000,nan,822.0000,750.0000,3.0000,32.1100
424.0000,22.0000,132.0000,168.0000,8.9000,nan,750.0000,7.0000,40.2900
424.0000,22.0000,nan,nan,nan,822.0000,750.0000,56.0000,74.3600
202.0000,11.0000,nan,206.0000,1.7000,nan,801.0000,nan,21.9700
202.0000,11.0000,141.0000,nan,1.7000,942.0000,nan,nan,9.8500
nan,15.0000,141.0000,nan,5.5000,842.0000,nan,28.0000,43.7300
nan,nan,141.0000,179.0000,5.5000,842.0000,801.0000,nan,13.4000
284.0000,15.0000,nan,179.0000,5.5000,nan,801.0000,7.0000,24.1300
359.0000,19.0000,141.0000,154.0000,10.9000,942.0000,nan,28.0000,62.9400
nan,nan,141.0000,154.0000,10.9000,942.0000,nan,nan,59.4900
359.0000,19.0000,141.0000,154.0000,nan,942.0000,801.0000,3.0000,25.1200
359.0000,19.0000,141.0000,nan,10.9000,942.0000,801.0000,3.0000,23.6400
359.0000,nan,141.0000,154.0000,10.9000,nan,801.0000,7.0000,35.7500
359.0000,19.0000,141.0000,154.0000,10.9000,942.0000,801.0000,nan,38.6100
359.0000,19.0000,141.0000,154.0000,10.9000,nan,801.0000,56.0000,68.7500
436.0000,0.0000,nan,218.0000,0.0000,nan,nan,28.0000,23.8500
289.0000,0.0000,nan,nan,0.0000,nan,895.3000,90.0000,32.0700
289.0000,0.0000,0.0000,192.0000,0.0000,913.2000,895.3000,3.0000,11.6500
393.0000,0.0000,0.0000,192.0000,0.0000,nan,785.6000,90.0000,48.8500
nan,0.0000,0.0000,nan,0.0000,940.6000,785.6000,28.0000,39.6000
480.0000,0.0000,0.0000,192.0000,0.0000,936.2000,712.2000,28.0000,43.9400
480.0000,0.0000,nan,nan,0.0000,936.2000,nan,7.0000,34.5700
480.0000,0.0000,0.0000,nan,0.0000,nan,712.2000,nan,24.4000
nan,0.0000,0.0000,192.0000,0.0000,931.2000,842.6000,nan,15.6200
255.0000,0.0000,0.0000,192.0000,0.0000,889.8000,945.0000,90.0000,21.8600
nan,nan,0.0000,192.0000,nan,889.8000,nan,7.0000,10.2200
255.0000,nan,0.0000,192.0000,0.0000,889.8000,945.0000,28.0000,18.7500
333.0000,0.0000,0.0000,192.0000,0.0000,931.2000,nan,nan,23.4000
393.0000,0.0000,0.0000,192.0000,0.0000,940.6000,785.6000,7.0000,27.7400
nan,0.0000,nan,192.0000,0.0000,889.8000,nan,nan,8.2000
158.8000,238.2000,0.0000,185.7000,0.0000,1040.6000,734.3000,7.0000,9.6200
nan,nan,0.0000,185.7000,0.0000,nan,724.3000,7.0000,17.2400
272.8000,181.9000,0.0000,185.7000,0.0000,nan,714.3000,7.0000,19.7700
239.6000,359.4000,nan,185.7000,nan,941.6000,664.3000,28.0000,39.4400
220.8000,147.2000,0.0000,185.7000,0.0000,1055.0000,744.3000,28.0000,25.7500
397.0000,0.0000,0.0000,185.7000,0.0000,1040.6000,734.3000,28.0000,33.0800
nan,0.0000,0.0000,nan,0.0000,1047.8000,nan,7.0000,24.0700
210.7000,nan,nan,185.7000,nan,977.0000,689.3000,7.0000,21.8200
295.8000,nan,0.0000,185.7000,nan,nan,nan,7.0000,14.8400
nan,170.3000,0.0000,185.7000,0.0000,nan,724.3000,28.0000,32.0500
203.5000,135.7000,0.0000,185.7000,0.0000,1076.2000,759.3000,7.0000,11.9600
397.0000,nan,nan,185.7000,0.0000,nan,734.3000,nan,25.4500
381.4000,nan,0.0000,185.7000,0.0000,1104.6000,784.3000,nan,22.4900
295.8000,0.0000,0.0000,185.7000,0.0000,1091.4000,nan,28.0000,25.2200
nan,342.1000,nan,185.7000,nan,955.8000,674.3000,nan,39.7000
238.1000,0.0000,nan,185.7000,0.0000,1118.8000,nan,28.0000,17.5800
339.2000,0.0000,0.0000,nan,0.0000,nan,754.3000,nan,21.1800
nan,203.5000,nan,185.7000,nan,1076.2000,759.3000,nan,18.2000
193.5000,nan,nan,185.7000,0.0000,998.2000,704.3000,7.0000,17.2000
203.5000,nan,0.0000,185.7000,0.0000,nan,759.3000,28.0000,22.6300
290.2000,193.5000,0.0000,185.7000,nan,998.2000,nan,7.0000,21.8600
181.9000,nan,0.0000,185.7000,0.0000,1012.4000,nan,7.0000,12.3700
nan,155.5000,0.0000,185.7000,0.0000,nan,nan,nan,25.7300
210.7000,nan,0.0000,185.7000,0.0000,nan,nan,28.0000,37.8100
290.2000,nan,0.0000,185.7000,nan,998.2000,704.3000,28.0000,33.0400
238.2000,158.8000,nan,185.7000,0.0000,1040.6000,734.3000,nan,26.9100
186.2000,nan,0.0000,nan,nan,1083.4000,nan,7.0000,8.0000
339.2000,0.0000,nan,185.7000,0.0000,nan,754.3000,28.0000,31.9000
nan,0.0000,0.0000,185.7000,0.0000,1118.8000,789.3000,7.0000,10.3400
nan,nan,nan,185.7000,0.0000,1047.8000,nan,28.0000,37.4400
nan,0.0000,0.0000,185.7000,0.0000,1111.6000,784.3000,nan,11.4800
316.1000,210.7000,0.0000,185.7000,0.0000,977.0000,nan,7.0000,24.4400
nan,nan,0.0000,185.7000,0.0000,1083.4000,764.3000,28.0000,17.6000
170.3000,155.5000,0.0000,185.7000,0.0000,1026.6000,724.3000,7.0000,10.7300
272.8000,nan,0.0000,185.7000,0.0000,1012.4000,nan,nan,31.3800
339.0000,nan,nan,nan,nan,968.0000,781.0000,nan,13.2200
339.0000,0.0000,0.0000,197.0000,nan,968.0000,781.0000,7.0000,20.9700
339.0000,nan,0.0000,197.0000,nan,968.0000,nan,nan,27.0400
339.0000,0.0000,0.0000,nan,0.0000,nan,781.0000,90.0000,35.1700
nan,0.0000,nan,nan,0.0000,968.0000,nan,180.0000,36.4500
339.0000,nan,0.0000,197.0000,nan,968.0000,781.0000,365.0000,38.8900
236.0000,0.0000,0.0000,194.0000,0.0000,nan,885.0000,28.0000,18.4200
236.0000,0.0000,0.0000,194.0000,nan,968.0000,885.0000,90.0000,21.9500
236.0000,0.0000,0.0000,193.0000,0.0000,968.0000,nan,nan,24.1000
236.0000,0.0000,nan,nan,0.0000,nan,nan,365.0000,25.0800
nan,nan,0.0000,191.0000,0.0000,968.0000,nan,nan,21.2600
nan,0.0000,0.0000,191.0000,0.0000,968.0000,nan,3.0000,11.3600
277.0000,nan,nan,nan,0.0000,968.0000,856.0000,180.0000,32.3300
277.0000,nan,nan,191.0000,0.0000,968.0000,nan,360.0000,33.7000
254.0000,0.0000,0.0000,198.0000,0.0000,968.0000,863.0000,3.0000,9.3100
nan,0.0000,nan,198.0000,0.0000,968.0000,863.0000,90.0000,26.9400
254.0000,0.0000,0.0000,nan,nan,968.0000,863.0000,nan,27.6300
nan,0.0000,nan,193.0000,0.0000,968.0000,812.0000,180.0000,34.4900
nan,nan,0.0000,193.0000,0.0000,nan,nan,nan,36.1500
200.0000,0.0000,0.0000,180.0000,0.0000,1125.0000,nan,7.0000,7.8400
nan,0.0000,0.0000,180.0000,0.0000,nan,nan,28.0000,12.2500
225.0000,nan,0.0000,181.0000,nan,nan,833.0000,7.0000,11.1700
325.0000,0.0000,nan,184.0000,nan,1063.0000,783.0000,28.0000,30.5700
275.0000,0.0000,0.0000,nan,nan,1088.0000,nan,28.0000,24.5000
300.0000,0.0000,0.0000,nan,0.0000,nan,795.0000,28.0000,26.8500
375.0000,nan,nan,186.0000,0.0000,1038.0000,758.0000,7.0000,26.0600
375.0000,0.0000,nan,186.0000,0.0000,nan,nan,28.0000,38.2100
400.0000,nan,0.0000,187.0000,0.0000,nan,745.0000,7.0000,30.1400
250.0000,0.0000,0.0000,nan,0.0000,1100.0000,nan,28.0000,20.8700
nan,0.0000,nan,nan,nan,nan,nan,7.0000,20.2800
203.5000,nan,0.0000,203.5000,nan,963.4000,630.0000,7.0000,19.5400
250.2000,166.8000,0.0000,203.5000,nan,nan,694.1000,90.0000,47.7100
nan,236.0000,nan,192.0000,0.0000,nan,781.2000,90.0000,43.3800
141.3000,212.0000,0.0000,203.5000,nan,971.8000,nan,nan,29.8900
122.6000,183.9000,0.0000,nan,0.0000,958.2000,800.1000,90.0000,33.1900
nan,122.6000,0.0000,nan,0.0000,959.2000,800.0000,3.0000,4.9000
102.0000,153.0000,0.0000,192.0000,0.0000,887.0000,942.0000,nan,25.4600
nan,183.9000,nan,203.5000,0.0000,958.2000,800.1000,nan,24.2900
166.8000,250.2000,nan,nan,0.0000,975.6000,nan,nan,33.9500
nan,133.0000,0.0000,192.0000,0.0000,965.4000,nan,nan,11.4100
108.3000,162.4000,nan,203.5000,0.0000,nan,849.0000,28.0000,20.5900
nan,203.5000,0.0000,nan,0.0000,965.4000,nan,7.0000,25.8900
nan,162.4000,nan,203.5000,0.0000,938.2000,849.0000,90.0000,29.2300
nan,173.0000,0.0000,192.0000,0.0000,909.8000,891.9000,90.0000,31.0200
nan,166.8000,0.0000,203.5000,nan,nan,nan,nan,19.3500
173.0000,116.0000,0.0000,nan,0.0000,946.8000,856.8000,7.0000,11.3900
192.0000,nan,nan,192.0000,nan,929.8000,nan,nan,12.7900
192.0000,288.0000,0.0000,192.0000,0.0000,nan,716.1000,28.0000,39.3200
153.0000,102.0000,0.0000,192.0000,nan,888.0000,nan,nan,4.7800
288.0000,192.0000,0.0000,192.0000,0.0000,932.0000,nan,nan,16.1100
305.3000,nan,0.0000,203.5000,0.0000,965.4000,631.0000,28.0000,43.3800
236.0000,157.0000,nan,192.0000,0.0000,972.6000,749.1000,nan,20.4200
173.0000,116.0000,0.0000,192.0000,nan,946.8000,856.8000,nan,6.9400
236.0000,157.0000,0.0000,192.0000,0.0000,972.6000,749.1000,3.0000,13.5700
183.9000,122.6000,0.0000,203.5000,0.0000,959.2000,nan,nan,32.5300
166.8000,nan,0.0000,nan,0.0000,975.6000,nan,7.0000,15.7500
102.0000,153.0000,0.0000,192.0000,0.0000,887.0000,942.0000,28.0000,17.2800
173.0000,116.0000,nan,192.0000,0.0000,946.8000,856.8000,28.0000,24.2800
183.9000,nan,0.0000,nan,0.0000,nan,800.0000,28.0000,24.0500
133.0000,200.0000,0.0000,192.0000,0.0000,nan,839.2000,90.0000,36.5900
nan,288.0000,nan,nan,0.0000,929.8000,716.1000,nan,50.7300
133.0000,200.0000,0.0000,192.0000,0.0000,927.4000,nan,7.0000,13.6600
305.3000,203.5000,nan,nan,nan,965.4000,631.0000,3.0000,14.1400
236.0000,157.0000,0.0000,192.0000,0.0000,972.6000,749.1000,nan,47.7800
nan,162.4000,0.0000,203.5000,nan,938.2000,849.0000,3.0000,2.3300
157.0000,236.0000,0.0000,nan,0.0000,935.4000,781.2000,nan,16.8900
nan,192.0000,0.0000,nan,nan,932.0000,717.8000,nan,23.5200
212.0000,141.3000,0.0000,203.5000,0.0000,nan,750.0000,3.0000,6.8100
153.0000,102.0000,0.0000,192.0000,0.0000,888.0000,nan,28.0000,17.9600
203.5000,nan,nan,nan,0.0000,963.4000,nan,28.0000,41.6800
133.0000,200.0000,nan,192.0000,nan,927.4000,839.2000,nan,6.8800
288.0000,nan,0.0000,192.0000,nan,932.0000,717.8000,90.0000,50.5300
250.2000,nan,nan,nan,0.0000,977.6000,694.1000,3.0000,9.7300
nan,183.9000,0.0000,nan,nan,nan,800.1000,3.0000,3.3200
153.0000,nan,0.0000,192.0000,0.0000,888.0000,943.1000,90.0000,26.3200
200.0000,133.0000,0.0000,192.0000,nan,965.4000,806.2000,nan,43.2500
nan,nan,0.0000,192.0000,0.0000,nan,891.9000,3.0000,6.2800
173.0000,116.0000,nan,nan,0.0000,nan,856.8000,90.0000,32.1000
250.2000,nan,0.0000,nan,nan,nan,694.1000,28.0000,36.9600
305.3000,203.5000,0.0000,nan,0.0000,nan,nan,90.0000,54.6000
192.0000,nan,nan,192.0000,0.0000,929.8000,nan,nan,21.4800
nan,236.0000,nan,nan,nan,935.4000,781.2000,3.0000,9.6900
153.0000,nan,0.0000,192.0000,nan,888.0000,943.1000,nan,8.3700
nan,nan,0.0000,203.5000,0.0000,971.8000,nan,90.0000,39.6600
nan,173.0000,nan,nan,nan,nan,nan,nan,10.0900
122.6000,183.9000,0.0000,203.5000,0.0000,958.2000,nan,7.0000,10.3500
nan,250.2000,0.0000,203.5000,nan,975.6000,692.6000,90.0000,43.5700
203.5000,305.3000,0.0000,203.5000,nan,963.4000,nan,90.0000,51.8600
310.0000,0.0000,0.0000,nan,0.0000,1012.0000,nan,nan,11.8500
310.0000,0.0000,nan,192.0000,0.0000,nan,830.0000,7.0000,17.2400
310.0000,nan,0.0000,nan,0.0000,1012.0000,830.0000,90.0000,35.7600
310.0000,0.0000,0.0000,192.0000,nan,nan,830.0000,nan,38.7000
nan,nan,0.0000,192.0000,0.0000,1025.0000,821.0000,3.0000,14.3100
nan,0.0000,0.0000,192.0000,nan,nan,nan,7.0000,17.4400
331.0000,0.0000,nan,nan,0.0000,1025.0000,821.0000,28.0000,31.7400
331.0000,nan,nan,nan,0.0000,nan,821.0000,90.0000,37.9100
331.0000,0.0000,nan,192.0000,0.0000,1025.0000,nan,nan,39.3800
349.0000,0.0000,0.0000,nan,0.0000,1056.0000,809.0000,nan,15.8700
349.0000,0.0000,0.0000,192.0000,nan,1056.0000,809.0000,nan,9.0100
349.0000,nan,0.0000,192.0000,0.0000,nan,809.0000,90.0000,40.6600
349.0000,0.0000,0.0000,nan,0.0000,1056.0000,809.0000,120.0000,40.8600
297.0000,nan,0.0000,nan,0.0000,nan,734.0000,7.0000,30.9600
480.0000,0.0000,nan,192.0000,nan,nan,nan,28.0000,43.8900
480.0000,nan,0.0000,192.0000,0.0000,936.0000,721.0000,nan,54.2800
nan,0.0000,0.0000,186.0000,0.0000,1104.0000,774.0000,7.0000,14.5000
nan,0.0000,0.0000,nan,nan,nan,774.0000,28.0000,22.4400
500.0000,nan,0.0000,nan,0.0000,1125.0000,613.0000,1.0000,12.6400
500.0000,nan,0.0000,nan,0.0000,1125.0000,nan,3.0000,26.0600
nan,nan,0.0000,nan,nan,1125.0000,613.0000,7.0000,33.2100
nan,0.0000,nan,200.0000,0.0000,1125.0000,nan,14.0000,36.9400
nan,0.0000,0.0000,173.0000,nan,1125.0000,nan,7.0000,52.6100
540.0000,0.0000,0.0000,173.0000,nan,1125.0000,613.0000,90.0000,69.6600
540.0000,0.0000,0.0000,173.0000,0.0000,nan,613.0000,180.0000,71.6200
540.0000,nan,nan,nan,nan,1125.0000,613.0000,270.0000,74.1700
nan,0.0000,nan,203.0000,nan,nan,775.0000,7.0000,18.1300
nan,0.0000,0.0000,203.0000,0.0000,nan,nan,14.0000,22.5300
nan,0.0000,0.0000,203.0000,0.0000,974.0000,775.0000,nan,27.3400
nan,nan,0.0000,203.0000,nan,974.0000,nan,56.0000,29.9800
nan,nan,nan,203.0000,nan,nan,nan,90.0000,31.3500
nan,0.0000,0.0000,203.0000,0.0000,974.0000,nan,180.0000,32.7200
385.0000,0.0000,0.0000,186.0000,0.0000,966.0000,763.0000,3.0000,14.7000
nan,0.0000,0.0000,186.0000,0.0000,966.0000,nan,7.0000,23.2200
nan,0.0000,0.0000,nan,0.0000,nan,763.0000,nan,27.9200
385.0000,0.0000,0.0000,186.0000,nan,nan,763.0000,28.0000,31.3500
331.0000,nan,0.0000,192.0000,0.0000,nan,825.0000,180.0000,39.0000
331.0000,0.0000,nan,nan,0.0000,978.0000,825.0000,360.0000,41.2400
331.0000,0.0000,0.0000,192.0000,0.0000,978.0000,825.0000,3.0000,13.5200
382.0000,nan,0.0000,186.0000,nan,nan,nan,7.0000,24.0000
nan,0.0000,0.0000,nan,0.0000,nan,739.0000,28.0000,37.4200
nan,0.0000,0.0000,nan,0.0000,1111.0000,784.0000,7.0000,11.4700
nan,0.0000,0.0000,186.0000,0.0000,1104.0000,774.0000,nan,22.4400
nan,0.0000,nan,185.0000,nan,nan,nan,nan,21.1600
nan,0.0000,0.0000,185.0000,0.0000,1069.0000,754.0000,28.0000,31.8400
nan,nan,0.0000,185.0000,0.0000,1069.0000,769.0000,7.0000,14.8000
nan,nan,0.0000,185.0000,nan,nan,nan,28.0000,25.1800
nan,0.0000,0.0000,185.0000,nan,1118.0000,789.0000,nan,17.5400
nan,0.0000,0.0000,nan,nan,1085.0000,765.0000,28.0000,21.6500
296.0000,0.0000,nan,192.0000,0.0000,1085.0000,765.0000,90.0000,29.3900
nan,0.0000,0.0000,192.0000,0.0000,nan,825.0000,3.0000,13.5200
nan,0.0000,0.0000,192.0000,0.0000,978.0000,825.0000,7.0000,16.2600
331.0000,0.0000,0.0000,nan,0.0000,978.0000,825.0000,nan,31.4500
349.0000,0.0000,nan,192.0000,0.0000,1047.0000,806.0000,7.0000,18.1300
349.0000,0.0000,0.0000,nan,0.0000,1047.0000,nan,90.0000,39.4900
349.0000,0.0000,0.0000,192.0000,0.0000,1047.0000,nan,180.0000,41.0500
349.0000,0.0000,0.0000,192.0000,0.0000,1047.0000,nan,nan,42.1300
302.0000,0.0000,nan,nan,0.0000,nan,nan,14.0000,18.1300
nan,nan,0.0000,203.0000,0.0000,974.0000,nan,180.0000,26.7400
500.0000,nan,0.0000,nan,0.0000,1125.0000,613.0000,90.0000,47.2200
500.0000,0.0000,0.0000,nan,0.0000,1125.0000,613.0000,nan,55.1600
nan,nan,0.0000,nan,0.0000,1125.0000,613.0000,3.0000,41.6400
252.0000,nan,0.0000,185.0000,0.0000,1111.0000,784.0000,7.0000,13.7100
nan,0.0000,0.0000,185.0000,0.0000,1111.0000,784.0000,28.0000,19.6900
339.0000,0.0000,0.0000,185.0000,0.0000,nan,754.0000,nan,31.6500
nan,0.0000,0.0000,192.0000,0.0000,940.0000,758.0000,28.0000,39.5800
393.0000,nan,0.0000,nan,0.0000,nan,758.0000,90.0000,48.7900
nan,0.0000,0.0000,185.0000,0.0000,nan,739.0000,nan,24.0000
252.0000,0.0000,nan,nan,0.0000,1111.0000,784.0000,nan,11.4700
310.0000,0.0000,0.0000,192.0000,0.0000,970.0000,850.0000,nan,14.9900
nan,0.0000,nan,192.0000,0.0000,970.0000,nan,28.0000,27.9200
310.0000,nan,0.0000,nan,nan,970.0000,850.0000,nan,37.3300
nan,0.0000,nan,192.0000,0.0000,nan,850.0000,nan,38.1100
525.0000,0.0000,nan,189.0000,0.0000,1125.0000,613.0000,3.0000,33.8000
525.0000,0.0000,nan,189.0000,0.0000,1125.0000,613.0000,nan,42.4200
525.0000,nan,0.0000,189.0000,0.0000,1125.0000,613.0000,28.0000,55.9400
525.0000,nan,0.0000,189.0000,nan,nan,613.0000,270.0000,67.1100
nan,0.0000,nan,nan,nan,974.0000,800.0000,14.0000,20.7700
nan,nan,0.0000,203.0000,0.0000,974.0000,nan,28.0000,25.1800
322.0000,0.0000,nan,nan,0.0000,974.0000,800.0000,180.0000,29.5900
302.0000,0.0000,0.0000,203.0000,0.0000,nan,817.0000,nan,21.7500
397.0000,0.0000,0.0000,nan,nan,1040.0000,734.0000,28.0000,39.0900
nan,0.0000,nan,192.0000,nan,936.0000,721.0000,3.0000,24.3900
nan,0.0000,0.0000,146.0000,0.0000,nan,nan,nan,50.5100
nan,105.0000,nan,nan,9.0000,904.0000,680.0000,nan,37.1700
nan,190.0000,148.0000,179.0000,19.0000,838.0000,741.0000,28.0000,33.7600
nan,144.0000,nan,220.0000,10.0000,nan,658.0000,28.0000,16.5000
nan,140.0000,0.0000,214.0000,6.0000,895.0000,722.0000,28.0000,33.4200
374.0000,nan,0.0000,190.0000,7.0000,1013.0000,730.0000,28.0000,39.0500
159.0000,149.0000,116.0000,nan,15.0000,953.0000,720.0000,28.0000,27.6800
nan,239.0000,0.0000,nan,nan,nan,684.0000,nan,26.8600
305.0000,0.0000,100.0000,196.0000,10.0000,959.0000,705.0000,28.0000,30.1200
nan,0.0000,nan,167.0000,12.0000,991.0000,772.0000,nan,15.5700
142.0000,167.0000,nan,174.0000,11.0000,nan,nan,28.0000,44.6100
nan,137.0000,nan,nan,nan,nan,655.0000,nan,53.5200
321.0000,nan,0.0000,nan,5.0000,870.0000,774.0000,28.0000,57.2100
252.0000,97.0000,76.0000,194.0000,8.0000,835.0000,821.0000,28.0000,33.4000
165.0000,0.0000,150.0000,nan,nan,nan,729.0000,nan,18.0300
156.0000,243.0000,0.0000,nan,nan,1022.0000,698.0000,28.0000,37.3600
160.0000,188.0000,146.0000,203.0000,11.0000,829.0000,nan,28.0000,32.8400
298.0000,0.0000,nan,186.0000,6.0000,879.0000,nan,28.0000,42.6400
318.0000,0.0000,126.0000,210.0000,6.0000,861.0000,nan,nan,40.0600
326.0000,166.0000,0.0000,nan,9.0000,nan,790.0000,28.0000,61.2300
nan,nan,nan,193.0000,11.0000,801.0000,nan,nan,40.8700
132.0000,207.0000,161.0000,179.0000,5.0000,nan,736.0000,28.0000,33.3000
322.0000,149.0000,0.0000,186.0000,8.0000,nan,709.0000,28.0000,52.4200
164.0000,0.0000,nan,nan,13.0000,nan,nan,28.0000,15.0900
321.0000,nan,128.0000,nan,nan,nan,780.0000,nan,37.2600
nan,nan,nan,nan,7.0000,908.0000,829.0000,28.0000,42.1300
nan,nan,86.0000,195.0000,6.0000,nan,790.0000,28.0000,41.5400
160.0000,250.0000,0.0000,168.0000,nan,1049.0000,688.0000,28.0000,39.4500
nan,260.0000,0.0000,nan,13.0000,nan,827.0000,28.0000,37.9100
nan,100.0000,78.0000,nan,9.0000,nan,nan,28.0000,32.4000
nan,92.0000,71.0000,nan,nan,nan,nan,28.0000,28.6300
313.0000,0.0000,nan,178.0000,8.0000,nan,689.0000,nan,36.8000
155.0000,nan,nan,193.0000,9.0000,1047.0000,697.0000,28.0000,18.2800
146.0000,nan,0.0000,202.0000,3.0000,827.0000,nan,28.0000,33.0600
nan,0.0000,nan,221.0000,11.0000,819.0000,778.0000,28.0000,31.4200
nan,210.0000,0.0000,nan,3.0000,949.0000,795.0000,nan,31.0300
313.0000,nan,0.0000,178.0000,8.0000,867.0000,nan,nan,44.3900
153.0000,nan,nan,178.0000,8.0000,1002.0000,nan,28.0000,25.5600
140.0000,nan,nan,nan,7.0000,nan,nan,28.0000,36.4400
149.0000,236.0000,0.0000,176.0000,13.0000,847.0000,893.0000,28.0000,32.9600
153.0000,145.0000,113.0000,178.0000,8.0000,867.0000,nan,28.0000,26.2300
nan,145.0000,0.0000,178.0000,8.0000,1000.0000,822.0000,nan,19.0100
262.0000,111.0000,86.0000,195.0000,nan,nan,nan,nan,33.7200
nan,0.0000,nan,nan,11.0000,nan,nan,28.0000,8.5400
151.0000,nan,nan,167.0000,16.0000,nan,678.0000,nan,13.4600
273.0000,0.0000,90.0000,199.0000,11.0000,nan,762.0000,28.0000,32.2400
149.0000,nan,nan,183.0000,7.0000,953.0000,780.0000,nan,23.5200
313.0000,nan,nan,178.0000,10.0000,nan,nan,nan,52.4400
284.0000,120.0000,0.0000,nan,7.0000,nan,794.0000,28.0000,40.9300
336.0000,0.0000,0.0000,nan,nan,986.0000,nan,nan,44.8600
nan,nan,134.0000,181.0000,11.0000,979.0000,nan,28.0000,13.2000
150.0000,nan,0.0000,174.0000,12.0000,nan,675.0000,28.0000,37.4300
144.0000,nan,133.0000,192.0000,8.0000,nan,805.0000,28.0000,29.8700
nan,170.0000,0.0000,195.0000,nan,nan,nan,28.0000,56.6100
155.0000,0.0000,143.0000,nan,9.0000,nan,697.0000,28.0000,12.4600
155.0000,183.0000,0.0000,193.0000,nan,nan,nan,nan,23.7900
nan,0.0000,166.0000,180.0000,10.0000,961.0000,805.0000,28.0000,13.2900
266.0000,112.0000,87.0000,178.0000,10.0000,910.0000,nan,nan,39.4200
313.0000,145.0000,0.0000,127.0000,8.0000,1000.0000,nan,28.0000,44.5200
148.0000,0.0000,nan,181.0000,15.0000,nan,884.0000,28.0000,15.5200
nan,0.0000,107.0000,nan,13.0000,953.0000,nan,28.0000,35.8600
nan,145.0000,nan,nan,8.0000,1002.0000,689.0000,28.0000,41.0500
155.0000,184.0000,nan,nan,nan,nan,699.0000,nan,28.9900
nan,nan,0.0000,171.0000,2.0000,1000.0000,nan,nan,26.9200
145.0000,0.0000,nan,nan,8.0000,824.0000,nan,nan,10.5400
313.0000,0.0000,0.0000,178.0000,8.0000,nan,822.0000,28.0000,25.1000
155.0000,0.0000,143.0000,193.0000,9.0000,nan,868.0000,28.0000,9.7400
162.0000,207.0000,172.0000,216.0000,nan,nan,nan,28.0000,39.8400
136.0000,196.0000,nan,199.0000,6.0000,847.0000,783.0000,28.0000,26.9700
164.0000,163.0000,128.0000,197.0000,8.0000,961.0000,641.0000,28.0000,27.2300
157.0000,214.0000,152.0000,nan,9.0000,819.0000,704.0000,28.0000,33.0500
149.0000,153.0000,194.0000,nan,8.0000,nan,623.0000,nan,24.5800
135.0000,nan,nan,nan,6.0000,965.0000,643.0000,28.0000,21.9100
159.0000,209.0000,161.0000,201.0000,7.0000,848.0000,nan,nan,30.8800
144.0000,nan,195.0000,nan,6.0000,1021.0000,nan,28.0000,15.3400
154.0000,174.0000,185.0000,228.0000,7.0000,845.0000,612.0000,28.0000,24.3400
156.0000,178.0000,187.0000,nan,nan,nan,nan,28.0000,29.4100
nan,0.0000,113.0000,178.5000,8.0000,1001.9000,688.7000,28.0000,36.8000
145.9000,230.5000,0.0000,202.5000,3.4000,827.0000,871.8000,28.0000,32.7200
nan,0.0000,106.7000,221.4000,nan,nan,778.4000,28.0000,31.4200
133.1000,nan,nan,195.7000,3.1000,nan,795.3000,28.0000,28.9400
313.3000,145.0000,0.0000,178.5000,nan,867.2000,824.0000,nan,40.9300
139.9000,nan,103.3000,nan,nan,nan,753.4000,28.0000,36.4400
299.8000,0.0000,119.8000,211.5000,9.9000,878.2000,727.6000,nan,23.8400
153.1000,145.0000,nan,nan,nan,867.2000,824.0000,28.0000,26.2300
148.1000,0.0000,136.6000,158.1000,nan,1001.8000,830.1000,nan,17.9600
152.7000,144.7000,0.0000,nan,8.0000,999.7000,nan,28.0000,19.0100
261.9000,nan,86.1000,195.4000,5.0000,895.2000,732.6000,nan,33.7200
158.4000,nan,nan,nan,11.0000,897.7000,712.9000,nan,8.5400
nan,0.0000,nan,166.7000,15.6000,1074.5000,nan,28.0000,13.4600
272.6000,0.0000,nan,198.7000,10.6000,931.3000,762.2000,nan,32.2500
149.0000,117.6000,91.7000,182.9000,7.1000,953.4000,780.3000,nan,23.5200
nan,100.6000,nan,nan,10.4000,nan,762.9000,28.0000,49.7700
nan,119.7000,0.0000,168.3000,7.2000,970.4000,794.2000,nan,40.9300
336.5000,0.0000,0.0000,181.9000,3.4000,nan,816.8000,28.0000,44.8700
nan,0.0000,133.6000,180.8000,nan,979.5000,811.5000,28.0000,13.2000
143.7000,170.2000,132.6000,nan,nan,814.1000,805.3000,28.0000,29.8700
330.5000,nan,0.0000,nan,8.1000,811.0000,nan,nan,56.6200
154.8000,nan,142.8000,193.3000,nan,nan,696.7000,28.0000,12.4600
154.8000,183.4000,0.0000,193.3000,nan,nan,nan,28.0000,23.7900
134.7000,0.0000,nan,180.2000,10.0000,961.0000,804.9000,nan,13.2900
266.2000,112.3000,87.5000,nan,10.4000,nan,nan,28.0000,39.4200
314.0000,145.3000,113.2000,nan,nan,869.1000,690.2000,28.0000,46.2300
312.7000,144.7000,0.0000,127.3000,8.0000,999.7000,822.2000,nan,44.5200
145.7000,172.6000,0.0000,181.9000,nan,985.8000,nan,nan,23.7400
nan,136.3000,106.2000,178.1000,7.5000,nan,774.3000,nan,26.1500
148.1000,0.0000,182.1000,181.4000,15.0000,838.9000,884.3000,28.0000,15.5300
277.0000,nan,91.0000,nan,nan,nan,665.6000,nan,43.5800
313.3000,145.0000,0.0000,178.5000,nan,1001.9000,nan,nan,41.0500
nan,nan,143.2000,193.8000,nan,879.6000,698.5000,nan,28.9900
289.0000,133.7000,nan,194.9000,nan,924.1000,760.1000,28.0000,46.2500
145.4000,0.0000,178.9000,201.7000,7.8000,nan,nan,nan,10.5400
nan,161.6000,nan,nan,10.4000,nan,nan,nan,29.0700
nan,0.0000,142.8000,193.3000,nan,877.2000,867.7000,28.0000,9.7400
272.8000,nan,nan,209.7000,9.0000,nan,nan,28.0000,37.1700
162.0000,190.1000,148.1000,178.8000,18.8000,838.1000,741.4000,28.0000,33.7600
153.6000,144.2000,112.3000,220.1000,10.1000,923.2000,657.9000,28.0000,16.5000
146.5000,114.6000,nan,201.9000,8.8000,860.0000,829.5000,28.0000,19.9900
151.8000,178.1000,138.7000,nan,18.3000,944.0000,694.6000,28.0000,36.3500
309.9000,142.8000,111.2000,167.8000,22.1000,913.9000,nan,28.0000,38.2200
143.6000,0.0000,nan,158.4000,nan,nan,844.5000,28.0000,15.4200
nan,139.9000,0.0000,213.5000,nan,nan,722.5000,28.0000,33.4200
304.8000,0.0000,99.6000,196.0000,9.8000,959.4000,705.2000,28.0000,30.1200
150.9000,0.0000,nan,166.6000,11.6000,991.2000,nan,28.0000,15.5700
141.9000,nan,129.7000,nan,nan,882.6000,785.3000,28.0000,44.6100
297.8000,137.2000,106.9000,201.3000,6.0000,878.4000,nan,28.0000,53.5200
321.3000,nan,0.0000,190.5000,4.6000,870.0000,774.0000,28.0000,57.2200
366.0000,187.0000,0.0000,191.3000,nan,824.3000,756.9000,28.0000,65.9100
279.8000,128.9000,100.4000,172.4000,9.5000,825.1000,nan,28.0000,52.8300
252.1000,nan,75.6000,193.8000,8.3000,835.5000,821.4000,28.0000,33.4000
155.6000,nan,0.0000,180.3000,nan,nan,697.7000,nan,37.3600
160.2000,188.0000,146.4000,nan,11.3000,828.7000,709.7000,28.0000,35.3100
298.1000,0.0000,nan,nan,6.1000,879.0000,815.2000,nan,42.6400
317.9000,0.0000,nan,209.7000,5.7000,860.5000,736.6000,28.0000,40.0600
325.6000,166.4000,0.0000,174.0000,8.9000,nan,nan,28.0000,61.2400
355.9000,0.0000,141.6000,nan,11.0000,801.4000,nan,28.0000,40.8700
132.0000,nan,nan,178.9000,5.5000,nan,735.6000,28.0000,33.3100
322.5000,148.6000,0.0000,nan,nan,951.0000,709.5000,28.0000,52.4300
nan,0.0000,200.1000,181.2000,nan,849.3000,846.0000,28.0000,15.0900
321.4000,0.0000,127.9000,182.5000,nan,nan,nan,nan,37.2700
139.7000,163.9000,nan,nan,nan,868.6000,nan,28.0000,35.2300
nan,nan,0.0000,177.4000,7.0000,907.9000,829.5000,28.0000,42.1400
298.2000,0.0000,107.0000,209.7000,11.1000,879.6000,744.2000,28.0000,31.8800
264.5000,111.0000,86.5000,195.5000,5.9000,nan,nan,28.0000,41.5400
166.0000,259.7000,0.0000,nan,12.7000,858.8000,nan,28.0000,37.9200
nan,116.0000,90.3000,179.6000,8.9000,870.1000,nan,28.0000,44.2800
148.5000,139.4000,108.6000,192.7000,6.1000,nan,780.0000,28.0000,23.7000
nan,100.5000,78.3000,200.6000,nan,864.5000,761.5000,28.0000,32.4000
