278.636723163842,0,0,181.377777777778,2.5,1055,676,28,61.89
278.636723163842,142.5,0,181.377777777778,0,932,594,270,40.27
332.5,142.5,0,181.377777777778,0,932,594,365,41.05
278.636723163842,132.4,0,181.377777777778,0,978.4,825.5,360,44.3
278.636723163842,95,54.272760511883,181.377777777778,0,971.024524714829,594,365,43.7
266,73.485871559633,54.272760511883,181.377777777778,0,932,774.913372093023,47.7102272727273,45.85
475,0,0,181.377777777778,0,932,774.913372093023,28,39.29
198.6,132.4,0,181.377777777778,6.06410256410256,978.4,825.5,90,38.07
278.636723163842,132.4,0,192,0,978.4,825.5,28,28.02
427.5,47.5,0,228,0,932,594,270,43.01
190,190,0,228,0,932,670,90,42.33
304,73.485871559633,0,181.377777777778,0,932,774.913372093023,28,47.81
380,73.485871559633,0,228,0,932,774.913372093023,90,52.91
139.6,209.4,0,192,0,971.024524714829,806.9,90,39.36
342,73.485871559633,0,228,0,932,670,365,56.14
380,95,0,228,0,971.024524714829,774.913372093023,90,40.56
139.6,209.4,54.272760511883,192,6.06410256410256,1047,806.9,3,8.06
139.6,209.4,54.272760511883,192,0,971.024524714829,806.9,180,44.21
380,0,0,228,0,932,670,270,53.3
380,73.485871559633,0,228,0,932,594,270,41.15
342,38,54.272760511883,228,6.06410256410256,932,670,180,52.12
475,0,0,228,0,932,774.913372093023,7,38.6
266,73.485871559633,54.272760511883,228,6.06410256410256,971.024524714829,774.913372093023,365,52.91
198.6,73.485871559633,0,192,0,978.4,825.5,47.7102272727273,41.72
475,73.485871559633,0,181.377777777778,6.06410256410256,932,594,270,42.13
190,73.485871559633,0,228,6.06410256410256,932,670,365,53.69
237.5,237.5,0,228,6.06410256410256,932,594,270,38.41
332.5,142.5,0,228,6.06410256410256,932,774.913372093023,90,37.72
237.5,237.5,54.272760511883,228,0,932,774.913372093023,180,36.25
278.636723163842,38,0,181.377777777778,0,932,670,90,50.46
427.5,73.485871559633,0,228,6.06410256410256,932,594,47.7102272727273,43.7
380,73.485871559633,54.272760511883,228,6.06410256410256,932,670,180,53.1
427.5,47.5,54.272760511883,228,0,932,774.913372093023,90,41.54
427.5,73.485871559633,0,228,0,932,774.913372093023,7,35.08
380,95,0,228,0,932,774.913372093023,180,40.76
380,95,0,228,0,971.024524714829,594,7,32.82
278.636723163842,73.485871559633,54.272760511883,181.377777777778,0,932,774.913372093023,47.7102272727273,46.93
304,73.485871559633,0,228,0,971.024524714829,670,90,49.19
139.6,209.4,54.272760511883,181.377777777778,0,1047,806.9,7,14.59
198.6,132.4,0,181.377777777778,0,971.024524714829,774.913372093023,7,14.64
475,73.485871559633,0,228,0,932,774.913372093023,47.7102272727273,41.93
304,76,54.272760511883,181.377777777778,0,932,670,47.7102272727273,50.95
332.5,142.5,54.272760511883,228,0,971.024524714829,774.913372093023,47.7102272727273,33.02
304,76,54.272760511883,181.377777777778,0,932,670,47.7102272727273,54.38
266,114,54.272760511883,181.377777777778,6.06410256410256,932,670,270,51.73
190,190,0,228,6.06410256410256,932,670,270,50.66
278.636723163842,73.485871559633,0,228,0,932,670,47.7102272727273,55.06
139.6,209.4,0,192,0,1047,806.9,360,44.7
278.636723163842,142.5,54.272760511883,228,0,971.024524714829,594,47.7102272727273,30.28
278.636723163842,190,0,228,0,932,670,47.7102272727273,40.86
485,0,54.272760511883,181.377777777778,0,1120,774.913372093023,28,71.99
278.636723163842,262.2,0,181.377777777778,6.06410256410256,1046.9,774.913372093023,3,28.8
425,73.485871559633,0,181.377777777778,6.06410256410256,971.024524714829,803.7,47.7102272727273,36.3
475,118.8,54.272760511883,181.377777777778,8.9,852.1,774.913372093023,3,37.8
469,117.2,0,137.8,32.2,852.1,840.5,3,40.2
425,73.485871559633,54.272760511883,153.5,16.5,971.024524714829,774.913372093023,3,33.4
388.6,73.485871559633,0,157.9,6.06410256410256,971.024524714829,925.7,3,28.1
425,73.485871559633,0,153.5,16.5,852.1,774.913372093023,47.7102272727273,33.4
318.8,212.5,0,155.7,6.06410256410256,852.1,880.4,3,25.2
401.8,94.7,0,147.4,6.06410256410256,946.8,852.1,3,41.1
362.6,73.485871559633,0,164.9,11.6,944.7,774.913372093023,3,35.3
323.7,282.8,0,183.8,10.3,971.024524714829,659.9,47.7102272727273,28.3
362.6,73.485871559633,0,181.377777777778,11.6,944.7,774.913372093023,47.7102272727273,35.3
286.3,73.485871559633,0,181.377777777778,11.2,1004.6,803.7,3,24.4
362.6,189,0,181.377777777778,11.6,944.7,755.8,3,35.3
389.9,189,0,145.9,22,944.7,774.913372093023,3,40.6
278.636723163842,73.485871559633,0,164.9,11.6,944.7,755.8,47.7102272727273,35.3
337.9,189,0,181.377777777778,9.5,944.7,755.8,47.7102272727273,24.1
374,189.2,0,170.1,10.1,926.1,756.7,7,46.2
425,106.3,54.272760511883,153.5,16.5,852.1,887.1,7,49.2
375,93.8,0,126.6,23.4,852.1,992.6,47.7102272727273,45.7
425,106.3,54.272760511883,153.5,6.06410256410256,852.1,774.913372093023,7,49.2
425,73.485871559633,0,153.5,6.06410256410256,852.1,887.1,7,49.2
278.636723163842,212.5,0,181.377777777778,14.3,852.1,880.4,7,33.4
401.8,94.7,0,147.4,6.06410256410256,946.8,852.1,47.7102272727273,54.1
362.6,189,54.272760511883,181.377777777778,11.6,971.024524714829,755.8,47.7102272727273,55.9
278.636723163842,151.2,0,181.377777777778,15.9,971.024524714829,774.913372093023,47.7102272727273,47.1
362.6,189,0,181.377777777778,11.6,944.7,774.913372093023,47.7102272727273,55.9
286.3,73.485871559633,0,181.377777777778,6.06410256410256,1004.6,803.7,47.7102272727273,38
389.9,73.485871559633,0,181.377777777778,22,944.7,774.913372093023,7,59.09
362.6,189,0,164.9,11.6,971.024524714829,755.8,7,22.9
278.636723163842,189,54.272760511883,174.9,9.5,944.7,755.8,7,35.1
374,189.2,0,170.1,10.1,971.024524714829,756.7,28,61.09
425,106.3,0,153.5,16.5,852.1,887.1,28,60.29
375,73.485871559633,0,126.6,23.4,852.1,992.6,28,56.7
475,118.8,54.272760511883,181.1,8.9,971.024524714829,781.5,28,68.3
388.6,97.1,0,157.9,6.06410256410256,852.1,925.7,47.7102272727273,50.7
531.3,0,0,141.8,28.2,852.1,774.913372093023,28,56.4
278.636723163842,106.3,0,181.377777777778,16.5,971.024524714829,774.913372093023,28,60.29
278.636723163842,94.7,54.272760511883,147.4,6.06410256410256,971.024524714829,852.1,28,68.5
362.6,189,0,164.9,6.06410256410256,944.7,774.913372093023,28,71.3
323.7,73.485871559633,0,183.8,10.3,942.7,659.9,28,74.7
278.636723163842,73.485871559633,0,153.9,15.9,971.024524714829,605,47.7102272727273,52.2
362.6,189,0,164.9,11.6,944.7,755.8,28,71.3
286.3,200.9,54.272760511883,144.7,6.06410256410256,971.024524714829,803.7,28,67.7
362.6,189,54.272760511883,164.9,6.06410256410256,944.7,755.8,47.7102272727273,71.3
439,177,54.272760511883,186,6.06410256410256,884.9,707.9,28,66
389.9,189,0,145.9,6.06410256410256,944.7,755.8,28,74.5
362.6,73.485871559633,54.272760511883,164.9,11.6,944.7,755.8,28,71.3
278.636723163842,189,0,174.9,9.5,944.7,774.913372093023,28,49.9
374,189.2,0,170.1,10.1,926.1,774.913372093023,56,63.4
313.3,262.2,54.272760511883,181.377777777778,6.06410256410256,1046.9,611.8,56,64.9
425,106.3,54.272760511883,181.377777777778,6.06410256410256,852.1,774.913372093023,56,64.3
425,106.3,54.272760511883,151.4,18.6,936,774.913372093023,47.7102272727273,64.9
475,118.8,0,181.1,8.9,852.1,781.5,47.7102272727273,72.3
425,73.485871559633,0,181.377777777778,16.5,852.1,774.913372093023,56,64.3
388.6,97.1,0,157.9,12.1,852.1,774.913372093023,47.7102272727273,55.2
531.3,0,0,141.8,28.2,971.024524714829,893.7,47.7102272727273,58.8
425,106.3,0,181.377777777778,6.06410256410256,852.1,774.913372093023,47.7102272727273,64.3
401.8,94.7,0,147.4,6.06410256410256,946.8,852.1,47.7102272727273,73.7
362.6,189,0,181.377777777778,6.06410256410256,944.7,755.8,56,77.3
379.5,151.2,54.272760511883,181.377777777778,15.9,971.024524714829,774.913372093023,56,54.9
362.6,189,0,164.9,6.06410256410256,944.7,774.913372093023,47.7102272727273,77.3
278.636723163842,73.485871559633,0,144.7,6.06410256410256,1004.6,774.913372093023,56,72.99
439,177,0,186,6.06410256410256,884.9,707.9,56,71.7
278.636723163842,189,54.272760511883,181.377777777778,22,944.7,774.913372093023,47.7102272727273,79.4
337.9,189,0,181.377777777778,6.06410256410256,944.7,755.8,56,59.89
278.636723163842,189.2,0,170.1,10.1,926.1,756.7,91,64.9
278.636723163842,262.2,54.272760511883,175.5,8.6,1046.9,611.8,91,66.6
425,73.485871559633,0,153.5,16.5,971.024524714829,774.913372093023,47.7102272727273,65.2
425,106.3,0,181.377777777778,6.06410256410256,936,803.7,47.7102272727273,66.7
375,73.485871559633,54.272760511883,181.377777777778,23.4,852.1,992.6,47.7102272727273,62.5
278.636723163842,117.2,0,137.8,32.2,852.1,840.5,91,70.7
278.636723163842,106.3,0,153.5,16.5,971.024524714829,887.1,47.7102272727273,65.2
278.636723163842,106.3,0,181.377777777778,16.5,852.1,774.913372093023,91,65.2
318.8,212.5,54.272760511883,155.7,6.06410256410256,852.1,774.913372093023,47.7102272727273,68.1
362.6,189,0,181.377777777778,11.6,971.024524714829,755.8,91,79.3
278.636723163842,151.2,0,153.9,15.9,971.024524714829,605,91,56.5
362.6,73.485871559633,0,164.9,11.6,944.7,755.8,91,79.3
286.3,73.485871559633,54.272760511883,144.7,6.06410256410256,1004.6,774.913372093023,91,76.8
278.636723163842,189,54.272760511883,181.377777777778,22,971.024524714829,774.913372093023,91,82.6
362.6,73.485871559633,0,164.9,11.6,944.7,755.8,91,79.3
337.9,189,0,174.9,9.5,944.7,755.8,47.7102272727273,67.8
222.4,0,96.7,189.3,4.5,967.1,870.3,3,11.58
278.636723163842,73.485871559633,96.7,181.377777777778,6.06410256410256,971.024524714829,774.913372093023,28,24.89
222.4,0,96.7,189.3,6.06410256410256,971.024524714829,870.3,47.7102272727273,29.45
278.636723163842,73.485871559633,94.6,197.9,6.06410256410256,947,852.2,3,10.38
233.8,73.485871559633,94.6,181.377777777778,4.6,947,852.2,14,22.14
233.8,0,54.272760511883,197.9,6.06410256410256,947,774.913372093023,47.7102272727273,22.84
233.8,0,94.6,181.377777777778,6.06410256410256,971.024524714829,852.2,56,27.66
233.8,73.485871559633,94.6,181.377777777778,4.6,947,852.2,100,34.56
194.7,0,100.5,181.377777777778,6.06410256410256,1006.4,774.913372093023,3,12.45
194.7,73.485871559633,54.272760511883,181.377777777778,7.5,1006.4,774.913372093023,14,24.99
278.636723163842,73.485871559633,100.5,165.6,7.5,971.024524714829,774.913372093023,28,25.72
194.7,0,100.5,165.6,7.5,1006.4,905.9,47.7102272727273,33.96
190.7,73.485871559633,125.4,162.1,7.8,1090,804,3,15.04
278.636723163842,0,125.4,162.1,7.8,1090,774.913372093023,28,26.4
190.7,73.485871559633,125.4,162.1,6.06410256410256,971.024524714829,774.913372093023,47.7102272727273,40.57
278.636723163842,0,121.6,181.377777777778,5.7,971.024524714829,779.3,14,20.92
212.1,73.485871559633,121.6,180.3,5.7,1057.6,779.3,28,24.9
278.636723163842,0,121.6,180.3,5.7,1057.6,779.3,56,34.2
212.1,0,121.6,181.377777777778,5.7,971.024524714829,779.3,47.7102272727273,39.61
230,0,118.3,195.5,6.06410256410256,971.024524714829,758.6,3,10.03
230,0,118.3,181.377777777778,4.6,1029.4,758.6,14,20.08
278.636723163842,73.485871559633,118.3,195.5,4.6,1029.4,758.6,100,35.34
278.636723163842,73.485871559633,54.272760511883,161.9,9.9,1088.1,802.6,47.7102272727273,9.45
190.3,0,125.2,161.9,9.9,971.024524714829,802.6,47.7102272727273,22.72
190.3,0,125.2,161.9,6.06410256410256,971.024524714829,774.913372093023,28,28.47
190.3,0,54.272760511883,181.377777777778,9.9,1088.1,774.913372093023,56,38.56
278.636723163842,73.485871559633,125.2,161.9,9.9,1088.1,774.913372093023,100,40.39
166.1,0,163.3,181.377777777778,6.06410256410256,1058.6,774.913372093023,3,10.76
166.1,0,163.3,176.5,4.5,1058.6,780.1,14,25.48
166.1,0,54.272760511883,176.5,6.06410256410256,971.024524714829,774.913372093023,47.7102272727273,21.54
166.1,0,163.3,176.5,4.5,1058.6,780.1,56,28.63
278.636723163842,73.485871559633,54.272760511883,181.377777777778,5.7,1058.7,774.913372093023,3,7.75
168,42.1,54.272760511883,121.8,5.7,1058.7,780.1,28,24.24
168,42.1,163.8,181.377777777778,5.7,971.024524714829,780.1,47.7102272727273,32.85
168,42.1,163.8,181.377777777778,5.7,971.024524714829,780.1,100,39.23
213.7,73.485871559633,24.5,181.7,6.9,971.024524714829,785.4,3,18
213.7,98.1,54.272760511883,181.7,6.06410256410256,971.024524714829,785.4,14,30.39
213.7,98.1,24.5,181.7,6.9,1065.8,785.4,28,45.71
278.636723163842,98.1,54.272760511883,181.377777777778,6.9,1065.8,785.4,100,53.9
213.8,73.485871559633,24.5,181.7,6.7,1066,774.913372093023,3,13.18
278.636723163842,98.1,24.5,181.7,6.7,1066,785.5,14,17.84
213.8,73.485871559633,24.5,181.377777777778,6.06410256410256,1066,785.5,47.7102272727273,49.97
229.7,0,118.2,195.2,6.06410256410256,1028.1,757.6,47.7102272727273,13.36
278.636723163842,73.485871559633,118.2,195.2,6.1,1028.1,757.6,14,22.32
278.636723163842,0,118.2,195.2,6.06410256410256,971.024524714829,757.6,47.7102272727273,24.54
229.7,0,54.272760511883,195.2,6.1,1028.1,757.6,56,31.35
278.636723163842,73.485871559633,54.272760511883,186.7,7,971.024524714829,847,47.7102272727273,19.93
278.636723163842,73.485871559633,94.1,186.7,6.06410256410256,949.9,774.913372093023,14,25.69
238.1,0,54.272760511883,186.7,6.06410256410256,949.9,847,47.7102272727273,30.23
238.1,73.485871559633,94.1,181.377777777778,7,971.024524714829,774.913372093023,100,44.3
250,0,95.7,187.4,6.06410256410256,956.9,861.2,3,13.82
278.636723163842,0,95.7,187.4,5.5,956.9,861.2,14,24.92
278.636723163842,0,95.7,187.4,6.06410256410256,956.9,861.2,28,29.22
278.636723163842,0,95.7,181.377777777778,5.5,956.9,774.913372093023,47.7102272727273,38.33
250,73.485871559633,95.7,187.4,5.5,956.9,861.2,100,42.35
212.5,73.485871559633,100.4,159.3,6.06410256410256,1007.8,903.6,3,13.54
278.636723163842,0,54.272760511883,181.377777777778,6.06410256410256,1007.8,903.6,14,26.31
212.5,73.485871559633,100.4,159.3,8.7,1007.8,903.6,56,42.55
212.5,0,100.4,159.3,8.7,971.024524714829,903.6,100,42.92
278.636723163842,0,100.4,181.377777777778,10.4,1003.8,903.8,47.7102272727273,13.33
278.636723163842,0,100.4,181.377777777778,10.4,1003.8,903.8,47.7102272727273,44.4
212,0,124.8,159,7.8,1085.4,799.5,3,19.52
278.636723163842,0,124.8,159,7.8,971.024524714829,774.913372093023,47.7102272727273,31.35
212,0,124.8,181.377777777778,7.8,1085.4,774.913372093023,28,38.5
212,0,54.272760511883,159,6.06410256410256,971.024524714829,799.5,47.7102272727273,45.08
212,73.485871559633,54.272760511883,181.377777777778,7.8,1085.4,774.913372093023,47.7102272727273,47.82
231.8,0,54.272760511883,174,6.7,1056.4,778.5,3,15.44
278.636723163842,0,121.6,174,6.7,1056.4,778.5,14,26.77
231.8,0,121.6,174,6.7,1056.4,778.5,28,33.73
278.636723163842,73.485871559633,54.272760511883,174,6.7,1056.4,778.5,47.7102272727273,42.7
278.636723163842,0,121.6,174,6.7,1056.4,774.913372093023,47.7102272727273,45.84
251.4,0,118.3,181.377777777778,5.8,1028.4,757.7,14,29.93
251.4,73.485871559633,118.3,181.377777777778,5.8,1028.4,757.7,56,36.97
278.636723163842,73.485871559633,54.272760511883,188.5,5.8,1028.4,757.7,47.7102272727273,43.58
251.4,0,118.3,181.377777777778,6.4,1028.4,757.7,3,13.12
251.4,0,118.3,188.5,6.06410256410256,1028.4,774.913372093023,47.7102272727273,24.43
251.4,73.485871559633,118.3,188.5,6.4,971.024524714829,757.7,28,32.66
251.4,0,118.3,181.377777777778,6.4,1028.4,757.7,100,44.21
181.4,73.485871559633,167,169.6,6.06410256410256,971.024524714829,777.8,47.7102272727273,13.62
181.4,0,167,169.6,7.6,1055.6,774.913372093023,14,21.6
181.4,0,167,169.6,7.6,971.024524714829,777.8,28,27.77
181.4,0,167,169.6,7.6,971.024524714829,777.8,47.7102272727273,45.37
182,45.2,122,170.2,8.2,971.024524714829,774.913372093023,56,43.5
182,73.485871559633,122,170.2,6.06410256410256,1059.4,774.913372093023,100,48.67
278.636723163842,42.2,124.3,158.3,10.8,971.024524714829,796.2,3,7.4
278.636723163842,73.485871559633,124.3,181.377777777778,10.8,1080.8,774.913372093023,14,23.51
168.9,42.2,54.272760511883,158.3,6.06410256410256,971.024524714829,796.2,28,31.12
168.9,42.2,124.3,158.3,10.8,1080.8,774.913372093023,100,48.15
290.4,0,96.2,168.1,9.4,961.2,865,3,22.5
290.4,0,54.272760511883,168.1,6.06410256410256,971.024524714829,865,14,34.67
278.636723163842,0,96.2,168.1,9.4,971.024524714829,865,47.7102272727273,45.08
278.636723163842,0,54.272760511883,168.1,9.4,971.024524714829,865,100,48.97
278.636723163842,73.485871559633,97.4,160.6,11.8,973.9,875.6,3,23.14
277.1,73.485871559633,97.4,160.6,11.8,971.024524714829,774.913372093023,28,48.28
277.1,0,97.4,160.6,11.8,971.024524714829,875.6,56,51.04
277.1,0,97.4,160.6,6.06410256410256,973.9,875.6,47.7102272727273,55.64
295.7,0,95.6,171.5,6.06410256410256,955.1,774.913372093023,47.7102272727273,22.95
295.7,0,95.6,171.5,6.06410256410256,955.1,859.2,14,35.23
295.7,0,54.272760511883,171.5,8.9,955.1,774.913372093023,28,39.94
295.7,0,95.6,181.377777777778,8.9,955.1,859.2,47.7102272727273,48.72
251.8,0,99.9,146.1,12.4,1006,899.8,47.7102272727273,21.02
251.8,73.485871559633,54.272760511883,146.1,12.4,1006,774.913372093023,56,44.14
278.636723163842,0,98.8,158.1,6.06410256410256,987.8,889,47.7102272727273,15.36
278.636723163842,0,54.272760511883,158.1,12.8,987.8,889,47.7102272727273,28.68
278.636723163842,0,98.8,181.377777777778,12.8,987.8,889,56,42.03
249.1,0,54.272760511883,158.1,12.8,987.8,889,100,51.06
278.636723163842,0,54.272760511883,181.377777777778,14.2,987.8,774.913372093023,3,21.78
252.3,73.485871559633,98.8,146.3,14.2,987.8,774.913372093023,47.7102272727273,42.29
278.636723163842,0,98.8,146.3,14.2,987.8,774.913372093023,28,50.6
278.636723163842,0,98.8,181.377777777778,14.2,987.8,774.913372093023,47.7102272727273,55.83
246.8,0,125.1,143.3,12,971.024524714829,774.913372093023,3,23.52
246.8,73.485871559633,125.1,181.377777777778,12,971.024524714829,800.9,14,42.22
278.636723163842,73.485871559633,125.1,143.3,6.06410256410256,1086.8,774.913372093023,28,52.5
275.1,73.485871559633,54.272760511883,181.377777777778,6.06410256410256,1053.6,777.5,3,23.8
275.1,0,54.272760511883,159.5,9.9,1053.6,774.913372093023,47.7102272727273,38.77
297.2,73.485871559633,117.5,174.8,9.5,1022.8,774.913372093023,3,21.91
278.636723163842,0,117.5,174.8,9.5,1022.8,753.5,14,36.99
278.636723163842,0,117.5,174.8,6.06410256410256,1022.8,774.913372093023,47.7102272727273,47.4
297.2,0,117.5,174.8,9.5,1022.8,753.5,56,51.96
297.2,0,117.5,174.8,6.06410256410256,971.024524714829,753.5,100,56.74
213.7,0,54.272760511883,181.377777777778,10.2,971.024524714829,776.4,47.7102272727273,33.73
213.7,0,54.272760511883,154.8,10.2,1053.5,774.913372093023,28,40.15
278.636723163842,0,54.272760511883,154.8,6.06410256410256,971.024524714829,776.4,47.7102272727273,46.64
213.7,0,54.272760511883,154.8,10.2,1053.5,776.4,100,50.08
213.5,0,174.2,154.6,6.06410256410256,1052.3,774.913372093023,47.7102272727273,33.7
278.636723163842,0,54.272760511883,154.6,6.06410256410256,1052.3,775.5,47.7102272727273,45.94
278.636723163842,0,174.2,154.6,11.7,1052.3,775.5,47.7102272727273,51.43
213.5,73.485871559633,174.2,154.6,6.06410256410256,1052.3,775.5,100,59.3
277.2,97.8,54.272760511883,160.7,11.2,1061.7,782.5,28,63.14
277.2,73.485871559633,54.272760511883,181.377777777778,6.06410256410256,1061.7,774.913372093023,56,66.82
277.2,73.485871559633,24.5,160.7,11.2,971.024524714829,782.5,100,66.95
278.636723163842,73.485871559633,54.272760511883,140.8,11.9,1075.7,792.7,47.7102272727273,35.96
218.2,54.6,123.8,140.8,6.06410256410256,1075.7,792.7,28,55.51
218.2,54.6,123.8,181.377777777778,11.9,971.024524714829,792.7,47.7102272727273,61.99
278.636723163842,54.6,54.272760511883,140.8,11.9,1075.7,792.7,47.7102272727273,63.53
214.9,73.485871559633,121.9,181.377777777778,6.06410256410256,971.024524714829,780.6,3,18.02
214.9,53.8,54.272760511883,155.6,6.06410256410256,971.024524714829,780.6,14,38.6
214.9,73.485871559633,54.272760511883,155.6,9.6,1014.3,774.913372093023,47.7102272727273,52.2
278.636723163842,53.8,121.9,155.6,9.6,1014.3,780.6,47.7102272727273,56.63
278.636723163842,0,124.1,158.5,11.3,1078.7,794.9,3,15.34
218.9,0,54.272760511883,158.5,11.3,1078.7,794.9,47.7102272727273,26.05
278.636723163842,73.485871559633,124.1,158.5,11.3,1078.7,774.913372093023,56,37.27
376,0,0,214.6,0,1003.5,762.4,14,25.62
278.636723163842,0,0,214.6,6.06410256410256,1003.5,774.913372093023,28,31.97
500,0,0,181.377777777778,4,971.024524714829,853,28,67.57
278.636723163842,73.485871559633,54.272760511883,145,5.9,1130,745,28,81.75
278.636723163842,73.485871559633,60,195,6.06410256410256,971.024524714829,774.913372093023,47.7102272727273,64.02
516,73.485871559633,54.272760511883,162,8.2,801,802,47.7102272727273,41.37
278.636723163842,73.485871559633,0,185,6.06410256410256,920,720,47.7102272727273,56.83
520,0,0,175,6.06410256410256,870,774.913372093023,28,51.02
278.636723163842,0,54.272760511883,158,20,903,768,28,55.55
278.636723163842,50,54.272760511883,200,6.06410256410256,1124.4,774.913372093023,28,39.38
278.636723163842,17.2,158,167,6.06410256410256,967,774.913372093023,28,55.65
333,17.5,163,167,17.9,996,652,47.7102272727273,47.28
278.636723163842,0,0,175,6.06410256410256,1120,774.913372093023,28,52.3
278.636723163842,116,119,184,5.7,833,880,28,29.16
278.636723163842,128,122,181.377777777778,6.4,971.024524714829,879,28,39.4
234,156,0,181.377777777778,5.9,971.024524714829,774.913372093023,28,39.3
285,190,0,163,7.6,1031,685,47.7102272727273,53.58
278.636723163842,119,0,181.377777777778,9,1061,657,28,59
275,180,54.272760511883,162,10.4,830,765,28,76.24
278.636723163842,0,54.272760511883,151,9,971.024524714829,655,47.7102272727273,69.84
278.636723163842,0,54.272760511883,163.8,0,971.024524714829,900.9,3,14.4
165,73.485871559633,132.1,175.1,6.06410256410256,1005.8,774.913372093023,3,19.42
278.636723163842,129.8,118.6,179.9,3.6,1007.3,774.913372093023,3,20.73
278.636723163842,73.485871559633,54.272760511883,175.5,7.8,1006.3,746.6,47.7102272727273,14.94
278.636723163842,50.1,173.5,164.8,6.5,1006.2,793.5,3,23.08
167,73.485871559633,167,181.377777777778,7.9,971.024524714829,770.1,3,15.52
173.8,93.4,54.272760511883,172.3,9.7,971.024524714829,746.6,3,15.82
190.3,0,125.2,166.6,6.06410256410256,1079,774.913372093023,3,12.55
278.636723163842,73.485871559633,54.272760511883,159.2,11.7,1043.6,771.9,47.7102272727273,15.61
194.7,73.485871559633,54.272760511883,170.2,6.06410256410256,971.024524714829,901.8,47.7102272727273,12.18
251.4,0,54.272760511883,181.377777777778,5.8,971.024524714829,754.3,3,11.98
278.636723163842,0,143.6,163.8,6.06410256410256,971.024524714829,900.9,14,16.88
278.636723163842,128.5,132.1,175.1,6.06410256410256,971.024524714829,746.6,14,33.09
178,73.485871559633,54.272760511883,181.377777777778,3.6,1007.3,746.8,14,34.24
167.4,129.9,54.272760511883,175.5,7.8,971.024524714829,746.6,14,31.81
278.636723163842,13.6,172.4,181.377777777778,4.1,971.024524714829,856.4,14,29.75
173.5,50.1,54.272760511883,181.377777777778,6.5,1006.2,793.5,14,33.01
167,73.485871559633,54.272760511883,164,7.9,971.024524714829,774.913372093023,47.7102272727273,32.9
173.8,73.485871559633,159.9,172.3,6.06410256410256,1007.2,746.6,14,29.55
190.3,0,125.2,166.6,9.9,971.024524714829,798.9,47.7102272727273,19.42
278.636723163842,0,95.7,181.377777777778,5.3,948.9,774.913372093023,47.7102272727273,24.66
213.5,73.485871559633,174.2,181.377777777778,6.06410256410256,1043.6,771.9,47.7102272727273,29.59
278.636723163842,0,100.5,181.377777777778,7.5,998,901.8,14,24.28
251.4,0,118.3,181.377777777778,5.8,1043.6,754.3,14,20.73
278.636723163842,0,143.6,181.377777777778,0,971.024524714829,900.9,28,26.2
165,128.5,132.1,175.1,6.06410256410256,1005.8,746.6,47.7102272727273,46.39
178,73.485871559633,118.6,179.9,3.6,1007.3,746.8,28,39.16
167.4,129.9,54.272760511883,175.5,7.8,971.024524714829,746.6,28,41.2
172.4,13.6,172.4,156.8,6.06410256410256,1006.3,856.4,28,33.69
173.5,50.1,173.5,164.8,6.5,971.024524714829,793.5,47.7102272727273,38.2
278.636723163842,93.4,159.9,172.3,9.7,1007.2,746.6,47.7102272727273,37.81
190.3,0,125.2,166.6,6.06410256410256,1079,774.913372093023,28,24.85
278.636723163842,0,95.7,191.8,5.3,948.9,857.2,28,27.22
278.636723163842,0,54.272760511883,159.2,11.7,971.024524714829,774.913372093023,28,44.64
194.7,0,100.5,170.2,7.5,971.024524714829,901.8,47.7102272727273,37.27
165,0,143.6,163.8,0,1005.6,900.9,56,36.56
165,128.5,132.1,175.1,6.06410256410256,971.024524714829,746.6,47.7102272727273,53.72
178,73.485871559633,54.272760511883,179.9,6.06410256410256,1007.3,746.8,56,48.59
167.4,129.9,128.6,175.5,7.8,1006.3,746.6,56,51.72
172.4,13.6,172.4,156.8,4.1,971.024524714829,856.4,56,35.85
278.636723163842,75.4,167,181.377777777778,7.9,1007.3,774.913372093023,47.7102272727273,53.46
173.8,73.485871559633,159.9,181.377777777778,9.7,971.024524714829,746.6,56,48.99
190.3,0,125.2,166.6,9.9,971.024524714829,798.9,47.7102272727273,31.72
278.636723163842,0,54.272760511883,191.8,5.3,948.9,774.913372093023,56,39.64
213.5,0,174.2,159.2,11.7,1043.6,771.9,56,51.26
251.4,73.485871559633,118.3,192.9,5.8,1043.6,774.913372093023,56,39.27
165,0,143.6,163.8,0,971.024524714829,774.913372093023,47.7102272727273,37.96
278.636723163842,128.5,54.272760511883,181.377777777778,8.1,1005.8,746.6,100,55.02
178,129.8,118.6,179.9,3.6,1007.3,746.8,100,49.99
172.4,73.485871559633,172.4,181.377777777778,4.1,971.024524714829,856.4,100,37.68
173.5,73.485871559633,173.5,164.8,6.5,971.024524714829,793.5,100,56.06
167,73.485871559633,167,164,6.06410256410256,1007.3,770.1,100,56.81
173.8,73.485871559633,54.272760511883,172.3,6.06410256410256,1007.2,746.6,47.7102272727273,50.94
250,0,95.7,181.377777777778,6.06410256410256,971.024524714829,857.2,47.7102272727273,41.16
213.5,0,54.272760511883,159.2,11.7,971.024524714829,771.9,47.7102272727273,52.96
278.636723163842,73.485871559633,100.5,170.2,7.5,971.024524714829,901.8,47.7102272727273,44.28
251.4,0,54.272760511883,192.9,5.8,971.024524714829,754.3,47.7102272727273,40.15
446,24,79,162,11.6,967,712,28,57.03
278.636723163842,73.485871559633,79,162,10.3,967,774.913372093023,47.7102272727273,53.39
278.636723163842,73.485871559633,79,162,11.6,967,712,47.7102272727273,35.36
278.636723163842,24,54.272760511883,181.377777777778,11.6,971.024524714829,712,3,25.02
446,73.485871559633,79,162,11.6,967,774.913372093023,3,23.35
446,24,79,162,6.06410256410256,967,712,7,39.3
278.636723163842,73.485871559633,79,162,11.6,967,774.913372093023,56,56.14
278.636723163842,73.485871559633,54.272760511883,162,11.6,967,712,56,55.25
446,73.485871559633,79,162,10.3,971.024524714829,774.913372093023,56,54.77
278.636723163842,73.485871559633,94,157,6.06410256410256,938,774.913372093023,28,46.68
278.636723163842,20,94,157,14.3,971.024524714829,845,47.7102272727273,22.75
387,73.485871559633,94,181.377777777778,13.9,971.024524714829,845,3,25.51
278.636723163842,73.485871559633,94,157,6.06410256410256,938,774.913372093023,47.7102272727273,34.77
387,20,94,157,14.3,938,845,7,36.84
278.636723163842,20,54.272760511883,181.377777777778,6.06410256410256,971.024524714829,845,7,41.67
387,20,94,157,6.06410256410256,971.024524714829,845,56,56.34
387,20,94,157,6.06410256410256,938,774.913372093023,56,47.97
387,73.485871559633,94,157,11.6,938,774.913372093023,56,61.46
491,26,54.272760511883,210,3.9,882,699,28,55.55
491,26,123,181.377777777778,3.9,822,774.913372093023,28,57.92
491,26,123,210,6.06410256410256,882,699,3,25.61
491,73.485871559633,123,210,3.9,882,774.913372093023,7,33.49
491,26,123,201,6.06410256410256,822,774.913372093023,47.7102272727273,29.55
491,26,54.272760511883,201,3.9,971.024524714829,699,47.7102272727273,37.92
491,26,123,201,3.9,822,774.913372093023,47.7102272727273,61.86
424,22,54.272760511883,181.377777777778,8.5,822,750,47.7102272727273,62.05
424,22,54.272760511883,178,6.06410256410256,882,750,47.7102272727273,32.01
278.636723163842,22,132,181.377777777778,8.5,971.024524714829,750,47.7102272727273,39
424,22,132,178,8.5,971.024524714829,750,56,65.7
424,22,132,168,6.06410256410256,822,750,3,32.11
424,22,132,168,8.9,971.024524714829,750,7,40.29
424,22,54.272760511883,181.377777777778,6.06410256410256,822,750,56,74.36
202,11,54.272760511883,206,1.7,971.024524714829,801,47.7102272727273,21.97
202,11,141,181.377777777778,1.7,942,774.913372093023,47.7102272727273,9.85
278.636723163842,15,141,181.377777777778,5.5,842,774.913372093023,28,43.73
278.636723163842,73.485871559633,141,179,5.5,842,801,47.7102272727273,13.4
284,15,54.272760511883,179,5.5,971.024524714829,801,7,24.13
359,19,141,154,10.9,942,774.913372093023,28,62.94
278.636723163842,73.485871559633,141,154,10.9,942,774.913372093023,47.7102272727273,59.49
359,19,141,154,6.06410256410256,942,801,3,25.12
359,19,141,181.377777777778,10.9,942,801,3,23.64
359,73.485871559633,141,154,10.9,971.024524714829,801,7,35.75
359,19,141,154,10.9,942,801,47.7102272727273,38.61
359,19,141,154,10.9,971.024524714829,801,56,68.75
436,0,54.272760511883,218,0,971.024524714829,774.913372093023,28,23.85
289,0,54.272760511883,181.377777777778,0,971.024524714829,895.3,90,32.07
289,0,0,192,0,913.2,895.3,3,11.65
393,0,0,192,0,971.024524714829,785.6,90,48.85
278.636723163842,0,0,181.377777777778,0,940.6,785.6,28,39.6
480,0,0,192,0,936.2,712.2,28,43.94
480,0,54.272760511883,181.377777777778,0,936.2,774.913372093023,7,34.57
480,0,0,181.377777777778,0,971.024524714829,712.2,47.7102272727273,24.4
278.636723163842,0,0,192,0,931.2,842.6,47.7102272727273,15.62
255,0,0,192,0,889.8,945,90,21.86
278.636723163842,73.485871559633,0,192,6.06410256410256,889.8,774.913372093023,7,10.22
255,73.485871559633,0,192,0,889.8,945,28,18.75
333,0,0,192,0,931.2,774.913372093023,47.7102272727273,23.4
393,0,0,192,0,940.6,785.6,7,27.74
278.636723163842,0,54.272760511883,192,0,889.8,774.913372093023,47.7102272727273,8.2
158.8,238.2,0,185.7,0,1040.6,734.3,7,9.62
278.636723163842,73.485871559633,0,185.7,0,971.024524714829,724.3,7,17.24
272.8,181.9,0,185.7,0,971.024524714829,714.3,7,19.77
239.6,359.4,54.272760511883,185.7,6.06410256410256,941.6,664.3,28,39.44
220.8,147.2,0,185.7,0,1055,744.3,28,25.75
397,0,0,185.7,0,1040.6,734.3,28,33.08
278.636723163842,0,0,181.377777777778,0,1047.8,774.913372093023,7,24.07
210.7,73.485871559633,54.272760511883,185.7,6.06410256410256,977,689.3,7,21.82
295.8,73.485871559633,0,185.7,6.06410256410256,971.024524714829,774.913372093023,7,14.84
278.636723163842,170.3,0,185.7,0,971.024524714829,724.3,28,32.05
203.5,135.7,0,185.7,0,1076.2,759.3,7,11.96
397,73.485871559633,54.272760511883,185.7,0,971.024524714829,734.3,47.7102272727273,25.45
381.4,73.485871559633,0,185.7,0,1104.6,784.3,47.7102272727273,22.49
295.8,0,0,185.7,0,1091.4,774.913372093023,28,25.22
278.636723163842,342.1,54.272760511883,185.7,6.06410256410256,955.8,674.3,47.7102272727273,39.7
238.1,0,54.272760511883,185.7,0,1118.8,774.913372093023,28,17.58
339.2,0,0,181.377777777778,0,971.024524714829,754.3,47.7102272727273,21.18
278.636723163842,203.5,54.272760511883,185.7,6.06410256410256,1076.2,759.3,47.7102272727273,18.2
193.5,73.485871559633,54.272760511883,185.7,0,998.2,704.3,7,17.2
203.5,73.485871559633,0,185.7,0,971.024524714829,759.3,28,22.63
290.2,193.5,0,185.7,6.06410256410256,998.2,774.913372093023,7,21.86
181.9,73.485871559633,0,185.7,0,1012.4,774.913372093023,7,12.37
278.636723163842,155.5,0,185.7,0,971.024524714829,774.913372093023,47.7102272727273,25.73
210.7,73.485871559633,0,185.7,0,971.024524714829,774.913372093023,28,37.81
290.2,73.485871559633,0,185.7,6.06410256410256,998.2,704.3,28,33.04
238.2,158.8,54.272760511883,185.7,0,1040.6,734.3,47.7102272727273,26.91
186.2,73.485871559633,0,181.377777777778,6.06410256410256,1083.4,774.913372093023,7,8
339.2,0,54.272760511883,185.7,0,971.024524714829,754.3,28,31.9
278.636723163842,0,0,185.7,0,1118.8,789.3,7,10.34
278.636723163842,73.485871559633,54.272760511883,185.7,0,1047.8,774.913372093023,28,37.44
278.636723163842,0,0,185.7,0,1111.6,784.3,47.7102272727273,11.48
316.1,210.7,0,185.7,0,977,774.913372093023,7,24.44
278.636723163842,73.485871559633,0,185.7,0,1083.4,764.3,28,17.6
170.3,155.5,0,185.7,0,1026.6,724.3,7,10.73
272.8,73.485871559633,0,185.7,0,1012.4,774.913372093023,47.7102272727273,31.38
339,73.485871559633,54.272760511883,181.377777777778,6.06410256410256,968,781,47.7102272727273,13.22
339,0,0,197,6.06410256410256,968,781,7,20.97
339,73.485871559633,0,197,6.06410256410256,968,774.913372093023,47.7102272727273,27.04
339,0,0,181.377777777778,0,971.024524714829,781,90,35.17
278.636723163842,0,54.272760511883,181.377777777778,0,968,774.913372093023,180,36.45
339,73.485871559633,0,197,6.06410256410256,968,781,365,38.89
236,0,0,194,0,971.024524714829,885,28,18.42
236,0,0,194,6.06410256410256,968,885,90,21.95
236,0,0,193,0,968,774.913372093023,47.7102272727273,24.1
236,0,54.272760511883,181.377777777778,0,971.024524714829,774.913372093023,365,25.08
278.636723163842,73.485871559633,0,191,0,968,774.913372093023,47.7102272727273,21.26
278.636723163842,0,0,191,0,968,774.913372093023,3,11.36
277,73.485871559633,54.272760511883,181.377777777778,0,968,856,180,32.33
277,73.485871559633,54.272760511883,191,0,968,774.913372093023,360,33.7
254,0,0,198,0,968,863,3,9.31
278.636723163842,0,54.272760511883,198,0,968,863,90,26.94
254,0,0,181.377777777778,6.06410256410256,968,863,47.7102272727273,27.63
278.636723163842,0,54.272760511883,193,0,968,812,180,34.49
278.636723163842,73.485871559633,0,193,0,971.024524714829,774.913372093023,47.7102272727273,36.15
200,0,0,180,0,1125,774.913372093023,7,7.84
278.636723163842,0,0,180,0,971.024524714829,774.913372093023,28,12.25
225,73.485871559633,0,181,6.06410256410256,971.024524714829,833,7,11.17
325,0,54.272760511883,184,6.06410256410256,1063,783,28,30.57
275,0,0,181.377777777778,6.06410256410256,1088,774.913372093023,28,24.5
300,0,0,181.377777777778,0,971.024524714829,795,28,26.85
375,73.485871559633,54.272760511883,186,0,1038,758,7,26.06
375,0,54.272760511883,186,0,971.024524714829,774.913372093023,28,38.21
400,73.485871559633,0,187,0,971.024524714829,745,7,30.14
250,0,0,181.377777777778,0,1100,774.913372093023,28,20.87
278.636723163842,0,54.272760511883,181.377777777778,6.06410256410256,971.024524714829,774.913372093023,7,20.28
203.5,73.485871559633,0,203.5,6.06410256410256,963.4,630,7,19.54
250.2,166.8,0,203.5,6.06410256410256,971.024524714829,694.1,90,47.71
278.636723163842,236,54.272760511883,192,0,971.024524714829,781.2,90,43.38
141.3,212,0,203.5,6.06410256410256,971.8,774.913372093023,47.7102272727273,29.89
122.6,183.9,0,181.377777777778,0,958.2,800.1,90,33.19
278.636723163842,122.6,0,181.377777777778,0,959.2,800,3,4.9
102,153,0,192,0,887,942,47.7102272727273,25.46
278.636723163842,183.9,54.272760511883,203.5,0,958.2,800.1,47.7102272727273,24.29
166.8,250.2,54.272760511883,181.377777777778,0,975.6,774.913372093023,47.7102272727273,33.95
278.636723163842,133,0,192,0,965.4,774.913372093023,47.7102272727273,11.41
108.3,162.4,54.272760511883,203.5,0,971.024524714829,849,28,20.59
278.636723163842,203.5,0,181.377777777778,0,965.4,774.913372093023,7,25.89
278.636723163842,162.4,54.272760511883,203.5,0,938.2,849,90,29.23
278.636723163842,173,0,192,0,909.8,891.9,90,31.02
278.636723163842,166.8,0,203.5,6.06410256410256,971.024524714829,774.913372093023,47.7102272727273,19.35
173,116,0,181.377777777778,0,946.8,856.8,7,11.39
192,73.485871559633,54.272760511883,192,6.06410256410256,929.8,774.913372093023,47.7102272727273,12.79
192,288,0,192,0,971.024524714829,716.1,28,39.32
153,102,0,192,6.06410256410256,888,774.913372093023,47.7102272727273,4.78
288,192,0,192,0,932,774.913372093023,47.7102272727273,16.11
305.3,73.485871559633,0,203.5,0,965.4,631,28,43.38
236,157,54.272760511883,192,0,972.6,749.1,47.7102272727273,20.42
173,116,0,192,6.06410256410256,946.8,856.8,47.7102272727273,6.94
236,157,0,192,0,972.6,749.1,3,13.57
183.9,122.6,0,203.5,0,959.2,774.913372093023,47.7102272727273,32.53
166.8,73.485871559633,0,181.377777777778,0,975.6,774.913372093023,7,15.75
102,153,0,192,0,887,942,28,17.28
173,116,54.272760511883,192,0,946.8,856.8,28,24.28
183.9,73.485871559633,0,181.377777777778,0,971.024524714829,800,28,24.05
133,200,0,192,0,971.024524714829,839.2,90,36.59
278.636723163842,288,54.272760511883,181.377777777778,0,929.8,716.1,47.7102272727273,50.73
133,200,0,192,0,927.4,774.913372093023,7,13.66
305.3,203.5,54.272760511883,181.377777777778,6.06410256410256,965.4,631,3,14.14
236,157,0,192,0,972.6,749.1,47.7102272727273,47.78
278.636723163842,162.4,0,203.5,6.06410256410256,938.2,849,3,2.33
157,236,0,181.377777777778,0,935.4,781.2,47.7102272727273,16.89
278.636723163842,192,0,181.377777777778,6.06410256410256,932,717.8,47.7102272727273,23.52
212,141.3,0,203.5,0,971.024524714829,750,3,6.81
153,102,0,192,0,888,774.913372093023,28,17.96
203.5,73.485871559633,54.272760511883,181.377777777778,0,963.4,774.913372093023,28,41.68
133,200,54.272760511883,192,6.06410256410256,927.4,839.2,47.7102272727273,6.88
288,73.485871559633,0,192,6.06410256410256,932,717.8,90,50.53
250.2,73.485871559633,54.272760511883,181.377777777778,0,977.6,694.1,3,9.73
278.636723163842,183.9,0,181.377777777778,6.06410256410256,971.024524714829,800.1,3,3.32
153,73.485871559633,0,192,0,888,943.1,90,26.32
200,133,0,192,6.06410256410256,965.4,806.2,47.7102272727273,43.25
278.636723163842,73.485871559633,0,192,0,971.024524714829,891.9,3,6.28
173,116,54.272760511883,181.377777777778,0,971.024524714829,856.8,90,32.1
250.2,73.485871559633,0,181.377777777778,6.06410256410256,971.024524714829,694.1,28,36.96
305.3,203.5,0,181.377777777778,0,971.024524714829,774.913372093023,90,54.6
192,73.485871559633,54.272760511883,192,0,929.8,774.913372093023,47.7102272727273,21.48
278.636723163842,236,54.272760511883,181.377777777778,6.06410256410256,935.4,781.2,3,9.69
153,73.485871559633,0,192,6.06410256410256,888,943.1,47.7102272727273,8.37
278.636723163842,73.485871559633,0,203.5,0,971.8,774.913372093023,90,39.66
278.636723163842,173,54.272760511883,181.377777777778,6.06410256410256,971.024524714829,774.913372093023,47.7102272727273,10.09
122.6,183.9,0,203.5,0,958.2,774.913372093023,7,10.35
278.636723163842,250.2,0,203.5,6.06410256410256,975.6,692.6,90,43.57
203.5,305.3,0,203.5,6.06410256410256,963.4,774.913372093023,90,51.86
310,0,0,181.377777777778,0,1012,774.913372093023,47.7102272727273,11.85
310,0,54.272760511883,192,0,971.024524714829,830,7,17.24
310,73.485871559633,0,181.377777777778,0,1012,830,90,35.76
310,0,0,192,6.06410256410256,971.024524714829,830,47.7102272727273,38.7
278.636723163842,73.485871559633,0,192,0,1025,821,3,14.31
278.636723163842,0,0,192,6.06410256410256,971.024524714829,774.913372093023,7,17.44
331,0,54.272760511883,181.377777777778,0,1025,821,28,31.74
331,73.485871559633,54.272760511883,181.377777777778,0,971.024524714829,821,90,37.91
331,0,54.272760511883,192,0,1025,774.913372093023,47.7102272727273,39.38
349,0,0,181.377777777778,0,1056,809,47.7102272727273,15.87
349,0,0,192,6.06410256410256,1056,809,47.7102272727273,9.01
349,73.485871559633,0,192,0,971.024524714829,809,90,40.66
349,0,0,181.377777777778,0,1056,809,120,40.86
297,73.485871559633,0,181.377777777778,0,971.024524714829,734,7,30.96
480,0,54.272760511883,192,6.06410256410256,971.024524714829,774.913372093023,28,43.89
480,73.485871559633,0,192,0,936,721,47.7102272727273,54.28
278.636723163842,0,0,186,0,1104,774,7,14.5
278.636723163842,0,0,181.377777777778,6.06410256410256,971.024524714829,774,28,22.44
500,73.485871559633,0,181.377777777778,0,1125,613,1,12.64
500,73.485871559633,0,181.377777777778,0,1125,774.913372093023,3,26.06
278.636723163842,73.485871559633,0,181.377777777778,6.06410256410256,1125,613,7,33.21
278.636723163842,0,54.272760511883,200,0,1125,774.913372093023,14,36.94
278.636723163842,0,0,173,6.06410256410256,1125,774.913372093023,7,52.61
540,0,0,173,6.06410256410256,1125,613,90,69.66
540,0,0,173,0,971.024524714829,613,180,71.62
540,73.485871559633,54.272760511883,181.377777777778,6.06410256410256,1125,613,270,74.17
278.636723163842,0,54.272760511883,203,6.06410256410256,971.024524714829,775,7,18.13
278.636723163842,0,0,203,0,971.024524714829,774.913372093023,14,22.53
278.636723163842,0,0,203,0,974,775,47.7102272727273,27.34
278.636723163842,73.485871559633,0,203,6.06410256410256,974,774.913372093023,56,29.98
278.636723163842,73.485871559633,54.272760511883,203,6.06410256410256,971.024524714829,774.913372093023,90,31.35
278.636723163842,0,0,203,0,974,774.913372093023,180,32.72
385,0,0,186,0,966,763,3,14.7
278.636723163842,0,0,186,0,966,774.913372093023,7,23.22
278.636723163842,0,0,181.377777777778,0,971.024524714829,763,47.7102272727273,27.92
385,0,0,186,6.06410256410256,971.024524714829,763,28,31.35
331,73.485871559633,0,192,0,971.024524714829,825,180,39
331,0,54.272760511883,181.377777777778,0,978,825,360,41.24
331,0,0,192,0,978,825,3,13.52
382,73.485871559633,0,186,6.06410256410256,971.024524714829,774.913372093023,7,24
278.636723163842,0,0,181.377777777778,0,971.024524714829,739,28,37.42
278.636723163842,0,0,181.377777777778,0,1111,784,7,11.47
278.636723163842,0,0,186,0,1104,774,47.7102272727273,22.44
278.636723163842,0,54.272760511883,185,6.06410256410256,971.024524714829,774.913372093023,47.7102272727273,21.16
278.636723163842,0,0,185,0,1069,754,28,31.84
278.636723163842,73.485871559633,0,185,0,1069,769,7,14.8
278.636723163842,73.485871559633,0,185,6.06410256410256,971.024524714829,774.913372093023,28,25.18
278.636723163842,0,0,185,6.06410256410256,1118,789,47.7102272727273,17.54
278.636723163842,0,0,181.377777777778,6.06410256410256,1085,765,28,21.65
296,0,54.272760511883,192,0,1085,765,90,29.39
278.636723163842,0,0,192,0,971.024524714829,825,3,13.52
278.636723163842,0,0,192,0,978,825,7,16.26
331,0,0,181.377777777778,0,978,825,47.7102272727273,31.45
349,0,54.272760511883,192,0,1047,806,7,18.13
349,0,0,181.377777777778,0,1047,774.913372093023,90,39.49
349,0,0,192,0,1047,774.913372093023,180,41.05
349,0,0,192,0,1047,774.913372093023,47.7102272727273,42.13
302,0,54.272760511883,181.377777777778,0,971.024524714829,774.913372093023,14,18.13
278.636723163842,73.485871559633,0,203,0,974,774.913372093023,180,26.74
500,73.485871559633,0,181.377777777778,0,1125,613,90,47.22
500,0,0,181.377777777778,0,1125,613,47.7102272727273,55.16
278.636723163842,73.485871559633,0,181.377777777778,0,1125,613,3,41.64
252,73.485871559633,0,185,0,1111,784,7,13.71
278.636723163842,0,0,185,0,1111,784,28,19.69
339,0,0,185,0,971.024524714829,754,47.7102272727273,31.65
278.636723163842,0,0,192,0,940,758,28,39.58
393,73.485871559633,0,181.377777777778,0,971.024524714829,758,90,48.79
278.636723163842,0,0,185,0,971.024524714829,739,47.7102272727273,24
252,0,54.272760511883,181.377777777778,0,1111,784,47.7102272727273,11.47
310,0,0,192,0,970,850,47.7102272727273,14.99
278.636723163842,0,54.272760511883,192,0,970,774.913372093023,28,27.92
310,73.485871559633,0,181.377777777778,6.06410256410256,970,850,47.7102272727273,37.33
278.636723163842,0,54.272760511883,192,0,971.024524714829,850,47.7102272727273,38.11
525,0,54.272760511883,189,0,1125,613,3,33.8
525,0,54.272760511883,189,0,1125,613,47.7102272727273,42.42
525,73.485871559633,0,189,0,1125,613,28,55.94
525,73.485871559633,0,189,6.06410256410256,971.024524714829,613,270,67.11
278.636723163842,0,54.272760511883,181.377777777778,6.06410256410256,974,800,14,20.77
278.636723163842,73.485871559633,0,203,0,974,774.913372093023,28,25.18
322,0,54.272760511883,181.377777777778,0,974,800,180,29.59
302,0,0,203,0,971.024524714829,817,47.7102272727273,21.75
397,0,0,181.377777777778,6.06410256410256,1040,734,28,39.09
278.636723163842,0,54.272760511883,192,6.06410256410256,936,721,3,24.39
278.636723163842,0,0,146,0,971.024524714829,774.913372093023,47.7102272727273,50.51
278.636723163842,105,54.272760511883,181.377777777778,9,904,680,47.7102272727273,37.17
278.636723163842,190,148,179,19,838,741,28,33.76
278.636723163842,144,54.272760511883,220,10,971.024524714829,658,28,16.5
278.636723163842,140,0,214,6,895,722,28,33.42
374,73.485871559633,0,190,7,1013,730,28,39.05
159,149,116,181.377777777778,15,953,720,28,27.68
278.636723163842,239,0,181.377777777778,6.06410256410256,971.024524714829,684,47.7102272727273,26.86
305,0,100,196,10,959,705,28,30.12
278.636723163842,0,54.272760511883,167,12,991,772,47.7102272727273,15.57
142,167,54.272760511883,174,11,971.024524714829,774.913372093023,28,44.61
278.636723163842,137,54.272760511883,181.377777777778,6.06410256410256,971.024524714829,655,47.7102272727273,53.52
321,73.485871559633,0,181.377777777778,5,870,774,28,57.21
252,97,76,194,8,835,821,28,33.4
165,0,150,181.377777777778,6.06410256410256,971.024524714829,729,47.7102272727273,18.03
156,243,0,181.377777777778,6.06410256410256,1022,698,28,37.36
160,188,146,203,11,829,774.913372093023,28,32.84
298,0,54.272760511883,186,6,879,774.913372093023,28,42.64
318,0,126,210,6,861,774.913372093023,47.7102272727273,40.06
326,166,0,181.377777777778,9,971.024524714829,790,28,61.23
278.636723163842,73.485871559633,54.272760511883,193,11,801,774.913372093023,47.7102272727273,40.87
132,207,161,179,5,971.024524714829,736,28,33.3
322,149,0,186,8,971.024524714829,709,28,52.42
164,0,54.272760511883,181.377777777778,13,971.024524714829,774.913372093023,28,15.09
321,73.485871559633,128,181.377777777778,6.06410256410256,971.024524714829,780,47.7102272727273,37.26
278.636723163842,73.485871559633,54.272760511883,181.377777777778,7,908,829,28,42.13
278.636723163842,73.485871559633,86,195,6,971.024524714829,790,28,41.54
160,250,0,168,6.06410256410256,1049,688,28,39.45
278.636723163842,260,0,181.377777777778,13,971.024524714829,827,28,37.91
278.636723163842,100,78,181.377777777778,9,971.024524714829,774.913372093023,28,32.4
278.636723163842,92,71,181.377777777778,6.06410256410256,971.024524714829,774.913372093023,28,28.63
313,0,54.272760511883,178,8,971.024524714829,689,47.7102272727273,36.8
155,73.485871559633,54.272760511883,193,9,1047,697,28,18.28
146,73.485871559633,0,202,3,827,774.913372093023,28,33.06
278.636723163842,0,54.272760511883,221,11,819,778,28,31.42
278.636723163842,210,0,181.377777777778,3,949,795,47.7102272727273,31.03
313,73.485871559633,0,178,8,867,774.913372093023,47.7102272727273,44.39
153,73.485871559633,54.272760511883,178,8,1002,774.913372093023,28,25.56
140,73.485871559633,54.272760511883,181.377777777778,7,971.024524714829,774.913372093023,28,36.44
149,236,0,176,13,847,893,28,32.96
153,145,113,178,8,867,774.913372093023,28,26.23
278.636723163842,145,0,178,8,1000,822,47.7102272727273,19.01
262,111,86,195,6.06410256410256,971.024524714829,774.913372093023,47.7102272727273,33.72
278.636723163842,0,54.272760511883,181.377777777778,11,971.024524714829,774.913372093023,28,8.54
151,73.485871559633,54.272760511883,167,16,971.024524714829,678,47.7102272727273,13.46
273,0,90,199,11,971.024524714829,762,28,32.24
149,73.485871559633,54.272760511883,183,7,953,780,47.7102272727273,23.52
313,73.485871559633,54.272760511883,178,10,971.024524714829,774.913372093023,47.7102272727273,52.44
284,120,0,181.377777777778,7,971.024524714829,794,28,40.93
336,0,0,181.377777777778,6.06410256410256,986,774.913372093023,47.7102272727273,44.86
278.636723163842,73.485871559633,134,181,11,979,774.913372093023,28,13.2
150,73.485871559633,0,174,12,971.024524714829,675,28,37.43
144,73.485871559633,133,192,8,971.024524714829,805,28,29.87
278.636723163842,170,0,195,6.06410256410256,971.024524714829,774.913372093023,28,56.61
155,0,143,181.377777777778,9,971.024524714829,697,28,12.46
155,183,0,193,6.06410256410256,971.024524714829,774.913372093023,47.7102272727273,23.79
278.636723163842,0,166,180,10,961,805,28,13.29
266,112,87,178,10,910,774.913372093023,47.7102272727273,39.42
313,145,0,127,8,1000,774.913372093023,28,44.52
148,0,54.272760511883,181,15,971.024524714829,884,28,15.52
278.636723163842,0,107,181.377777777778,13,953,774.913372093023,28,35.86
278.636723163842,145,54.272760511883,181.377777777778,8,1002,689,28,41.05
155,184,54.272760511883,181.377777777778,6.06410256410256,971.024524714829,699,47.7102272727273,28.99
278.636723163842,73.485871559633,0,171,2,1000,774.913372093023,47.7102272727273,26.92
145,0,54.272760511883,181.377777777778,8,824,774.913372093023,47.7102272727273,10.54
313,0,0,178,8,971.024524714829,822,28,25.1
155,0,143,193,9,971.024524714829,868,28,9.74
162,207,172,216,6.06410256410256,971.024524714829,774.913372093023,28,39.84
136,196,54.272760511883,199,6,847,783,28,26.97
164,163,128,197,8,961,641,28,27.23
157,214,152,181.377777777778,9,819,704,28,33.05
149,153,194,181.377777777778,8,971.024524714829,623,47.7102272727273,24.58
135,73.485871559633,54.272760511883,181.377777777778,6,965,643,28,21.91
159,209,161,201,7,848,774.913372093023,47.7102272727273,30.88
144,73.485871559633,195,181.377777777778,6,1021,774.913372093023,28,15.34
154,174,185,228,7,845,612,28,24.34
156,178,187,181.377777777778,6.06410256410256,971.024524714829,774.913372093023,28,29.41
278.636723163842,0,113,178.5,8,1001.9,688.7,28,36.8
145.9,230.5,0,202.5,3.4,827,871.8,28,32.72
278.636723163842,0,106.7,221.4,6.06410256410256,971.024524714829,778.4,28,31.42
133.1,73.485871559633,54.272760511883,195.7,3.1,971.024524714829,795.3,28,28.94
313.3,145,0,178.5,6.06410256410256,867.2,824,47.7102272727273,40.93
139.9,73.485871559633,103.3,181.377777777778,6.06410256410256,971.024524714829,753.4,28,36.44
299.8,0,119.8,211.5,9.9,878.2,727.6,47.7102272727273,23.84
153.1,145,54.272760511883,181.377777777778,6.06410256410256,867.2,824,28,26.23
148.1,0,136.6,158.1,6.06410256410256,1001.8,830.1,47.7102272727273,17.96
152.7,144.7,0,181.377777777778,8,999.7,774.913372093023,28,19.01
261.9,73.485871559633,86.1,195.4,5,895.2,732.6,47.7102272727273,33.72
158.4,73.485871559633,54.272760511883,181.377777777778,11,897.7,712.9,47.7102272727273,8.54
278.636723163842,0,54.272760511883,166.7,15.6,1074.5,774.913372093023,28,13.46
272.6,0,54.272760511883,198.7,10.6,931.3,762.2,47.7102272727273,32.25
149,117.6,91.7,182.9,7.1,953.4,780.3,47.7102272727273,23.52
278.636723163842,100.6,54.272760511883,181.377777777778,10.4,971.024524714829,762.9,28,49.77
278.636723163842,119.7,0,168.3,7.2,970.4,794.2,47.7102272727273,40.93
336.5,0,0,181.9,3.4,971.024524714829,816.8,28,44.87
278.636723163842,0,133.6,180.8,6.06410256410256,979.5,811.5,28,13.2
143.7,170.2,132.6,181.377777777778,6.06410256410256,814.1,805.3,28,29.87
330.5,73.485871559633,0,181.377777777778,8.1,811,774.913372093023,47.7102272727273,56.62
154.8,73.485871559633,142.8,193.3,6.06410256410256,971.024524714829,696.7,28,12.46
154.8,183.4,0,193.3,6.06410256410256,971.024524714829,774.913372093023,28,23.79
134.7,0,54.272760511883,180.2,10,961,804.9,47.7102272727273,13.29
266.2,112.3,87.5,181.377777777778,10.4,971.024524714829,774.913372093023,28,39.42
314,145.3,113.2,181.377777777778,6.06410256410256,869.1,690.2,28,46.23
312.7,144.7,0,127.3,8,999.7,822.2,47.7102272727273,44.52
145.7,172.6,0,181.9,6.06410256410256,985.8,774.913372093023,47.7102272727273,23.74
278.636723163842,136.3,106.2,178.1,7.5,971.024524714829,774.3,47.7102272727273,26.15
148.1,0,182.1,181.4,15,838.9,884.3,28,15.53
277,73.485871559633,91,181.377777777778,6.06410256410256,971.024524714829,665.6,47.7102272727273,43.58
313.3,145,0,178.5,6.06410256410256,1001.9,774.913372093023,47.7102272727273,41.05
278.636723163842,73.485871559633,143.2,193.8,6.06410256410256,879.6,698.5,47.7102272727273,28.99
289,133.7,54.272760511883,194.9,6.06410256410256,924.1,760.1,28,46.25
145.4,0,178.9,201.7,7.8,971.024524714829,774.913372093023,47.7102272727273,10.54
278.636723163842,161.6,54.272760511883,181.377777777778,10.4,971.024524714829,774.913372093023,47.7102272727273,29.07
278.636723163842,0,142.8,193.3,6.06410256410256,877.2,867.7,28,9.74
272.8,73.485871559633,54.272760511883,209.7,9,971.024524714829,774.913372093023,28,37.17
162,190.1,148.1,178.8,18.8,838.1,741.4,28,33.76
153.6,144.2,112.3,220.1,10.1,923.2,657.9,28,16.5
146.5,114.6,54.272760511883,201.9,8.8,860,829.5,28,19.99
151.8,178.1,138.7,181.377777777778,18.3,944,694.6,28,36.35
309.9,142.8,111.2,167.8,22.1,913.9,774.913372093023,28,38.22
143.6,0,54.272760511883,158.4,6.06410256410256,971.024524714829,844.5,28,15.42
278.636723163842,139.9,0,213.5,6.06410256410256,971.024524714829,722.5,28,33.42
304.8,0,99.6,196,9.8,959.4,705.2,28,30.12
150.9,0,54.272760511883,166.6,11.6,991.2,774.913372093023,28,15.57
141.9,73.485871559633,129.7,181.377777777778,6.06410256410256,882.6,785.3,28,44.61
297.8,137.2,106.9,201.3,6,878.4,774.913372093023,28,53.52
321.3,73.485871559633,0,190.5,4.6,870,774,28,57.22
366,187,0,191.3,6.06410256410256,824.3,756.9,28,65.91
279.8,128.9,100.4,172.4,9.5,825.1,774.913372093023,28,52.83
252.1,73.485871559633,75.6,193.8,8.3,835.5,821.4,28,33.4
155.6,73.485871559633,0,180.3,6.06410256410256,971.024524714829,697.7,47.7102272727273,37.36
160.2,188,146.4,181.377777777778,11.3,828.7,709.7,28,35.31
298.1,0,54.272760511883,181.377777777778,6.1,879,815.2,47.7102272727273,42.64
317.9,0,54.272760511883,209.7,5.7,860.5,736.6,28,40.06
325.6,166.4,0,174,8.9,971.024524714829,774.913372093023,28,61.24
355.9,0,141.6,181.377777777778,11,801.4,774.913372093023,28,40.87
132,73.485871559633,54.272760511883,178.9,5.5,971.024524714829,735.6,28,33.31
322.5,148.6,0,181.377777777778,6.06410256410256,951,709.5,28,52.43
278.636723163842,0,200.1,181.2,6.06410256410256,849.3,846,28,15.09
321.4,0,127.9,182.5,6.06410256410256,971.024524714829,774.913372093023,47.7102272727273,37.27
139.7,163.9,54.272760511883,181.377777777778,6.06410256410256,868.6,774.913372093023,28,35.23
278.636723163842,73.485871559633,0,177.4,7,907.9,829.5,28,42.14
298.2,0,107,209.7,11.1,879.6,744.2,28,31.88
264.5,111,86.5,195.5,5.9,971.024524714829,774.913372093023,28,41.54
166,259.7,0,181.377777777778,12.7,858.8,774.913372093023,28,37.92
278.636723163842,116,90.3,179.6,8.9,870.1,774.913372093023,28,44.28
148.5,139.4,108.6,192.7,6.1,971.024524714829,780,28,23.7
278.636723163842,100.5,78.3,200.6,6.06410256410256,864.5,761.5,28,32.4
