525,0,0,185.7,2.5,1055,676,28,61.89
380,142.5,0,228,0,932,594,270,40.27
332.5,142.5,0,228,0,932,594,365,41.05
173,132.4,0,193,0,978.4,825.5,360,44.3
380,95,0,228,0,932,594,365,43.7
266,0,0,192,0,932,863,360,45.85
475,0,0,228,0,932,594,28,39.29
198.6,132.4,0,168.1,7.8,978.4,825.5,90,38.07
173,132.4,0,192,0,978.4,825.5,28,28.02
427.5,47.5,0,228,0,932,594,270,43.01
190,190,0,228,0,932,670,90,42.33
304,145,0,192,0,932,694.1,28,47.81
380,177,0,228,0,932,670,90,52.91
139.6,209.4,0,192,0,1047,806.9,90,39.36
342,38,0,228,0,932,670,365,56.14
380,95,0,228,0,932,594,90,40.56
139.6,209.4,0,192,0,1047,806.9,3,8.06
139.6,209.4,0,192,0,958.2,806.9,180,44.21
380,0,0,228,0,932,670,270,53.3
380,0,0,228,0,932,594,270,41.15
342,38,0,228,0,932,670,180,52.12
475,0,0,228,0,932,594,7,38.6
266,116,113.2,228,6,882.6,670,365,52.91
198.6,0,0,192,0,978.4,825.5,360,41.72
475,0,0,228,0,932,594,270,42.13
190,288,0,228,0,932,670,365,53.69
237.5,237.5,0,228,0,932,594,270,38.41
332.5,142.5,0,228,0,932,594,90,37.72
237.5,237.5,0,228,0,932,612,180,36.25
304,38,0,228,0,932,670,90,50.46
427.5,140,0,228,0,932,594,180,43.7
380,140,0,228,0,932,670,180,53.1
427.5,47.5,0,228,0,932,594,90,41.54
427.5,95,0,228,0,932,594,7,35.08
380,95,0,228,0,932,594,180,40.76
380,95,0,228,0,932,594,7,32.82
322.5,142.5,0,228,0,932,670,270,46.93
304,38,0,228,0,932,670,90,49.19
139.6,209.4,0,192,0,1047,806.9,7,14.59
198.6,132.4,0,192,0,959.2,825.5,7,14.64
475,0,0,228,0,932,594,365,41.93
304,76,0,228,0,932,670,365,50.95
332.5,142.5,0,228,0,932,594,28,33.02
304,76,0,228,0,932,670,90,54.38
266,114,0,228,0,932,670,270,51.73
190,190,0,228,0,932,670,270,50.66
366,105,0,228,0,932,670,365,55.06
139.6,209.4,0,192,0,1047,806.9,360,44.7
427.5,142.5,0,228,0,967,594,28,30.28
272.8,190,0,228,0,932,670,270,40.86
485,0,0,168,0,1120,676,28,71.99
156,262.2,0,176.5,6,1046.9,716.1,3,28.8
425,0,0,192,0,1056,803.7,28,36.3
475,118.8,0,181.1,8.9,852.1,781.5,3,37.8
469,117.2,0,137.8,32.2,852.1,840.5,3,40.2
425,117.2,0,153.5,16.5,852.1,852.1,3,33.4
388.6,22,0,157.9,20,852.1,925.7,3,28.1
425,97.1,0,153.5,16.5,852.1,840.5,7,33.4
318.8,212.5,0,155.7,14.3,852.1,880.4,3,25.2
401.8,94.7,0,147.4,16.5,946.8,852.1,3,41.1
362.6,282.8,0,164.9,11.6,944.7,664.3,3,35.3
323.7,282.8,0,183.8,10.3,814.1,659.9,28,28.3
362.6,359.4,0,157,11.6,944.7,674.3,3,35.3
286.3,144.7,0,158.5,11.2,1004.6,803.7,3,24.4
362.6,189,0,164.9,11.6,944.7,755.8,3,35.3
389.9,189,0,145.9,22,944.7,755.8,3,40.6
275,259.7,0,164.9,11.6,944.7,755.8,28,35.3
337.9,189,0,199,9.5,944.7,755.8,14,24.1
374,189.2,0,170.1,10.1,926.1,756.7,7,46.2
425,106.3,0,153.5,16.5,852.1,887.1,7,49.2
375,93.8,0,126.6,23.4,852.1,992.6,28,45.7
425,106.3,0,153.5,15.9,852.1,840.5,7,49.2
425,118.8,0,153.5,16.5,852.1,887.1,7,49.2
318.8,212.5,0,153.5,14.3,852.1,880.4,7,33.4
401.8,94.7,0,147.4,14.2,946.8,852.1,56,54.1
362.6,189,0,164.9,11.6,944.7,755.8,28,55.9
266,151.2,0,147.4,15.9,944.7,755.8,56,47.1
362.6,189,0,164.9,11.6,944.7,755.8,56,55.9
286.3,0,0,192,0,1004.6,803.7,28,38
389.9,106.3,0,144.7,22,944.7,875.6,7,59.09
362.6,189,0,164.9,11.6,944.7,755.8,7,22.9
332.5,189,0,174.9,9.5,944.7,755.8,7,35.1
374,189.2,0,170.1,10.1,926.1,756.7,28,61.09
425,106.3,0,153.5,16.5,852.1,887.1,28,60.29
375,106.3,0,126.6,23.4,852.1,992.6,28,56.7
475,118.8,79,181.1,8.9,852.1,781.5,28,68.3
388.6,97.1,0,157.9,16.5,852.1,925.7,28,50.7
531.3,0,0,141.8,28.2,852.1,852.1,28,56.4
389.9,106.3,0,151.4,16.5,967,875.6,28,60.29
475,94.7,0,147.4,16.5,852.1,852.1,28,68.5
362.6,189,0,164.9,11.8,944.7,755.8,28,71.3
323.7,189,0,183.8,10.3,942.7,659.9,28,74.7
425,24,0,153.9,15.9,967,605,28,52.2
362.6,189,0,164.9,11.6,944.7,755.8,28,71.3
286.3,200.9,87,144.7,28.2,953,803.7,28,67.7
362.6,189,0,164.9,11.8,944.7,755.8,28,71.3
439,177,0,186,8,884.9,707.9,28,66
389.9,189,0,145.9,23.4,944.7,755.8,28,74.5
362.6,189.2,0,164.9,11.6,944.7,755.8,28,71.3
266,189,0,174.9,9.5,944.7,755.8,28,49.9
374,189.2,0,170.1,10.1,926.1,756.7,56,63.4
313.3,262.2,143.6,189,7,1046.9,611.8,56,64.9
425,106.3,0,178,8.9,852.1,781.5,56,64.3
425,106.3,0,151.4,18.6,936,605,91,64.9
475,118.8,0,181.1,8.9,852.1,781.5,28,72.3
425,94.7,0,157.9,16.5,852.1,840.5,56,64.3
388.6,97.1,0,157.9,12.1,852.1,925.7,7,55.2
531.3,0,0,141.8,28.2,1006,893.7,7,58.8
425,106.3,0,144.7,22,852.1,887.1,91,64.3
401.8,94.7,0,147.4,16.5,946.8,852.1,28,73.7
362.6,189,0,191.3,6,944.7,755.8,56,77.3
379.5,151.2,0,155.7,15.9,944.7,755.8,56,54.9
362.6,189,0,164.9,11.6,944.7,756.7,91,77.3
425,145,0,144.7,5.7,1004.6,785.5,56,72.99
439,177,0,186,11,884.9,707.9,56,71.7
362.6,189,0,147.4,22,944.7,755.8,91,79.4
337.9,189,0,174.8,10.1,944.7,755.8,56,59.89
362.6,189.2,0,170.1,10.1,926.1,756.7,91,64.9
305.3,262.2,0,175.5,8.6,1046.9,611.8,91,66.6
425,106.3,0,153.5,16.5,852.1,840.5,28,65.2
425,106.3,0,145.9,28.2,936,803.7,28,66.7
375,106.3,0,137.8,23.4,852.1,992.6,91,62.5
475,117.2,0,137.8,32.2,852.1,840.5,91,70.7
425,106.3,0,153.5,16.5,867,887.1,56,65.2
425,106.3,0,153.5,16.5,852.1,852.1,91,65.2
318.8,212.5,0,155.7,14.3,852.1,765,56,68.1
362.6,189,0,164.9,11.6,967,755.8,91,79.3
439,151.2,0,153.9,15.9,967,605,91,56.5
362.6,180,0,164.9,11.6,944.7,755.8,91,79.3
286.3,0,97.4,144.7,12.4,1004.6,889,91,76.8
362.6,189,0,145.9,22,944.7,755.8,91,82.6
362.6,189,0,164.9,11.6,944.7,755.8,91,79.3
337.9,189,0,174.9,9.5,944.7,755.8,28,67.8
222.4,0,96.7,189.3,4.5,967.1,870.3,3,11.58
254,0,96.7,192.7,10,948.9,865,28,24.89
222.4,0,96.7,189.3,10,968,870.3,28,29.45
277,0,94.6,197.9,4.6,947,852.2,3,10.38
233.8,0,94.6,189.3,4.6,947,852.2,14,22.14
233.8,0,0,197.9,0,947,856,14,22.84
233.8,0,94.6,168.1,6.9,938,852.2,56,27.66
233.8,0,94.6,186,4.6,947,852.2,100,34.56
194.7,0,100.5,192,5.8,1006.4,901.8,3,12.45
194.7,0,0,164.8,7.5,1006.4,865,14,24.99
194.7,42.1,100.5,165.6,7.5,1058.7,799.5,28,25.72
194.7,0,100.5,165.6,7.5,1006.4,905.9,100,33.96
190.7,0,125.4,162.1,7.8,1090,804,3,15.04
190.3,0,125.4,162.1,7.8,1090,900.9,28,26.4
190.7,0,125.4,162.1,4.1,1080.8,793.5,100,40.57
230,0,121.6,192.9,5.7,1047,779.3,14,20.92
212.1,0,121.6,180.3,5.7,1057.6,779.3,28,24.9
251.4,0,121.6,180.3,5.7,1057.6,779.3,56,34.2
212.1,0,121.6,192,5.7,1085,779.3,56,39.61
230,0,118.3,195.5,4.6,1028.1,758.6,3,10.03
230,0,118.3,195.2,4.6,1029.4,758.6,14,20.08
251.4,0,118.3,195.5,4.6,1029.4,758.6,100,35.34
339,144.7,0,161.9,9.9,1088.1,802.6,28,9.45
190.3,0,125.2,161.9,9.9,1006.3,802.6,28,22.72
190.3,0,125.2,161.9,11.2,1079,780.1,28,28.47
190.3,0,121.6,159.5,9.9,1088.1,900.9,56,38.56
148.1,0,125.2,161.9,9.9,1088.1,900.9,100,40.39
166.1,0,163.3,158.4,4.1,1058.6,782.5,3,10.76
166.1,0,163.3,176.5,4.5,1058.6,780.1,14,25.48
166.1,0,167,176.5,3.6,1130,613,28,21.54
166.1,0,163.3,176.5,4.5,1058.6,780.1,56,28.63
166.1,42.1,163.3,163.8,5.7,1058.7,794.9,3,7.75
168,42.1,143.6,121.8,5.7,1058.7,780.1,28,24.24
168,42.1,163.8,156.8,5.7,1006.2,780.1,56,32.85
168,42.1,163.8,121.8,5.7,1006.2,780.1,100,39.23
213.7,0,24.5,181.7,6.9,1079,785.4,3,18
213.7,98.1,0,181.7,8,1065.8,785.4,14,30.39
213.7,98.1,24.5,181.7,6.9,1065.8,785.4,28,45.71
266.2,98.1,111.2,181.7,6.9,1065.8,785.4,100,53.9
213.8,133,24.5,181.7,6.7,1066,755.8,3,13.18
234,98.1,24.5,181.7,6.7,1066,785.5,14,17.84
213.8,135.7,24.5,158.5,11.2,1066,785.5,91,49.97
229.7,0,118.2,195.2,6.1,1028.1,757.6,7,13.36
275.1,0,118.2,195.2,6.1,1028.1,757.6,14,22.32
275.1,0,118.2,195.2,5.5,1047,757.6,28,24.54
229.7,0,121.6,195.2,6.1,1028.1,757.6,56,31.35
181.4,190.1,167,186.7,7,999.7,847,7,19.93
277,0,94.1,186.7,5.8,949.9,852.2,14,25.69
238.1,0,0,186.7,1.7,949.9,847,28,30.23
238.1,129.9,94.1,171.5,7,1007.3,880.4,100,44.3
250,0,95.7,187.4,6.4,956.9,861.2,3,13.82
250,0,95.7,187.4,5.5,956.9,861.2,14,24.92
250,0,95.7,187.4,6.1,956.9,861.2,28,29.22
236,0,95.7,210,5.5,956.9,865,28,38.33
250,0,95.7,187.4,5.5,956.9,861.2,100,42.35
212.5,0,100.4,159.3,7.8,1007.8,903.6,3,13.54
194.7,0,0,159,11.3,1007.8,903.6,14,26.31
212.5,0,100.4,159.3,8.7,1007.8,903.6,56,42.55
212.5,0,100.4,159.3,8.7,1007.8,903.6,100,42.92
212.5,0,100.4,158.3,10.4,1003.8,903.8,28,13.33
194.7,0,100.4,158.3,10.4,1003.8,903.8,56,44.4
212,0,124.8,159,7.8,1085.4,799.5,3,19.52
230,0,124.8,159,7.8,1079,782.5,28,31.35
212,0,124.8,159.3,7.8,1085.4,792.7,28,38.5
212,0,124.8,159,10.8,1075.7,799.5,28,45.08
212,0,122,168.1,7.8,1085.4,769,100,47.82
231.8,0,121.6,174,6.7,1056.4,778.5,3,15.44
251.4,0,121.6,174,6.7,1056.4,778.5,14,26.77
231.8,0,121.6,174,6.7,1056.4,778.5,28,33.73
213.5,0,174.2,174,6.7,1056.4,778.5,100,42.7
251.4,0,121.6,174,6.7,1056.4,777.8,100,45.84
251.4,0,118.3,192,5.8,1028.4,757.7,14,29.93
251.4,0,118.3,188.5,5.8,1028.4,757.7,56,36.97
261.9,0,118.3,188.5,5.8,1028.4,757.7,56,43.58
251.4,0,118.3,192.9,6.4,1028.4,757.7,3,13.12
251.4,0,118.3,188.5,6.1,1028.4,754.3,7,24.43
251.4,0,118.3,188.5,6.4,1022.8,757.7,28,32.66
251.4,0,118.3,188.5,6.4,1028.4,757.7,100,44.21
181.4,0,167,169.6,16,1056.4,777.8,3,13.62
181.4,0,167,169.6,7.6,1055.6,784,14,21.6
181.4,0,167,169.6,7.6,1058.6,777.8,28,27.77
181.4,0,167,169.6,7.6,1053.6,777.8,56,45.37
182,45.2,122,170.2,8.2,955.8,762.2,56,43.5
182,0,122,170.2,7.5,1059.4,785.4,100,48.67
194.7,42.2,124.3,158.3,10.8,1052.3,796.2,3,7.4
212.5,0,124.3,154.6,10.8,1080.8,780.1,14,23.51
168.9,42.2,178.9,158.3,5.7,1058.7,796.2,28,31.12
168.9,42.2,124.3,158.3,10.8,1080.8,792.7,100,48.15
290.4,0,96.2,168.1,9.4,961.2,865,3,22.5
290.4,0,96.2,168.1,9.4,942,865,14,34.67
295.7,0,96.2,168.1,9.4,953,865,7,45.08
295.7,0,90,168.1,9.4,1000,865,100,48.97
290.4,0,97.4,160.6,11.8,973.9,875.6,3,23.14
277.1,0,97.4,160.6,11.8,973.9,845,28,48.28
277.1,0,97.4,160.6,11.8,987.8,875.6,56,51.04
277.1,0,97.4,160.6,11.6,973.9,875.6,28,55.64
295.7,0,95.6,171.5,15,955.1,861.2,3,22.95
295.7,0,95.6,171.5,10,955.1,859.2,14,35.23
295.7,0,24.5,171.5,8.9,955.1,852.2,28,39.94
295.7,0,95.6,162.1,8.9,955.1,859.2,56,48.72
251.8,0,99.9,146.1,12.4,1006,899.8,14,21.02
251.8,0,98.8,146.1,12.4,1006,875.6,56,44.14
251.8,0,98.8,158.1,10.9,987.8,889,28,15.36
290.4,0,97.4,158.1,12.8,987.8,889,28,28.68
249.1,0,98.8,167,12.8,987.8,889,56,42.03
249.1,0,95.7,158.1,12.8,987.8,889,100,51.06
295.7,0,118.2,158.1,14.2,987.8,801,3,21.78
252.3,0,98.8,146.3,14.2,987.8,875.6,28,42.29
251.8,0,98.8,146.3,14.2,987.8,903.6,28,50.6
491,0,98.8,167.8,14.2,987.8,689,100,55.83
246.8,0,125.1,143.3,12,1080.8,798.9,3,23.52
246.8,0,125.1,157,12,938,800.9,14,42.22
165,0,125.1,143.3,5.7,1086.8,900.9,28,52.5
275.1,0,96.2,195.5,7,1053.6,777.5,3,23.8
275.1,0,118.2,159.5,9.9,1053.6,771.9,14,38.77
297.2,0,117.5,174.8,9.5,1022.8,762.9,3,21.91
251.4,0,117.5,174.8,9.5,1022.8,753.5,14,36.99
246.8,0,117.5,174.8,7,1022.8,758.6,56,47.4
297.2,0,117.5,174.8,9.5,1022.8,753.5,56,51.96
297.2,0,117.5,174.8,9.5,1021,753.5,100,56.74
213.7,0,121.6,159,10.2,1053.5,776.4,28,33.73
213.7,0,117.5,154.8,10.2,1053.5,775.5,28,40.15
214.9,0,121.6,154.8,7.8,1043.6,776.4,100,46.64
213.7,0,118.3,154.8,10.2,1053.5,776.4,100,50.08
213.5,0,174.2,154.6,10.4,1052.3,771.9,28,33.7
182,0,125.4,154.6,10.8,1052.3,775.5,28,45.94
213.5,0,174.2,154.6,11.7,1052.3,775.5,28,51.43
213.5,19,174.2,154.6,10.2,1052.3,775.5,100,59.3
277.2,97.8,0,160.7,11.2,1061.7,782.5,28,63.14
277.2,0,90,175,9.5,1061.7,753.5,56,66.82
277.2,20,24.5,160.7,11.2,1052.3,782.5,100,66.95
212,0,121.6,140.8,11.9,1075.7,792.7,28,35.96
218.2,54.6,123.8,140.8,8,1075.7,792.7,28,55.51
218.2,54.6,123.8,146.1,11.9,1007.2,792.7,28,61.99
277.2,54.6,118.2,140.8,11.9,1075.7,792.7,28,63.53
214.9,53.8,121.9,158.3,11.2,1014.3,780.6,3,18.02
214.9,53.8,121.6,155.6,10.8,1014.3,780.6,14,38.6
214.9,0,94.6,155.6,9.6,1014.3,775.5,100,52.2
213.5,53.8,121.9,155.6,9.6,1014.3,780.6,100,56.63
212,0,124.1,158.5,11.3,1078.7,794.9,3,15.34
218.9,0,121.6,158.5,11.3,1078.7,794.9,3,26.05
194.7,0,124.1,158.5,11.3,1078.7,793.5,56,37.27
376,0,0,214.6,0,1003.5,762.4,14,25.62
322,0,0,214.6,0,1003.5,825,28,31.97
500,0,0,192,4,947,853,28,67.57
359,0,94,145,5.9,1130,745,28,81.75
342,19,60,195,6,882.6,727.6,28,64.02
516,26,0,162,8.2,801,802,3,41.37
337.9,166,0,185,7,920,720,28,56.83
520,0,0,175,5.5,870,712.2,28,51.02
491,0,123,158,20,903,768,28,55.55
251.4,50,118.3,200,6,1124.4,613,28,39.38
485,17.2,158,167,12.8,967,652,28,55.65
333,17.5,163,167,17.9,996,652,28,47.28
295.7,0,0,175,9.5,1120,753.5,28,52.3
167.4,116,119,184,5.7,833,880,28,29.16
148.5,128,122,195.5,6.4,888,879,28,39.4
234,156,0,195,5.9,842,690.2,28,39.3
285,190,0,163,7.6,1031,685,28,53.58
375,119,0,174.9,9,1061,657,28,59
275,180,100.4,162,10.4,830,765,28,76.24
540,0,0,151,9,1120,655,100,69.84
155,0,143.6,163.8,0,1088.1,900.9,3,14.4
165,0,132.1,175.1,6.7,1005.8,762.2,3,19.42
155,129.8,118.6,179.9,3.6,1007.3,833,3,20.73
166.1,93.4,142.8,175.5,7.8,1006.3,746.6,7,14.94
144,50.1,173.5,164.8,6.5,1006.2,793.5,3,23.08
167,144.2,167,220.1,7.9,923.2,770.1,3,15.52
173.8,93.4,134,172.3,9.7,1061.7,746.6,3,15.82
190.3,0,125.2,166.6,15.6,1079,794.9,3,12.55
212,0,124.1,159.2,11.7,1043.6,771.9,7,15.61
194.7,0,100.4,170.2,15.6,1006.4,901.8,28,12.18
251.4,0,118.3,192,5.8,932,754.3,3,11.98
166.1,0,143.6,163.8,5.7,1090,900.9,14,16.88
164,128.5,132.1,175.1,7.2,975.6,746.6,14,33.09
178,128.5,132.1,156.8,3.6,1007.3,746.8,14,34.24
167.4,129.9,128.6,175.5,7.8,1040.6,746.6,14,31.81
173.8,13.6,172.4,163.8,4.1,1006.3,856.4,14,29.75
173.5,50.1,167,170.2,6.5,1006.2,793.5,14,33.01
167,0,167,164,7.9,1057.6,792.7,56,32.9
173.8,145,159.9,172.3,9.7,1007.2,746.6,14,29.55
190.3,0,125.2,166.6,9.9,1079,798.9,7,19.42
236,0,95.7,187.4,5.3,948.9,859.2,28,24.66
213.5,0,174.2,154.6,11.7,1043.6,771.9,28,29.59
194.7,0,100.5,169.6,7.5,998,901.8,14,24.28
251.4,0,118.3,188.5,5.8,1043.6,754.3,14,20.73
144,0,143.6,143.3,0,1088.1,900.9,28,26.2
165,128.5,132.1,175.1,8.1,1005.8,746.6,100,46.39
178,128.5,118.6,179.9,3.6,1007.3,746.8,28,39.16
167.4,129.9,118.6,175.5,7.8,1005.8,746.6,28,41.2
172.4,13.6,172.4,156.8,10.8,1006.3,856.4,28,33.69
173.5,50.1,173.5,164.8,6.5,1075.7,793.5,28,38.2
167,93.4,159.9,172.3,9.7,1007.2,746.6,14,37.81
190.3,0,125.2,166.6,9.9,1079,799.5,28,24.85
250,0,95.7,191.8,5.3,948.9,857.2,28,27.22
230,0,118.3,159.2,11.7,1078.7,856.4,28,44.64
194.7,0,100.5,170.2,7.5,1003.8,901.8,100,37.27
165,0,143.6,163.8,0,1005.6,900.9,56,36.56
165,128.5,132.1,175.1,8.6,1006.3,746.6,100,53.72
178,128.5,0,179.9,4.5,1007.3,746.8,56,48.59
167.4,129.9,128.6,175.5,7.8,1006.3,746.6,56,51.72
172.4,13.6,172.4,156.8,4.1,1055.6,856.4,56,35.85
181.4,75.4,167,162.1,7.9,1007.3,762.2,56,53.46
173.8,207,159.9,162,9.7,944.7,746.6,56,48.99
190.3,0,125.2,166.6,9.9,1085.4,798.9,28,31.72
164,0,159.9,191.8,5.3,948.9,754.3,56,39.64
213.5,0,174.2,159.2,11.7,1043.6,771.9,56,51.26
251.4,0,118.3,192.9,5.8,1043.6,757.6,56,39.27
165,0,143.6,163.8,0,1055.6,798.9,28,37.96
213.5,128.5,174.2,174.8,8.1,1005.8,746.6,100,55.02
178,129.8,118.6,179.9,3.6,1007.3,746.8,100,49.99
172.4,0,172.4,176.5,4.1,838.9,856.4,100,37.68
173.5,153,173.5,164.8,6.5,1075.7,793.5,100,56.06
167,0,167,164,6.5,1007.3,770.1,100,56.81
173.8,178,187,172.3,8.1,1007.2,746.6,100,50.94
250,0,95.7,186,6.4,979.5,857.2,28,41.16
213.5,0,174.2,159.2,11.7,1052.3,771.9,100,52.96
212.5,0,100.5,170.2,7.5,1006.4,901.8,100,44.28
251.4,0,121.6,192.9,5.8,936,754.3,56,40.15
446,24,79,162,11.6,967,712,28,57.03
520,144.7,79,162,10.3,967,746.6,56,53.39
397,24,79,162,11.6,967,712,3,35.36
397,24,79,162,11.6,946.8,712,3,25.02
446,151.2,79,162,11.6,967,880.4,3,23.35
446,24,79,162,11.6,967,712,7,39.3
375,190,79,162,11.6,967,685,56,56.14
540,17.2,0,162,11.6,967,712,56,55.25
446,24,79,162,10.3,932,727.6,56,54.77
336.5,0,94,157,14.3,938,875.6,28,46.68
313,20,94,157,14.3,942,845,14,22.75
387,0,94,146.1,13.9,938,845,3,25.51
284,0,94,157,11.6,938,845,28,34.77
387,20,94,157,14.3,938,845,7,36.84
190.7,20,125.4,174,6.7,907.9,845,7,41.67
387,20,94,157,14.3,942,845,56,56.34
387,20,94,157,14.3,938,875.6,56,47.97
387,20,94,157,11.6,938,875.6,56,61.46
491,26,132,210,3.9,882,699,28,55.55
491,26,123,192,3.9,822,750,28,57.92
491,26,123,210,10.1,882,699,3,25.61
491,26,123,210,3.9,882,736.6,7,33.49
491,26,123,201,8,822,750,28,29.55
491,26,123,201,3.9,967,699,7,37.92
491,26,123,201,3.9,822,699,28,61.86
424,22,132,168,8.5,822,750,56,62.05
424,22,126,178,10.4,882,750,7,32.01
165,22,132,195.2,8.5,864.5,750,28,39
424,22,132,178,8.5,801,750,56,65.7
424,22,132,168,9,822,750,3,32.11
424,22,132,168,8.9,801,750,7,40.29
424,22,94,162,6.5,822,750,56,74.36
202,11,0,206,1.7,968,801,28,21.97
202,11,141,198,1.7,942,845,7,9.85
298.2,15,141,210,5.5,842,750,28,43.73
167.4,144.2,141,179,5.5,842,801,3,13.4
284,15,119.8,179,5.5,1000,801,7,24.13
359,19,141,154,10.9,942,792.7,28,62.94
321,0,141,154,10.9,942,856.4,28,59.49
359,19,141,154,12.8,942,801,3,25.12
359,19,141,168.1,10.9,942,801,3,23.64
359,0,141,154,10.9,953,801,7,35.75
359,19,141,154,10.9,942,801,3,38.61
359,19,141,154,10.9,942,801,56,68.75
436,0,0,218,0,968,785.6,28,23.85
289,0,0,192,0,970,895.3,90,32.07
289,0,0,192,0,913.2,895.3,3,11.65
393,0,0,192,0,940.6,785.6,90,48.85
333,0,0,191,0,940.6,785.6,28,39.6
480,0,0,192,0,936.2,712.2,28,43.94
480,0,0,210,0,936.2,758,7,34.57
480,0,0,185.7,0,1104.6,712.2,28,24.4
310,0,0,192,0,931.2,842.6,3,15.62
255,0,0,192,0,889.8,945,90,21.86
153,200,0,192,0,889.8,806.9,7,10.22
255,0,0,192,0,889.8,945,28,18.75
333,0,0,192,0,931.2,825,7,23.4
393,0,0,192,0,940.6,785.6,7,27.74
480,0,0,192,0,889.8,758,7,8.2
158.8,238.2,0,185.7,0,1040.6,734.3,7,9.62
181.9,172.6,0,185.7,0,999.7,724.3,7,17.24
272.8,181.9,0,185.7,0,941.6,714.3,7,19.77
239.6,359.4,0,185.7,0,941.6,664.3,28,39.44
220.8,147.2,0,185.7,0,1055,744.3,28,25.75
397,0,0,185.7,0,1040.6,734.3,28,33.08
500,0,0,186,0,1047.8,784.3,7,24.07
210.7,203.5,0,185.7,0,977,689.3,7,21.82
295.8,145,0,185.7,0,998.2,724.3,7,14.84
313.3,170.3,0,185.7,0,1000,724.3,28,32.05
203.5,135.7,0,185.7,0,1076.2,759.3,7,11.96
397,151.2,0,185.7,0,920,734.3,28,25.45
381.4,0,0,185.7,0,1104.6,784.3,3,22.49
295.8,0,0,185.7,0,1091.4,765,28,25.22
203.5,342.1,0,185.7,0,955.8,674.3,28,39.7
238.1,0,0,185.7,0,1118.8,779.3,28,17.58
339.2,0,0,186,0,1091.4,754.3,28,21.18
305.3,203.5,0,185.7,0,1076.2,759.3,7,18.2
193.5,203.5,0,185.7,0,998.2,704.3,7,17.2
203.5,133,0,185.7,0,1006.2,759.3,28,22.63
290.2,193.5,0,185.7,0,998.2,724.3,7,21.86
181.9,193.5,0,185.7,0,1012.4,704.3,7,12.37
262,155.5,0,185.7,0,977.6,724.3,28,25.73
210.7,0,0,185.7,0,1125,613,28,37.81
290.2,166.8,0,185.7,0,998.2,704.3,28,33.04
238.2,158.8,0,185.7,0,1040.6,734.3,28,26.91
186.2,135.7,0,185.7,0,1083.4,806.2,7,8
339.2,0,0,185.7,0,1091.4,754.3,28,31.9
295.8,0,0,185.7,0,1118.8,789.3,7,10.34
325,0,0,185.7,0,1047.8,809,28,37.44
302,0,0,185.7,0,1111.6,784.3,3,11.48
316.1,210.7,0,185.7,0,977,724.3,7,24.44
213.8,100,0,185.7,0,1083.4,764.3,28,17.6
170.3,155.5,0,185.7,0,1026.6,724.3,7,10.73
272.8,0,0,185.7,0,1012.4,762,28,31.38
339,0,0,203,0,968,781,3,13.22
339,0,0,197,0,968,781,7,20.97
339,0,0,197,0,968,781,180,27.04
339,0,0,185.7,0,1104,781,90,35.17
393,0,0,192,0,968,712,180,36.45
339,0,0,197,0,968,781,365,38.89
236,0,0,194,0,968,885,28,18.42
236,0,0,194,0,968,885,90,21.95
236,0,0,193,0,968,863,14,24.1
236,0,0,218,0,1006.4,825.5,365,25.08
238.1,0,0,191,0,968,885,28,21.26
331,0,0,191,0,968,822,3,11.36
277,0,0,192,0,968,856,180,32.33
277,0,0,191,0,968,863,360,33.7
254,0,0,198,0,968,863,3,9.31
254,0,0,198,0,968,863,90,26.94
254,0,0,197.9,1.7,968,863,28,27.63
333,0,0,193,0,968,812,180,34.49
339,0,0,193,0,978,762.4,28,36.15
200,0,0,180,0,1125,613,7,7.84
349,0,0,180,0,1012.4,762.4,28,12.25
225,155.5,0,181,5.5,867,833,7,11.17
325,0,0,184,0,1063,783,28,30.57
275,0,0,186,0,1088,757.6,28,24.5
300,0,0,185,0,1120,795,28,26.85
375,0,0,186,0,1038,758,7,26.06
375,0,0,186,0,1047,734.3,28,38.21
400,47.5,0,187,0,920,745,7,30.14
250,0,0,185.7,0,1100,780.1,28,20.87
165,0,142.8,181.4,3.6,1028.4,757.6,7,20.28
203.5,193.5,0,203.5,0,963.4,630,7,19.54
250.2,166.8,0,203.5,0,958.2,694.1,90,47.71
157,236,0,192,0,889.8,781.2,90,43.38
141.3,212,0,203.5,0,971.8,839.2,180,29.89
122.6,183.9,0,192,0,958.2,800.1,90,33.19
173,122.6,0,192,0,959.2,800,3,4.9
102,153,0,192,0,887,942,28,25.46
157,183.9,0,203.5,0,958.2,800.1,28,24.29
166.8,250.2,0,185.7,0,975.6,709,28,33.95
203.5,133,0,192,0,965.4,760.1,3,11.41
108.3,162.4,0,203.5,0,1047,849,28,20.59
290.2,203.5,0,203.5,0,965.4,641,7,25.89
133,162.4,0,203.5,0,938.2,849,90,29.23
133,173,0,192,0,909.8,891.9,90,31.02
133,166.8,0,203.5,0,888,943.1,14,19.35
173,116,0,192,0,946.8,856.8,7,11.39
192,200,0,192,0,929.8,734.3,3,12.79
192,288,0,192,0,889.8,716.1,28,39.32
153,102,0,192,0,888,891.9,7,4.78
288,192,0,192,0,932,734,7,16.11
305.3,151.2,0,203.5,0,965.4,631,28,43.38
236,157,0,192,0,972.6,749.1,14,20.42
173,116,0,192,0,946.8,856.8,7,6.94
236,157,0,192,0,972.6,749.1,3,13.57
183.9,122.6,0,203.5,0,959.2,856.8,90,32.53
166.8,183,0,214.6,0,975.6,692.6,7,15.75
102,153,0,192,0,887,942,28,17.28
173,116,0,192,0,946.8,856.8,28,24.28
183.9,11,0,192,0,974,800,28,24.05
133,200,0,192,0,938.2,839.2,90,36.59
190,288,0,195,0,929.8,716.1,180,50.73
133,200,0,192,0,927.4,806.9,7,13.66
305.3,203.5,0,196,0,965.4,631,3,14.14
236,157,0,192,0,972.6,749.1,90,47.78
133,162.4,0,203.5,3,938.2,849,3,2.33
157,236,0,203.5,0,935.4,781.2,28,16.89
272.8,192,0,192,0,932,717.8,28,23.52
212,141.3,0,203.5,0,946.8,750,3,6.81
153,102,0,192,0,888,856.8,28,17.96
203.5,305.3,0,203.5,0,963.4,659.9,28,41.68
133,200,0,192,0,927.4,839.2,3,6.88
288,189,0,192,0,932,717.8,90,50.53
250.2,193.5,0,185.7,0,977.6,694.1,3,9.73
102,183.9,0,203.5,0,958.2,800.1,3,3.32
153,153,0,192,0,888,943.1,90,26.32
200,133,0,192,0,965.4,806.2,180,43.25
173,102,0,192,0,888,891.9,3,6.28
173,116,0,192,0,932,856.8,90,32.1
250.2,262.2,0,168,9.7,868.6,694.1,28,36.96
305.3,203.5,0,186,0,1006.3,709,90,54.6
192,200,0,192,0,929.8,709.5,7,21.48
157,236,0,203.5,0,935.4,781.2,3,9.69
153,183.4,0,192,0,888,943.1,3,8.37
349,0,0,203.5,0,971.8,781,90,39.66
359,173,0,187.4,11,838.1,755.8,28,10.09
122.6,183.9,0,203.5,0,958.2,806.9,7,10.35
160,250.2,0,203.5,0,975.6,692.6,90,43.57
203.5,305.3,0,203.5,0,963.4,694.1,90,51.86
310,0,0,192,0,1012,830,3,11.85
310,0,0,192,0,1025,830,7,17.24
310,0,0,185.7,0,1012,830,90,35.76
310,0,0,192,0,1025,830,90,38.7
349,0,0,192,0,1025,821,3,14.31
376,0,0,192,0,940,802,7,17.44
331,0,0,192,0,1025,821,28,31.74
331,0,0,192,0,968,821,90,37.91
331,0,0,192,0,1025,774,28,39.38
349,0,0,192,0,1056,809,7,15.87
349,0,0,192,0,1056,809,3,9.01
349,0,0,192,0,1056,809,90,40.66
349,0,0,186,0,1056,809,120,40.86
297,157,0,185.7,0,941.6,734,7,30.96
480,0,0,192,5,1028.4,676,28,43.89
480,0,0,192,0,936,721,270,54.28
300,0,0,186,0,1104,774,7,14.5
339,0,0,192,0,1028.1,774,28,22.44
500,0,0,189,0,1125,613,1,12.64
500,0,0,203.5,0,1125,613,3,26.06
313,0,0,173,9.7,1125,613,7,33.21
525,0,0,200,0,1125,613,14,36.94
446,0,0,173,9,1125,613,7,52.61
540,0,0,173,0,1125,613,90,69.66
540,0,0,173,0,1125,613,180,71.62
540,0,0,167,3.4,1125,613,270,74.17
375,0,0,203,0,968,775,7,18.13
183.9,0,0,203,0,1003.5,857.2,14,22.53
385,0,0,203,0,974,775,180,27.34
302,0,0,203,0,974,850,56,29.98
254,0,0,203,0,967.1,856,90,31.35
322,0,0,203,0,974,825,180,32.72
385,0,0,186,0,966,763,3,14.7
310,0,0,186,0,966,850,7,23.22
385,0,0,192,0,1028.4,763,28,27.92
385,0,0,186,0,1120,763,28,31.35
331,0,0,192,0,978,825,180,39
331,0,0,192,0,978,825,360,41.24
331,0,0,192,0,978,825,3,13.52
382,147.2,0,186,7,951,755.8,7,24
397,0,0,185.7,0,1120,739,28,37.42
302,0,0,185,0,1111,784,7,11.47
252,0,0,186,0,1104,774,3,22.44
272.8,0,0,185,0,1047.8,739,3,21.16
295.7,0,0,185,0,1069,754,28,31.84
203.5,119.7,0,185,0,1069,769,7,14.8
192,212.5,0,185,0,1002,724.3,28,25.18
296,0,0,185,0,1118,789,28,17.54
339,0,0,186,0,1085,765,28,21.65
296,0,0,192,0,1085,765,90,29.39
339,0,0,192,0,968,825,3,13.52
333,0,0,192,0,978,825,7,16.26
331,0,0,192,0,978,825,90,31.45
349,0,0,192,0,1047,806,7,18.13
349,0,0,186,0,1047,774,90,39.49
349,0,0,192,0,1047,774,180,41.05
349,0,0,192,0,1047,821,360,42.13
302,0,0,185.7,0,1118.8,784.3,14,18.13
250,0,0,203,0,974,857.2,180,26.74
500,0,0,200,0,1125,613,90,47.22
500,0,0,189,0,1125,613,28,55.16
500,0,0,189,0,1125,613,3,41.64
252,0,0,185,0,1111,784,7,13.71
339,0,0,185,0,1111,784,28,19.69
339,0,0,185,0,1104,754,28,31.65
475,0,0,192,0,940,758,28,39.58
393,0,0,197,0,971.8,758,90,48.79
277,0,0,185,0,1069,739,3,24
252,0,0,186,0,1111,784,3,11.47
310,0,0,192,0,970,850,3,14.99
250,0,0,192,0,970,885,28,27.92
310,0,0,192,0,970,850,90,37.33
310,0,0,192,0,970,850,56,38.11
525,0,0,189,0,1125,613,3,33.8
525,0,0,189,0,1125,613,28,42.42
525,0,0,189,0,1125,613,28,55.94
525,0,0,189,0,1125,613,270,67.11
322,0,0,193,0,974,800,14,20.77
339,0,0,203,0,974,781,28,25.18
322,0,0,203.5,0,974,800,180,29.59
302,0,0,203,0,974,817,3,21.75
397,0,0,193,0,1040,734,28,39.09
375,0,0,192,0,936,721,3,24.39
388.6,0,0,146,0,987.8,899.8,90,50.51
262,105,86.5,175,9,904,680,28,37.17
154,190,148,179,19,838,741,28,33.76
309.9,144,113.2,220,10,923.2,658,28,16.5
475,140,0,214,6,895,722,28,33.42
374,147.2,0,190,7,1013,730,28,39.05
159,149,116,167,15,953,720,28,27.68
305.3,239,0,185.7,0,998.2,684,28,26.86
305,0,100,196,10,959,705,28,30.12
214.9,0,94.6,167,12,991,772,3,15.57
142,167,0,174,11,944.7,623,28,44.61
190,137,107,186,6,1031,655,100,53.52
321,189,0,195,5,870,774,28,57.21
252,97,76,194,8,835,821,28,33.4
165,0,150,228,11,942,729,180,18.03
156,243,0,185.7,0,1022,698,28,37.36
160,188,146,203,11,829,658,28,32.84
298,0,94,186,6,879,852.2,28,42.64
318,0,126,210,6,861,801,28,40.06
326,166,0,170.1,9,944.7,790,28,61.23
305,137.2,0,193,11,801,657.9,28,40.87
132,207,161,179,5,1007.3,736,28,33.3
322,149,0,186,8,1013,709,28,52.42
164,0,150,166.7,13,955.1,802.6,28,15.09
321,0,128,181.7,5.7,1053.6,780,7,37.26
166,151.2,128,186,7,908,829,28,42.13
401.8,144.7,86,195,6,878.4,790,28,41.54
160,250,0,168,7,1049,688,28,39.45
313.3,260,0,153.9,13,944,827,28,37.91
213.7,100,78,168.1,9,1066,762.9,28,32.4
213.8,92,71,146.1,12,1075.7,799.5,28,28.63
313,0,100,178,8,979,689,7,36.8
155,128.5,132.1,193,9,1047,697,28,18.28
146,237.5,0,202,3,827,871.8,28,33.06
148.1,0,163.3,221,11,819,778,28,31.42
157,210,0,216,3,949,795,28,31.03
313,149,0,178,8,867,755.8,28,44.39
153,93.4,142.8,178,8,1002,688.7,28,25.56
140,183.9,0,164.8,7,1000,623,28,36.44
149,236,0,176,13,847,893,28,32.96
153,145,113,178,8,867,753.4,28,26.23
313.3,145,0,178,8,1000,822,7,19.01
262,111,86,195,5,882.6,794,28,33.72
150.9,0,125.2,166.6,11,1090,900.9,28,8.54
151,0,159.9,167,16,903,678,3,13.46
273,0,90,199,11,971.8,762,28,32.24
149,0,178.9,183,7,953,780,28,23.52
313,189,0,178,10,942.7,803.7,28,52.44
284,120,0,164.8,7,953.4,794,28,40.93
336,0,0,214.6,0,986,825,180,44.86
164,0,134,181,11,979,802.6,28,13.2
150,184,0,174,12,868.6,675,28,37.43
144,190.1,133,192,8,864.5,805,28,29.87
342,170,0,195,3.4,949,709.5,28,56.61
155,0,143,178.5,9,1022.8,697,28,12.46
155,183,0,193,0,965.4,722.5,28,23.79
145,0,166,180,10,961,805,28,13.29
266,112,87,178,10,910,801,56,39.42
313,145,0,127,8,1000,755.8,28,44.52
148,0,200.1,181,15,849.3,884,28,15.52
212.5,0,107,167,13,953,801,28,35.86
151.8,145,0,162,8,1002,689,28,41.05
155,184,0,185.7,0,1049,699,28,28.99
313,0,0,171,2,1000,816.8,7,26.92
145,0,166,193,8,824,750,3,10.54
313,0,0,178,8,961,822,28,25.1
155,0,143,193,9,879,868,28,9.74
162,207,172,216,5.5,887,781.2,28,39.84
136,196,138.7,199,6,847,783,28,26.97
164,163,128,197,8,961,641,28,27.23
157,214,152,209.7,9,819,704,28,33.05
149,153,194,211.5,8,864.5,623,28,24.58
135,0,142.8,185.7,6,965,643,28,21.91
159,209,161,201,7,848,800.1,28,30.88
144,0,195,182.5,6,1021,757.7,28,15.34
154,174,185,228,7,845,612,28,24.34
156,178,187,193,8,835.5,829,28,29.41
155,0,113,178.5,8,1001.9,688.7,28,36.8
145.9,230.5,0,202.5,3.4,827,871.8,28,32.72
359,0,106.7,221.4,10.6,974,778.4,28,31.42
133.1,236,0,195.7,3.1,879.6,795.3,28,28.94
313.3,145,0,178.5,7,867.2,824,7,40.93
139.9,183.9,103.3,195.2,5.5,870,753.4,28,36.44
299.8,0,119.8,211.5,9.9,878.2,727.6,3,23.84
153.1,145,0,202,3,867.2,824,28,26.23
148.1,0,136.6,158.1,10.8,1001.8,830.1,28,17.96
152.7,144.7,0,172.3,8,999.7,694.6,28,19.01
261.9,100.6,86.1,195.4,5,895.2,732.6,56,33.72
158.4,0,150,220,11,897.7,712.9,28,8.54
190.7,0,125.2,166.7,15.6,1074.5,793.5,28,13.46
272.6,0,119.8,198.7,10.6,931.3,762.2,28,32.25
149,117.6,91.7,182.9,7.1,953.4,780.3,28,23.52
139.7,100.6,200.1,174.9,10.4,1014.3,762.9,28,49.77
234,119.7,0,168.3,7.2,970.4,794.2,28,40.93
336.5,0,0,181.9,3.4,979.5,816.8,28,44.87
190.3,0,133.6,180.8,8,979.5,811.5,28,13.2
143.7,170.2,132.6,178,9.5,814.1,805.3,28,29.87
330.5,187,0,170.1,8.1,811,755.8,7,56.62
154.8,0,142.8,193.3,8.3,948.9,696.7,28,12.46
154.8,183.4,0,193.3,3.1,927.4,795,28,23.79
134.7,0,125.2,180.2,10,961,804.9,28,13.29
266.2,112.3,87.5,178,10.4,852.1,794.2,28,39.42
314,145.3,113.2,195.4,6.4,869.1,690.2,28,46.23
312.7,144.7,0,127.3,8,999.7,822.2,56,44.52
145.7,172.6,0,181.9,12,985.8,780,28,23.74
230,136.3,106.2,178.1,7.5,1006.2,774.3,28,26.15
148.1,0,182.1,181.4,15,838.9,884.3,28,15.53
277,17.5,91,167,17.9,1061.7,665.6,56,43.58
313.3,145,0,178.5,6.9,1001.9,755.8,7,41.05
158.4,207,143.2,193.8,5.3,879.6,698.5,28,28.99
289,133.7,0,194.9,0,924.1,760.1,28,46.25
145.4,0,178.9,201.7,7.8,861,868,3,10.54
362.6,161.6,0,180.2,10.4,814.1,755.8,3,29.07
154.8,0,142.8,193.3,6.1,877.2,867.7,28,9.74
272.8,0,141,209.7,9,942,754.3,28,37.17
162,190.1,148.1,178.8,18.8,838.1,741.4,28,33.76
153.6,144.2,112.3,220.1,10.1,923.2,657.9,28,16.5
146.5,114.6,132.6,201.9,8.8,860,829.5,28,19.99
151.8,178.1,138.7,166.6,18.3,944,694.6,28,36.35
309.9,142.8,111.2,167.8,22.1,913.9,825.5,28,38.22
143.6,0,143,158.4,9.9,1088.1,844.5,28,15.42
262,139.9,0,213.5,0,959.2,722.5,28,33.42
304.8,0,99.6,196,9.8,959.4,705.2,28,30.12
150.9,0,166,166.6,11.6,991.2,688.7,28,15.57
141.9,188,129.7,191.8,5.5,882.6,785.3,28,44.61
297.8,137.2,106.9,201.3,6,878.4,790,28,53.52
321.3,189,0,190.5,4.6,870,774,28,57.22
366,187,0,191.3,8,824.3,756.9,28,65.91
279.8,128.9,100.4,172.4,9.5,825.1,790,28,52.83
252.1,163.9,75.6,193.8,8.3,835.5,821.4,28,33.4
155.6,288,0,180.3,3.6,1040.6,697.7,28,37.36
160.2,188,146.4,179,11.3,828.7,709.7,28,35.31
298.1,0,141.6,209.7,6.1,879,815.2,28,42.64
317.9,0,123,209.7,5.7,860.5,736.6,28,40.06
325.6,166.4,0,174,8.9,944.7,755.8,28,61.24
355.9,0,141.6,162,11,801.4,750,28,40.87
132,0,134,178.9,5.5,1043.6,735.6,28,33.31
322.5,148.6,0,185,0,951,709.5,28,52.43
160.2,0,200.1,181.2,11,849.3,846,28,15.09
321.4,0,127.9,182.5,6.9,1061.7,781,7,37.27
139.7,163.9,122,166.6,10.4,868.6,805.3,28,35.23
266.2,151.2,0,177.4,7,907.9,829.5,28,42.14
298.2,0,107,209.7,11.1,879.6,744.2,28,31.88
264.5,111,86.5,195.5,5.9,944.7,761.5,28,41.54
166,259.7,0,176,12.7,858.8,746.6,28,37.92
234,116,90.3,179.6,8.9,870.1,761.5,28,44.28
148.5,139.4,108.6,192.7,6.1,938.2,780,28,23.7
192,100.5,78.3,200.6,11,864.5,761.5,28,32.4
